,request,cost,memory,clients
0,START_TIME,1631664574.808065,128,32
1,73ed4694-2f6b-47b8-89ac-9c86ebce092c,2.0,128,32
2,5ab0feaa-6ca6-45f4-ad2b-73b9fa8d88a7,2.0,128,32
3,257275e0-1ab1-44c8-9d71-1cd10583a25e,2.0,128,32
4,29793963-4ba0-408f-a2bf-194a488179b1,2.0,128,32
5,a531ddb3-c5ac-4b97-853a-3707ce14595d,2.0,128,32
6,b84556ee-18b9-4833-9ec0-2112c3da8815,2.0,128,32
7,7ba98867-a07c-4b7d-b099-5614a1feca55,2.0,128,32
8,fadd9aa2-129c-4b7a-a108-3776beb58d87,2.0,128,32
9,6fae150d-6660-44ea-9123-b478158ef81f,2.0,128,32
10,682fd7de-2b62-4a11-b19a-2858f33a01d9,2.0,128,32
11,b1a538b2-e515-43f3-8221-23e2fb39f144,2.0,128,32
12,6c5f841e-33d9-4417-bed5-f065b2104be4,2.0,128,32
13,cd86375d-0ca4-47ae-8917-7d28fb11b56b,2.0,128,32
14,25fa34df-9e54-4d0d-a40a-b4bb69b0e3a0,2.0,128,32
15,8c7c9b63-a698-48d3-abe8-9fcf3e8e8fbe,2.0,128,32
16,af5882ca-4c43-4715-9093-5e52caf30c5f,2.0,128,32
17,c53974d8-b132-4185-8203-87660ccdf8b1,2.0,128,32
18,6bbcd52a-d261-4aa2-8230-9a3572bc5809,2.0,128,32
19,807ff227-d503-4f20-8fce-0da12dea94fd,2.0,128,32
20,de2ddc0a-5725-4768-89e9-aa3ae6aaa7e7,2.0,128,32
21,a25856c3-fa46-414b-9f66-88379079fce0,2.0,128,32
22,124793c6-d74c-45f0-a982-e9c136190c3f,2.0,128,32
23,3ae193cf-a688-404f-9a1e-9a26e711b627,2.0,128,32
24,3c7435db-f797-438c-9173-7ed6c164bc29,2.0,128,32
25,4b148a9c-31ff-4846-b6e4-c4110bce524d,2.0,128,32
26,049362b7-4c5d-4dc2-a4c7-d901c873f2ab,2.0,128,32
27,543c4d41-67ce-47e4-ad71-8e353bdf7695,2.0,128,32
28,1e4e0580-b77c-4fd2-9755-ae5ed3e5f1ad,2.0,128,32
29,6dbc4545-bba6-4811-b891-1d46ea77df1f,2.0,128,32
30,dc68047c-642b-46ac-bbb5-4f7bdca16b2b,2.0,128,32
31,3adb1d57-3394-4f73-92e5-2ab68a30d1d1,2.0,128,32
32,65efe7d1-bf99-4afa-b23b-3adda83c6862,2.0,128,32
33,ecc54f11-cb35-458e-bc70-420f07c9b35c,2.0,128,32
34,8cc84910-0632-4173-9004-f82b55b5c619,2.0,128,32
35,aa61e95f-c442-4b5d-acc8-b79492a3f9d8,2.0,128,32
36,4e227ab5-16d2-4909-9c39-01edc67ddf44,2.0,128,32
37,3c9e1dec-a03a-4670-8a3a-2d8adccc5c27,2.0,128,32
38,fbf96e78-648f-46c7-a64a-a77749ef7b7f,2.0,128,32
39,2bda91c5-f94d-472e-a76e-94261e6eb835,2.0,128,32
40,5a902f37-3477-46cb-835c-7ae3a50ecbc9,2.0,128,32
41,cd8a10a0-cfae-4792-a15f-083536241db0,2.0,128,32
42,7e5990a9-24d9-4d89-95af-e5487c3ed9a4,2.0,128,32
43,420626db-37b0-4da8-8812-69983f9b3261,2.0,128,32
44,1cc89fc0-2d49-490d-b1fb-4486fcf79f8f,2.0,128,32
45,344f5b55-31fa-43b3-8477-63e91c6f63e0,2.0,128,32
46,fe5bd62f-596f-4e37-85d6-0aa0f098a531,2.0,128,32
47,1c654455-a20c-42f7-a994-454990658768,2.0,128,32
48,6c0979e5-137d-421f-a1b4-8ff706b8c80d,2.0,128,32
49,2543f2cf-a79f-4a61-914c-07af2e670061,2.0,128,32
50,9cd303c2-5776-4e8c-9cf1-832a4716de76,2.0,128,32
51,e0b025a4-5a90-4f31-8bf1-47fcf16e6417,2.0,128,32
52,a2c56207-7714-4e24-8740-5b887273300e,2.0,128,32
53,61dd2fbd-e254-44e0-97fd-ab117b25f6d2,2.0,128,32
54,1714ebb7-d0b7-49d5-bd50-74f6e5dff2a1,2.0,128,32
55,f1ed816a-6ec0-4ab0-9484-09ab324c4f18,2.0,128,32
56,57129fd0-811e-4019-83e3-01f41afc3692,2.0,128,32
57,6d3165e5-d872-4708-a56e-79aabd476105,2.0,128,32
58,7416bdd4-6c0a-4ad9-b151-cad002a77b76,2.0,128,32
59,9f963323-5245-455b-adba-52dc3f711d71,2.0,128,32
60,b805a6c4-16db-47d5-a8d0-ab67cf3ce1f3,2.0,128,32
61,4b97dc6f-5424-402f-9ccd-0608c59b6ecf,2.0,128,32
62,b5a7a2ff-64d5-4992-9f5d-04d45d5c1509,2.0,128,32
63,483fb64e-5156-44b7-861f-04a6f2dbba70,2.0,128,32
64,b828c550-7c06-4855-8648-c1b236f2f86d,2.0,128,32
65,f942aff5-4ce4-4845-b42b-7df6ad7993d6,2.0,128,32
66,c1693d82-9c72-4f77-9f71-1a5c775572d3,2.0,128,32
67,9c598fd4-e3a2-4801-a1b9-85d858ed0a58,2.0,128,32
68,ee2b3424-50c5-483b-bcc4-aa3f443544ad,2.0,128,32
69,8b26df3c-b04e-4398-ac37-0a304c4d9315,2.0,128,32
70,a0259fe8-f0b4-41b4-8e7a-64adff996f4e,2.0,128,32
71,74b96b5e-2f6d-4a2d-8629-41e06838109a,2.0,128,32
72,9fc843ab-4d1d-45c7-bb48-5b6d77f3ea56,2.0,128,32
73,d68e5c10-1f7d-4746-8b95-a7f16b64310b,2.0,128,32
74,ceb3e8d2-a6e5-4a27-b3f2-95813fd444c5,2.0,128,32
75,0abffde6-f515-4197-87df-57c97edf1ba2,2.0,128,32
76,8f9f22b6-e361-4cb9-a846-ab5f4e83613b,2.0,128,32
77,06dbd675-c2a3-4bc9-86ad-d4256bb099f8,2.0,128,32
78,1eb1b2f5-fb84-4439-a543-a3c3f0db2a88,2.0,128,32
79,a325d0d5-c720-460b-8ece-8fed4f3fc394,2.0,128,32
80,84ffca0d-68ce-4dd0-8e42-c02f4ece7d31,2.0,128,32
81,a27b8136-7a67-417c-947f-87b00200e520,2.0,128,32
82,0b640517-e044-48d7-b060-5b07bfba9a94,2.0,128,32
83,856def4f-c08f-423b-ac27-9104fec01f67,2.0,128,32
84,31c6cc9d-f845-4aa3-b00d-daac5d74f57d,2.0,128,32
85,855ba049-df97-4c13-90b3-9b7146417b66,2.0,128,32
86,f16d5736-5c64-4617-bebf-ed0d21a04070,2.0,128,32
87,8ec23477-ae2b-4895-9ad1-ed0aa23ec56a,2.0,128,32
88,fee53156-3a88-44bc-bfb1-2ba63b8e8bd5,2.0,128,32
89,18dd0d8f-234c-498a-b5cb-c2f9ab6daa90,2.0,128,32
90,a2c005fb-ebac-492c-ba3e-152fa030c705,2.0,128,32
91,951ab694-d826-403c-ade4-eb1e76606057,2.0,128,32
92,79c6ec85-f350-44a1-9e3b-bcbf2ff33a17,2.0,128,32
93,e7576008-a1df-4356-b9ab-e28e8488ea28,2.0,128,32
94,d4f3576e-35bc-4669-8691-78c8b3eb22e5,2.0,128,32
95,4d00869e-efda-4d0b-982b-1d5bc1fa8b8f,2.0,128,32
96,5ba891a6-ba1d-4bbd-854a-df7f9af7150e,2.0,128,32
97,0c62dbb3-8f40-4419-b413-25e66f32d385,2.0,128,32
98,91880c89-e1eb-4113-af9a-5207d3aa83da,2.0,128,32
99,1092102e-f1cd-490c-b42c-691f6ebc3234,2.0,128,32
100,55c34f03-2f25-482d-b933-44ee4bb769bd,2.0,128,32
101,da74562c-bf0c-4b55-9663-edbe63475043,2.0,128,32
102,d2496fa0-8687-405a-abbe-98be2965c7e4,2.0,128,32
103,8d27d207-0f48-4525-a7ec-77aba5012c26,2.0,128,32
104,36724bf4-e869-4714-90e5-57ed43dfe587,2.0,128,32
105,63836c79-8fa4-45c2-83a1-c695bff1e1c8,2.0,128,32
106,f8ba9a39-e442-460e-a167-25398e5bcce1,2.0,128,32
107,a73a1c72-a30c-4518-9ab1-0a8fe93516bf,2.0,128,32
108,f5a14344-8c3f-4e47-8792-92901e3309d2,2.0,128,32
109,b3fdda0a-28e7-489d-be1e-8cd200a12e86,2.0,128,32
110,d6e29405-6aba-4ceb-935a-a77c95160886,2.0,128,32
111,END_TIME,1631664660.827284,128,32
112,START_TIME,1631664611.593894,256,32
113,823c2007-3eaf-446d-b264-a4ac78a8e82d,2.0,256,32
114,ee0184ae-15cf-48bc-8fe2-a93122a80c7b,2.0,256,32
115,7317c477-bf9c-480b-b44e-4959eaf0e10a,2.0,256,32
116,f01723d1-ac46-475e-ad02-520c4226ef84,2.0,256,32
117,fd46fa76-0b35-4d45-ab4e-bc37c6acf16f,2.0,256,32
118,5c187111-32ab-4d44-9071-a16a7d585563,2.0,256,32
119,62f08168-d4dc-42c7-b5ae-ec88e9686eb1,2.0,256,32
120,25545be3-3fff-40a6-ac1e-905a5901a60c,2.0,256,32
121,b10d52eb-3062-4dec-a988-a12dc5950de9,2.0,256,32
122,f4a879b4-2644-4c43-8d04-432e86e14eb2,2.0,256,32
123,967d9c20-361b-4f60-a263-8233acb60c51,2.0,256,32
124,bd97856d-4512-4815-b08e-71984640a059,2.0,256,32
125,6d38dc5f-3dca-486d-978f-95c84a842793,2.0,256,32
126,e331b7c2-df95-42d4-87f8-463d71a4fd9e,2.0,256,32
127,59f1cb45-e535-4bb2-be86-d66aa944eaaa,2.0,256,32
128,47c8803e-4363-4d87-b32e-f2696c181beb,2.0,256,32
129,a5588635-0d98-449c-ac4a-76d295d14a2a,2.0,256,32
130,6b090141-5f34-41d4-a24a-094be3fe2ebb,2.0,256,32
131,ffd1ea3b-5d4a-404b-b985-b1a3c2c33505,2.0,256,32
132,422adcf7-f684-4c20-a1ee-216b2b2490c1,2.0,256,32
133,73d23f4c-a5b1-4a65-a38e-07817b84588b,2.0,256,32
134,a8631c26-1c8f-4f0d-8d01-67564e68625b,2.0,256,32
135,0000cb49-f480-407a-b53e-f6d9d5af756a,2.0,256,32
136,62cc3e70-6c0c-448a-8bef-7e7f7d6c2cc4,2.0,256,32
137,3503e570-e293-43b4-8633-ebaae392580a,2.0,256,32
138,c068fd3d-92d9-4aa2-baf1-7d69675bea69,2.0,256,32
139,93716408-c473-4b25-b478-10c27c7045d8,2.0,256,32
140,a3062ca1-8118-4582-a0c1-17ec06bb0fd8,2.0,256,32
141,c2423d69-42c5-4031-b962-fa705afe2383,2.0,256,32
142,c9a1215b-a409-4162-aa08-458c35b12db3,2.0,256,32
143,f7e37527-0fdb-46a2-b09a-d9110753e31d,2.0,256,32
144,7c70dd66-5e9c-45c7-91cb-9a8d7ad95b27,2.0,256,32
145,1ea79ad0-38f9-4440-8e4d-06594faa3aea,2.0,256,32
146,40d31c70-9df9-43cb-ae97-e6d46c997af9,2.0,256,32
147,adb981ae-fcc2-4db1-9f47-96a44d766184,2.0,256,32
148,12d830ff-e8fc-48c5-b959-06c20f7fb2ac,2.0,256,32
149,1b90d421-4676-4821-88d8-c418beba65fe,2.0,256,32
150,09f8222e-cfd3-40e0-a3c4-2443438970e7,2.0,256,32
151,a4cdff18-f065-497f-9d0b-f2b99081c5d0,2.0,256,32
152,dcf13602-f886-4582-a6fe-7aec73a7c51c,2.0,256,32
153,32349ae6-f718-4c28-8de3-71a6ee8441a3,2.0,256,32
154,0b2e39d6-71b7-4e4a-8335-f89551b23a89,2.0,256,32
155,8b3d3c41-e642-4447-b2d3-7a43f1a4ecef,2.0,256,32
156,425e7dd1-6317-4570-9ef4-2ec5e6fcaaed,2.0,256,32
157,a5c688f4-5387-4cc8-983d-022436b21e1f,2.0,256,32
158,05339656-48e3-400b-9539-a90140d6d679,2.0,256,32
159,4453d072-afc4-4eb9-a62d-4b690ff5d0a8,2.0,256,32
160,8c8bbea1-88d9-4e80-a072-e4129e983758,2.0,256,32
161,94b7f876-878f-4700-b0c2-ed06b2eb74ac,2.0,256,32
162,4131a8b0-f9fe-48bd-87fb-2b114f6c6f4b,2.0,256,32
163,6636bbfb-64d6-4a47-9d1f-35a03c8441d6,2.0,256,32
164,3ac7bacd-657a-4ed9-8750-9bd1be90cbb6,2.0,256,32
165,e0d16145-87d7-45d8-8be6-5522d4701783,2.0,256,32
166,7ebf0e5a-8203-42f0-8a2a-6c5aeb2a144d,2.0,256,32
167,866adf0a-b6b6-4a68-9689-22f890c7335c,2.0,256,32
168,53a0aaec-ba2e-4e6c-899e-e47a02363966,2.0,256,32
169,cb85d483-db52-40f4-a4bd-c8af187b4580,2.0,256,32
170,7a8a2182-b74f-406b-98e1-3ac6051bf9a7,2.0,256,32
171,b7011718-6b4a-4bbe-b13d-250f6305d723,2.0,256,32
172,e47c645f-7bdf-4071-a38e-5617bd00bb35,2.0,256,32
173,764de8af-649a-415a-8cee-d8eae4056886,2.0,256,32
174,973fbf2a-66fd-493d-a3bf-14fb42892294,2.0,256,32
175,1b7bc0ef-f6d6-4976-9928-b98bbfcb7ae3,2.0,256,32
176,49c75017-e540-4027-a4c4-cd41981c7ee7,2.0,256,32
177,09eda9d1-2f32-4ef7-bdbb-d2e021424edd,2.0,256,32
178,8a8e176c-ffd8-4848-b619-3f3616ebbb0d,2.0,256,32
179,a2e0b5e7-e2b8-45d5-b724-76b704a91d59,2.0,256,32
180,b92a699b-8028-4e5f-ae14-3c13d3c24ce1,2.0,256,32
181,b12e3102-f8e7-48d5-986c-1db248142a87,2.0,256,32
182,5a18eb9e-01c1-41b2-959b-8bb17b8d5c74,2.0,256,32
183,c6a37b7b-1fd9-499e-9526-e74035bda087,2.0,256,32
184,f3e4e4dd-0972-46f9-aea0-1b870baeedb6,2.0,256,32
185,261ffffb-d317-48dc-8e3d-7146327366b5,2.0,256,32
186,8dc16a46-62a8-47eb-b3d6-244a85ff439e,2.0,256,32
187,5b5878cc-16a4-40c1-9a57-995e910d4b58,2.0,256,32
188,467462ac-98b2-4402-8017-33ec01afbb8d,2.0,256,32
189,86d1a610-b047-4aed-a70f-0357197dc5d1,2.0,256,32
190,bb6ff242-ee72-46d6-854d-4a9119f4c273,2.0,256,32
191,9083df97-9c83-4d01-a67e-a728d9146f8a,2.0,256,32
192,950c5bbb-c666-4318-b342-6fc6dc4f8a26,2.0,256,32
193,ecb0a292-cb21-4abb-8af8-054c297806c3,2.0,256,32
194,2af6ac50-a6b0-4496-a1b7-da69f1b16695,2.0,256,32
195,624d10c4-a6ef-4413-b459-94a27cf19f2c,2.0,256,32
196,a9d674d3-a376-42c8-bb89-b6fdfd8d393b,2.0,256,32
197,968f91f3-f348-45d9-99a7-5f9309bfa62f,2.0,256,32
198,19688b98-80ed-4cb0-8fd8-3a2d92e907c8,2.0,256,32
199,d706f870-8b4d-4349-8229-6844484fb45c,2.0,256,32
200,4e92b62a-e714-4b44-9c48-97b1eaa62e7f,2.0,256,32
201,992f4f0c-f316-4ac8-b548-44ec3c345ee5,2.0,256,32
202,7b8e243d-66ac-40ae-83a3-0e3992c30b7c,2.0,256,32
203,db693e79-355a-452e-bf64-93cf5050698f,2.0,256,32
204,0f8c4e21-9cab-4bd6-b58d-3e2727310038,2.0,256,32
205,f6d86e78-16ca-4077-825c-c63b34d2f6a5,2.0,256,32
206,5882add0-ec6d-4b2f-8dca-94d0d18cee22,2.0,256,32
207,08bc4454-2c72-4e43-8b57-fc421146f3f3,2.0,256,32
208,0f9f8ebb-b021-4b8a-94ec-b8f7ecb4aaa6,2.0,256,32
209,8c1917dc-4102-4b92-b566-5c8405657ca4,2.0,256,32
210,e745f86e-a04a-467f-8023-9d0ca37debde,2.0,256,32
211,4b2ce630-96c8-498f-beda-73ee937bdd91,2.0,256,32
212,648bda70-84d4-4f4d-af09-d097f8decf6b,2.0,256,32
213,68c2c297-cf5c-4a2e-ae41-f2307b775931,2.0,256,32
214,6f406e27-e8db-4724-ad6a-ab803c9f4998,2.0,256,32
215,c39d0c79-68a3-41d7-9173-e04d3de78c8e,2.0,256,32
216,5e2530c2-c9ef-4e79-abcb-adb5dd1ebf9e,2.0,256,32
217,4e754319-ddb3-4392-8f15-acdd9efba9d2,2.0,256,32
218,7ec4e6be-26a1-4c36-aab5-7b49e6ab9728,2.0,256,32
219,2c490e24-f8ae-41f7-bb13-286c9e4ac3e6,2.0,256,32
220,c2a5b913-f70f-4294-91b6-0334b9678e04,2.0,256,32
221,790c81e7-f350-4e8d-9959-3a69558d0e50,2.0,256,32
222,4c78d2cd-62c8-447d-b503-0bb3f64a4d82,2.0,256,32
223,END_TIME,1631664685.033768,256,32
224,START_TIME,1631664635.195659,512,32
225,ca34f75a-b87c-4da5-8b48-1fbca461888b,2.0,512,32
226,85ea0a74-a0ee-4c02-93c6-fa0717bf1351,2.0,512,32
227,f2c612f0-5488-4941-8ad3-61d6e16b198e,2.0,512,32
228,555decbf-201f-4f1e-89a8-8ee90a7a2c27,2.0,512,32
229,81a1e9ea-4ee2-49fa-b179-784b3067bdbb,2.0,512,32
230,5a863ff3-6290-436f-88ca-58e79599becc,2.0,512,32
231,d0e7380c-3793-46d2-97ca-22dc5e0332c3,2.0,512,32
232,37915aaf-3b10-4685-b3ac-5311f3755f41,2.0,512,32
233,b20f4009-db1e-4a23-a82c-b21c0e348081,2.0,512,32
234,73eb58b5-1a1b-4664-b14e-1a076e9911dc,2.0,512,32
235,31152ee1-23c5-47f2-b76a-fe12107f9fd7,2.0,512,32
236,f7690bdc-47f8-4770-9f7e-9cffae7c6dde,2.0,512,32
237,3906e348-32a1-463d-86ce-a9aee55afa59,2.0,512,32
238,dac7e2d2-f145-4708-a9d3-5ba8fa6172f3,2.0,512,32
239,bd25e0bb-c8c8-441a-91bd-08b9d11dd6ca,2.0,512,32
240,acab35c0-e02a-4b47-b511-3416a7e2fe51,2.0,512,32
241,4ea415e2-32f9-4f51-a190-1d2f9b44c733,2.0,512,32
242,cce78b16-f507-4f13-95a1-c3b6703b501d,2.0,512,32
243,3923bd98-5d1a-4b55-bc02-d25cb2bde78e,2.0,512,32
244,1244f647-bf6b-4db0-a416-ca768a8e9f72,2.0,512,32
245,f9f45ed2-0319-40eb-bf4c-09664179abec,2.0,512,32
246,02c00f9d-2f9c-44c6-8982-c76de456af1e,2.0,512,32
247,28390698-2e50-4a71-84a5-a3752323cafa,2.0,512,32
248,5029c59a-cc39-4686-be5d-2a416f37f2b5,2.0,512,32
249,ff2aa361-aa5e-43f0-a424-986480de0900,2.0,512,32
250,d703e780-4d9d-471e-85dd-6cb78aa3fb4e,2.0,512,32
251,2204067d-7bd7-4297-97b4-c4d6c795d83b,2.0,512,32
252,c90d0f29-1e5a-4fd7-8bec-0d843455a136,2.0,512,32
253,361452e8-17ea-494a-966b-8921fb5b567b,2.0,512,32
254,4019a0e7-88c7-4e3e-b826-2dcf319d1965,2.0,512,32
255,98077130-278a-48c0-8138-971078b94eec,2.0,512,32
256,34c5dd5e-4d9c-487a-9334-a4545ba71652,2.0,512,32
257,4a63f049-6db3-4093-be8a-34dea96b31d3,2.0,512,32
258,043487b7-9bca-49b5-a490-210a89d052ec,2.0,512,32
259,0d7ff81c-5b53-43d7-9ff3-9ceead4b7af4,2.0,512,32
260,751041de-4cbd-4ef9-bda5-beb5da417848,2.0,512,32
261,cc83b70c-d4e6-4b53-9d1c-ecc5b317f30c,2.0,512,32
262,55c302f9-37e7-43af-a016-c0a38933df6d,2.0,512,32
263,455fe7b8-acef-4301-befc-4bf7abb01c67,2.0,512,32
264,5848a414-847c-49cf-9b28-2ddf27381324,2.0,512,32
265,88385775-37e2-416a-a659-6ebd03cdc8c2,2.0,512,32
266,f233d99f-1c46-46be-942b-b1201f9c97ec,2.0,512,32
267,182b67f9-4011-4069-a8f2-b124b278757b,2.0,512,32
268,a38901bc-e9bb-4219-8834-8d5b71f42ceb,2.0,512,32
269,6b0ce147-61ce-4e8f-be87-50c0a70e06c5,2.0,512,32
270,2dea2f29-3b95-4b7b-b3c2-f6a223e2f3c4,2.0,512,32
271,0d0c11ad-4413-4f89-a247-8dc3065ede9a,2.0,512,32
272,0cf5fc82-e702-4aa1-a593-2c4f530d4f09,2.0,512,32
273,255b3282-39ac-40ce-8ef8-4ade6cce3788,2.0,512,32
274,ad0d36e8-8102-4908-af86-bdc72156e0ca,2.0,512,32
275,41a8c5d9-52be-4199-8b6d-5c795f812e51,2.0,512,32
276,4f5c58d3-10f3-45b2-8dab-50ee7881bf38,2.0,512,32
277,2993da34-b3cf-481c-9584-8452452703ab,2.0,512,32
278,9670c786-6d8b-492d-a85c-40a8fe0dcadc,2.0,512,32
279,174b1e3f-75ea-4cac-a1a9-499b2268c9e8,2.0,512,32
280,0da930da-a4f6-4669-9eef-23c54d0f6a45,2.0,512,32
281,1a93af9f-2d5e-4431-ab81-e3bb836a7c6b,2.0,512,32
282,7d28ef09-55df-4cef-9b53-04f1de2adcd6,2.0,512,32
283,e4fa0673-afff-498b-9785-61fc9869755d,2.0,512,32
284,aa437ed7-c84f-4ce9-906b-3158a1b0d6bf,2.0,512,32
285,2f9f3729-b36d-446c-a44f-1c71bc4d57bf,2.0,512,32
286,347ac9b4-949a-4e2d-8dfc-e05f7dc6894b,2.0,512,32
287,ff30b106-6048-4e2f-8106-71638cf9d41b,2.0,512,32
288,ac393582-6c90-435c-a880-e0f4b906c9aa,2.0,512,32
289,ae57a239-66a0-412f-93f4-f77cbc606011,2.0,512,32
290,6cfd97a8-dc96-4979-82dd-70b36ecbdbf2,2.0,512,32
291,096693cf-685e-40ba-9309-73aad89c7f75,2.0,512,32
292,b24f4928-5448-4dc7-88f6-fa3767941874,2.0,512,32
293,032383b7-a5b3-4462-8cbe-f0862b976eb9,2.0,512,32
294,faa65570-e53e-40c2-8990-a58280b2d3d9,2.0,512,32
295,802c1ec7-e950-4753-a3c1-53f0ce682395,2.0,512,32
296,44db3327-bb3e-4a57-8e75-7df0e580ca62,2.0,512,32
297,624153f8-dd00-43a7-a213-f8f8a6099938,2.0,512,32
298,a65fcff0-9bb6-40c1-902e-d64213c1c5e4,2.0,512,32
299,246e588c-4a19-4ba8-afa1-7b0fc21f8938,2.0,512,32
300,4772cde6-d400-407b-9788-ba5d71a125f2,2.0,512,32
301,73d6fa9c-991f-4ae3-ab62-3691317fc9ca,2.0,512,32
302,b3330657-990f-4074-b0a4-fbf57c046848,2.0,512,32
303,61269e1d-ed2f-46ee-ab67-dd76df7059d2,2.0,512,32
304,7fdf91be-d097-4a31-805b-ee97afb5c674,2.0,512,32
305,f404f47d-385b-4470-aa8a-44dfa1c7c250,2.0,512,32
306,5fdf067a-202a-47e6-9157-dd5cd60769f8,2.0,512,32
307,a64a0ce8-4d77-4be3-8a62-6c338f338a74,2.0,512,32
308,b0996293-06f1-4f80-acda-ccdd83ffda57,2.0,512,32
309,aebf997a-1112-49af-8aeb-a94babc56db3,2.0,512,32
310,acd71910-0656-4b24-87db-0a4101a474b5,2.0,512,32
311,ffaa5de7-ed26-41da-b516-d056b6ca80ab,2.0,512,32
312,9d0806af-991b-49b9-b423-12434e36ff47,2.0,512,32
313,8720a1d6-451f-46bd-921b-0b73ca031772,2.0,512,32
314,5473f676-b013-4aa6-a3e8-31045cc8a5e9,2.0,512,32
315,79cd48cb-ab08-4278-b0c5-0c38852cd234,2.0,512,32
316,6752f960-fa67-4a05-9821-059164cd856d,2.0,512,32
317,eaf64c30-5b26-4ee4-bdec-5fcf97e2bd92,2.0,512,32
318,cb35ab21-d4de-4dc2-bd75-455270d442f2,2.0,512,32
319,8eb80e7d-144d-4b08-b9ef-b425a4d83044,2.0,512,32
320,c8e8de43-50f2-4bf1-9a7e-b2378ca38904,2.0,512,32
321,d3a8a5ed-2c92-47d8-bbe9-9de7054933ea,2.0,512,32
322,8a323bd3-f38f-496e-b032-be0ec93f816a,2.0,512,32
323,ad6a4613-8d07-4904-819d-0ef0eaa9019a,2.0,512,32
324,4780cd3a-12a7-4749-a925-1b7d65f7f1cf,2.0,512,32
325,4a56e201-0de3-432e-8d00-851d369966b7,2.0,512,32
326,233102d1-d59b-4ff2-8d5e-7cc9d6575fa6,2.0,512,32
327,0e9654bd-c3dc-47b2-bc1b-b62c82e27b26,2.0,512,32
328,42d6bfa0-9ba8-4389-9ed4-ae49d66f5bd6,2.0,512,32
329,d95d58e4-c923-4ad3-a34d-5edf79dd3486,2.0,512,32
330,5e604f26-dbdb-4f6e-ba08-51becd650ea2,2.0,512,32
331,fd886eb3-1eb2-4de9-9755-a8f9d6670c5f,2.0,512,32
332,d332d14a-8082-4424-a7d1-1dbc28bda5df,2.0,512,32
333,ac2c9254-4acc-4e89-8b8b-6974ea8e79a6,2.0,512,32
334,684624e5-7d98-41e1-baf3-8c29e4f57f39,2.0,512,32
335,END_TIME,1631664702.661931,512,32
336,START_TIME,1631664652.802794,1024,32
337,8b95dbd6-e708-4621-b788-a7fdda96b1ed,2.0,1024,32
338,d24c336a-2414-4b03-ba2c-167df1d76601,2.0,1024,32
339,ab9ff861-7a8a-4cf7-95b9-752134efe55d,2.0,1024,32
340,e22e6965-8000-41d2-9802-6b9bc000f56e,2.0,1024,32
341,021b681f-5529-4725-b967-09841cbd16cf,2.0,1024,32
342,d28546a3-9b0d-42a4-b97a-013ecd9e90df,2.0,1024,32
343,47f70fde-2b65-4aa9-b4c0-1b2cde51c98f,2.0,1024,32
344,2ac6bd09-ec54-4c05-bace-cfb14f1ffe79,2.0,1024,32
345,301d5c46-ea6b-45db-a736-d475438fd308,2.0,1024,32
346,271c01e8-0d81-4558-963c-c6f29c999497,2.0,1024,32
347,287da3c9-f450-4b91-b2d0-f3f339b0c798,2.0,1024,32
348,bec68ea0-bc53-4707-afa2-f4828a2fbd5c,2.0,1024,32
349,7ff77163-df87-4250-8b6f-84609c74c078,2.0,1024,32
350,6ee9c408-222f-4b2d-9d04-75ea1e6fd60a,2.0,1024,32
351,1ab93481-5e40-4075-80b2-e2e747a0c168,2.0,1024,32
352,5089c100-7eaa-4bcf-9fa5-b8d3988dc53a,2.0,1024,32
353,2bfd8d0a-3446-42be-9463-c83e48671a35,2.0,1024,32
354,eaa98595-fd54-4ea3-9863-4bf5f31dcc7f,2.0,1024,32
355,fcf16b4d-8b5f-4c02-9d09-e13676d8adff,2.0,1024,32
356,07a60531-e696-4282-9875-489057509a0c,2.0,1024,32
357,0b425125-3d3a-43e5-8eff-8271d4e4fdad,2.0,1024,32
358,73bd4cfe-70c4-4809-973c-ab7083a3d082,2.0,1024,32
359,7098d292-298c-4c05-bac3-d61f92e737dd,2.0,1024,32
360,d4b48c72-be3d-4a8c-bcaa-32109307a049,2.0,1024,32
361,f679bb2c-0012-47b7-a5a8-4dead5deb06f,2.0,1024,32
362,103fdd12-2723-4bab-9387-bbdb99add513,2.0,1024,32
363,79ff4d83-f9ba-492a-9cca-f4975d502019,2.0,1024,32
364,f77c36b0-4e92-44c6-9ad1-ada19def4eee,2.0,1024,32
365,ba4469f1-83bf-4739-8ac3-02b77a32cd9e,2.0,1024,32
366,4ed9bb94-1761-44cb-9179-ffded4e7b7bb,2.0,1024,32
367,47c921ec-a215-436b-a039-190510c0d22c,2.0,1024,32
368,2d927979-1a71-4505-b53d-08f79861041b,2.0,1024,32
369,24024773-c87c-4ee5-ac1b-0a1ea5f1a2c2,2.0,1024,32
370,3470c013-b36d-4aa6-8c84-32616c4b532a,2.0,1024,32
371,8b89f08a-1df4-4000-b569-beb960079623,2.0,1024,32
372,640d26a4-4630-4b56-835f-7fa197a90e22,2.0,1024,32
373,8451746a-99d2-4096-a60b-89cf35cb08d3,2.0,1024,32
374,60e53110-cc6d-425a-885d-d6a77a5dd519,2.0,1024,32
375,f5eafa44-3a35-453c-ac39-13a6fac24623,2.0,1024,32
376,915b7e42-859b-4740-8a1d-d3c3d8907e75,2.0,1024,32
377,e4f63152-7f7a-4d74-9d58-c2e270f749cb,2.0,1024,32
378,e416324c-9145-43a1-b522-6e0f188781a4,2.0,1024,32
379,5feede10-be8b-4e26-a2e5-e68467effd1f,2.0,1024,32
380,5bb5dcb4-5d52-4601-a1d4-eb808d509f9d,2.0,1024,32
381,1ed410e6-f4d3-4b9a-ad83-efd545d57684,2.0,1024,32
382,fb15bfed-ecb5-45f7-9666-23773e116631,2.0,1024,32
383,9c8362a0-ec96-459e-a5b6-1b0434447093,2.0,1024,32
384,656bf8ee-018e-4b59-968c-cc7d3995628e,2.0,1024,32
385,860fa899-86c5-456b-8740-85476de09dd8,2.0,1024,32
386,0ad99b23-6fd4-4915-8866-3011502c4f68,2.0,1024,32
387,bd34aec1-8d31-4ae6-b528-f2be52c3b704,2.0,1024,32
388,ea5c2f09-356b-4363-9f0c-0f1fbac4bc7e,2.0,1024,32
389,f4ca3034-6fc3-4c60-baf3-fa34046c8e3a,2.0,1024,32
390,c62d42a8-4696-45c0-92fd-b3ed2702e990,2.0,1024,32
391,cc62e87c-37f1-446f-bfc3-29baab2e68ce,2.0,1024,32
392,f203b712-ef08-4ff7-b251-22411e008ebf,2.0,1024,32
393,c6616daa-ac0e-495b-85fe-0252340d88d1,2.0,1024,32
394,fb72fca4-02ee-4292-bf75-acbf87bd67c6,2.0,1024,32
395,101caa83-ffed-49f5-8165-660246e5f767,2.0,1024,32
396,409d56a6-c3e3-4bd5-ab28-1185b77cab9e,2.0,1024,32
397,677f20c0-6577-416b-a16c-5158f3689161,2.0,1024,32
398,e5ccf12b-e8ad-476c-9ca8-6ae799b524dd,2.0,1024,32
399,47e9edd1-7fac-4beb-ad64-57a1d4ab28e6,2.0,1024,32
400,b23ceca0-47c9-4868-a77a-79ecac4d97e0,2.0,1024,32
401,74ab9234-e268-4f6c-8cf3-c1e6124277f2,2.0,1024,32
402,158ee5c1-7d05-42ab-8be3-7c01a7bacbce,2.0,1024,32
403,b4d9b809-0c38-4933-90f2-10805b976700,2.0,1024,32
404,3f68016a-eb07-496f-827e-b5d12e8b485e,2.0,1024,32
405,b08c785e-3ed3-49d2-9e26-31baf559d306,2.0,1024,32
406,ddcd804d-f90d-4f60-99d8-3079d64f88f9,2.0,1024,32
407,0948d937-5f7d-4ea0-bcbc-444cfe2719ca,2.0,1024,32
408,a0aea3bc-d864-4d27-8231-1d517b5945f9,2.0,1024,32
409,409d5657-d6e5-460b-966c-e200d787d744,2.0,1024,32
410,cb5d2c5d-6a6a-42d0-b08e-5fe3413bd27a,2.0,1024,32
411,1b20645f-feba-4d2e-9139-de46394c7bec,2.0,1024,32
412,c0a0f12e-fe67-48a6-9053-d711757509e6,2.0,1024,32
413,0225ba40-1e94-4623-88ce-c8279b5516f3,2.0,1024,32
414,721282ff-b038-4bc7-a7a0-a99a7e3ba2d8,2.0,1024,32
415,bdee94a5-6961-45a0-83fb-7356a3a964aa,2.0,1024,32
416,e06ca135-2b95-4e82-b73e-31e16fc146a6,2.0,1024,32
417,61462c3e-179a-437e-b59c-143fb368ff2b,2.0,1024,32
418,44b6ba37-d184-4ecf-93df-55aa0eac2c01,2.0,1024,32
419,818c8628-38df-436f-8ad9-f44aec244379,2.0,1024,32
420,23e68496-0c83-494c-a919-eab5cd5c21c6,2.0,1024,32
421,01723638-9915-4507-9977-53b6d22e85ab,2.0,1024,32
422,66d759c9-dbae-4e06-a730-f42dd1ebf7f2,2.0,1024,32
423,7b6735d6-6fd1-4a9c-89e5-b44f5a69d642,2.0,1024,32
424,4673dcd2-3dae-4f25-8a8a-3d46a9da95a3,2.0,1024,32
425,46a11dce-9c87-410e-a890-5f6a283d414a,2.0,1024,32
426,b557600a-8679-4d8b-adaf-6461a1b32c8c,2.0,1024,32
427,5370ef0c-9f93-4745-b9d7-fb6f682ec9dd,2.0,1024,32
428,d466a685-9b96-44ac-9065-509c91f1db0c,2.0,1024,32
429,bb1bd8ce-7b25-4f10-9920-e9d3673bb092,2.0,1024,32
430,32cccb92-12e6-41c4-8d3d-f90f52673d81,2.0,1024,32
431,5b8a03ed-f1d5-4eb9-9ba0-9a9e18ee53a7,2.0,1024,32
432,76e7ed78-ee1f-49e6-ab0b-38c7a74b91df,2.0,1024,32
433,f8c68c2e-1f21-4776-a6ba-92c9a68b9fdb,2.0,1024,32
434,81b066e7-9652-4a56-8bc9-cf4c625b945a,2.0,1024,32
435,f3f90f18-d313-4132-b2d2-46f7c504fd85,2.0,1024,32
436,5c97ea6f-4525-46e6-9c91-af84c653aec1,2.0,1024,32
437,903a0ce7-c315-4a81-a1e6-7989d859270b,2.0,1024,32
438,f8f7207d-f6a1-4429-bb8e-ab2a0dc6094f,2.0,1024,32
439,40d4332f-183a-485d-9c42-ffc2a0006a79,2.0,1024,32
440,ed64823a-6018-4c40-b4fb-80bba9154468,2.0,1024,32
441,3f2c6b9a-758b-4cd6-b2b0-caaf1b164988,2.0,1024,32
442,7bb2606f-5385-4f31-bab8-2a6c41b0ea03,2.0,1024,32
443,4913093c-f7b6-4f7c-b9ff-3a2b602c9493,2.0,1024,32
444,b9c91366-9637-4a31-9309-b83d73e06235,2.0,1024,32
445,143e1183-88b6-4624-8351-3e7bcede0d77,2.0,1024,32
446,fa69eb87-ccd3-47f1-953d-07389d6c1853,2.0,1024,32
447,END_TIME,1631664718.949532,1024,32
448,START_TIME,1631664669.558942,1536,32
449,063b32e9-0a23-495d-9fca-cb78dd0435ef,2.0,1536,32
450,3a45509c-9e6c-41f9-a1e8-ff6d847bbc12,2.0,1536,32
451,1fdd92e6-f912-4922-a680-5a017099b0d0,2.0,1536,32
452,04b1aa33-f0bd-4eaa-95ab-128b14cff249,2.0,1536,32
453,11c465ea-7407-418f-8a04-cb2db776d7b6,2.0,1536,32
454,21439e47-af98-4c3a-9332-2f8c3dcb07bf,2.0,1536,32
455,d3485419-9c43-426d-afa4-4fabb8c87a24,2.0,1536,32
456,a1487daa-5b45-43d1-a43e-0b482954197f,2.0,1536,32
457,802392e2-9219-4fdf-93cf-01fc3e9d8b51,2.0,1536,32
458,bd7056cd-ef01-433c-80e8-cfbde3792ccb,2.0,1536,32
459,5987dc39-a896-4e08-b2b8-0a8a479aae47,2.0,1536,32
460,58df6f33-064b-4c6e-a5f3-376db3c72258,2.0,1536,32
461,708a2091-c4f8-4589-b263-25cc2990d906,2.0,1536,32
462,6785fce9-1fbc-4d8a-8b61-285128a13096,2.0,1536,32
463,1e28aeeb-b2b9-4c46-9229-4befb3e363e6,2.0,1536,32
464,2713d29d-aec4-40ba-94fb-ec3d5bbcd89a,2.0,1536,32
465,ef13cb00-d387-42b3-b9fe-2f3e3dd1cf99,2.0,1536,32
466,a34b2ff5-4605-4002-b27b-6aa8f2c4e7c3,2.0,1536,32
467,3f246466-aefd-4d13-b9d0-1da146a3682a,2.0,1536,32
468,a9d6568e-7f12-4fc7-94d8-23aa17f71efe,2.0,1536,32
469,31b11768-446a-4bb5-876e-9231b806cd6e,2.0,1536,32
470,affa6eb0-714f-4c4f-a347-4de232ad0dca,2.0,1536,32
471,2c359eaa-3ade-4b5d-9c2f-235e66e0fffc,2.0,1536,32
472,eccf94f8-d22d-4ffb-ae7b-d67c7ca000f5,2.0,1536,32
473,7a0fff2e-9b9d-4361-a1c2-aa70b6b9008b,2.0,1536,32
474,ed61d64c-1e6d-47eb-ab78-c9e4571440eb,2.0,1536,32
475,07b9aff5-3a13-4151-9172-cb55980a6fbf,2.0,1536,32
476,bc3e46c7-54b2-4c7d-b47b-a5ee65320239,2.0,1536,32
477,80e05ad8-bad8-41db-b5dd-26a3be57a741,2.0,1536,32
478,0c49ddae-0439-4d75-bb1e-6a1994fd1c31,2.0,1536,32
479,e0245d35-b156-4698-a7fa-95a02095b264,2.0,1536,32
480,a4f5db8b-8846-494a-8246-7efa22687016,2.0,1536,32
481,a3c2479a-1bdb-4547-9e8f-a660693e03ce,2.0,1536,32
482,86d95bd9-15fd-4480-ae1e-94b7a62fedec,2.0,1536,32
483,628a73b4-7325-41b4-83f1-9c6ee3142c5b,2.0,1536,32
484,19ceee5b-7b4b-4b4d-88f8-2dfdcbce42ef,2.0,1536,32
485,a7b984b4-5ea2-4db9-97fb-a70332b6285d,2.0,1536,32
486,595de397-7a76-4776-862c-948cc6cee832,2.0,1536,32
487,6eec05f9-95cb-47e6-bd1f-6de95812b385,2.0,1536,32
488,f77d7de0-c308-4bdb-8c59-3018deb26f53,2.0,1536,32
489,742f762d-771d-4de1-947f-aba5e03c3f0f,2.0,1536,32
490,ba34e8b6-0afd-402d-a956-09713079a511,2.0,1536,32
491,be2bb00d-278e-48b9-a962-c837c9c08f43,2.0,1536,32
492,a19bb466-a0ec-42ab-b418-9f37f25f995c,2.0,1536,32
493,5b36896d-ce77-44ce-a9a8-79d067071037,2.0,1536,32
494,33048ff2-717f-41ff-802e-82acbd5c5a8f,2.0,1536,32
495,4a5766ac-2652-4ef0-98e9-fa94647ce74f,2.0,1536,32
496,e217b204-7e24-4b11-a1b7-5025235f720a,2.0,1536,32
497,2ae76d41-ccdc-43f7-a96e-6951c2b6ae3f,2.0,1536,32
498,c9a5fc76-83cb-48b7-9f62-cc7c4ec1f50a,2.0,1536,32
499,499a14f7-2171-47fe-957f-666e8a85fc00,2.0,1536,32
500,537820af-b585-4489-b7b5-d1abd1c715a8,2.0,1536,32
501,d55bed2c-d97c-4f14-a37b-8c3afde5763f,2.0,1536,32
502,b3e6afce-4135-405c-b242-31ac97af4467,2.0,1536,32
503,aa76322c-8dd6-4b80-8320-7a3d1ed3bea5,2.0,1536,32
504,cf7cc79a-e539-46ca-b81a-8ca585a0aa85,2.0,1536,32
505,285203b0-b9bb-4a67-8b41-829eeda5349e,2.0,1536,32
506,b85b92a6-1d68-4e2b-8d59-e316f6cc0238,2.0,1536,32
507,cc5fd023-0ca0-4101-8d2c-92940c139e21,2.0,1536,32
508,b9d03233-7b37-4fbe-819c-5b81a7eaf9c1,2.0,1536,32
509,90852bc4-26e3-4965-89c8-572c5213e5f7,2.0,1536,32
510,4c5aa1d5-aaa2-4df2-b9e0-9b43184e9f92,2.0,1536,32
511,317bf012-f685-4adb-94ce-5d5b3244c98a,2.0,1536,32
512,1ef87de7-d45f-4748-91c7-1402104324de,2.0,1536,32
513,c6e5379c-4dee-49c5-828f-9161171d1770,2.0,1536,32
514,b7c1c8b1-c6d5-4f99-8114-e2cde441c5b7,2.0,1536,32
515,19090f78-e40c-42d6-b1d2-c50cce11ca32,2.0,1536,32
516,6793a425-e827-44cb-b138-cd82f6a3df9a,2.0,1536,32
517,73cc35ff-ea2d-46c2-96fa-a6835f8ab91b,2.0,1536,32
518,7b496213-05d8-4eaa-ae1e-84a47202e9a8,2.0,1536,32
519,13021e28-eee0-47d5-9147-f5aa361d98e0,2.0,1536,32
520,f2d0f582-ae58-49c8-b9cb-194ee903e918,2.0,1536,32
521,84cfd939-fb18-497c-8bce-3cc81dd4f208,2.0,1536,32
522,a3f455ea-4ab9-45ba-bde4-00ee975a8b12,2.0,1536,32
523,93605130-5471-4b70-8321-73e526dbb1db,2.0,1536,32
524,2f4cf0fc-7a69-4c4e-8822-5521f99b1b31,2.0,1536,32
525,716985d1-a5ea-4f4f-9694-cde3be7899c4,2.0,1536,32
526,4ea38638-ff28-4742-bd52-8746db4a0437,2.0,1536,32
527,dd95ea32-0382-4ae2-afec-f1ab5726104c,2.0,1536,32
528,e1d76231-f390-4ed5-859e-777ace42bf61,2.0,1536,32
529,33b03243-4066-4b26-82e6-ea747a6fbf7d,2.0,1536,32
530,f29dbdb1-28c7-49fb-a293-387fa997be21,2.0,1536,32
531,db77bea3-d518-4fb7-a08c-dfe487f4e6ab,2.0,1536,32
532,d31a0f0b-415d-4ec9-977d-90a08f95af7b,2.0,1536,32
533,62843e24-e85f-4825-a567-316943a84599,2.0,1536,32
534,26899adf-d7f2-4201-9b46-1964b763d8a0,2.0,1536,32
535,de1e6783-7940-4f22-830b-a4fdbd562121,2.0,1536,32
536,baddc131-e94b-4aa2-9f53-2c3f2ee95c51,2.0,1536,32
537,314ad4e4-7842-4ed0-8e8d-c9f53fe2aadd,2.0,1536,32
538,6345ea8d-4491-444f-925d-78fd293095cf,2.0,1536,32
539,9e8ee870-141b-4cf9-aab0-79b77ef74255,2.0,1536,32
540,978dfd7d-b6f5-4645-b2a3-6a50afeec124,2.0,1536,32
541,e80ca94f-f3cd-45cd-8ba5-584da1bd7744,2.0,1536,32
542,f94fa6d5-0fda-41b9-81f7-acb44fe92ad5,2.0,1536,32
543,fa6a8cf5-816c-45f0-92ca-9c4e06b68550,2.0,1536,32
544,fc1ac0f3-4eae-4ed9-8a88-99d5568467ac,2.0,1536,32
545,e5113f75-75d3-47bd-88e3-c8d0bd43a0e7,2.0,1536,32
546,16d77e2a-3b50-488e-ab95-67a9793a7176,2.0,1536,32
547,c34c1d15-6aec-43c1-b1a3-cb87d0ba36fa,2.0,1536,32
548,79f83ce7-8572-48cb-b0ad-312ea044a513,2.0,1536,32
549,3cc0c8a8-96f6-48ff-9bce-5fd45dc6d2f7,2.0,1536,32
550,a1b8fd25-d5de-4bcc-aa6d-c5812bb8953f,2.0,1536,32
551,8577c895-8a72-4325-b7e4-65fac250c257,2.0,1536,32
552,f0297659-3e1c-4881-9be7-0ac5ebe01fb2,2.0,1536,32
553,f3375ad3-b6a5-4d5f-9958-dfd643db72a8,2.0,1536,32
554,0b13b6b9-e5fd-4cbd-addf-250b47f316d1,2.0,1536,32
555,4dd07b68-07b2-40ef-9e77-326946c1ac80,2.0,1536,32
556,91990b3e-334f-42f1-b046-b45a0b6d706e,2.0,1536,32
557,c6729cac-4fd4-4731-bbf0-e0ea6bddd888,2.0,1536,32
558,f05d09d5-877b-42c1-b776-81334e5efccf,2.0,1536,32
559,END_TIME,1631664733.93621,1536,32
560,START_TIME,1665873278.442072,2048,32
561,d047fcf9-e495-4d53-8598-5f4c5b56707a,2.0,2048,32
562,612d65da-1a6a-481a-a326-92c51a42402d,2.0,2048,32
563,4b87cc7d-0091-45a0-a767-1f4e82036ff6,2.0,2048,32
564,90311039-5ea1-4fc9-a850-6a237b896974,2.0,2048,32
565,71fda090-255a-4867-8685-17daddb9795d,2.0,2048,32
566,ce23d8f6-2e90-43df-a0a5-8d1c236bbe8d,2.0,2048,32
567,3f68ea21-2bf6-46b9-82d0-767a457b0704,2.0,2048,32
568,3d54b315-2493-488a-a53e-0b57544ed2c0,2.0,2048,32
569,a91087ae-47a9-432f-97fb-24de7cdaf610,2.0,2048,32
570,72262fd5-ffa7-404c-bec7-292d0b5bdc93,2.0,2048,32
571,d344ee14-cc7f-4610-a92d-755753eabb8d,2.0,2048,32
572,d8dc7b45-549a-4a16-a0c7-e0f46aac7fc6,2.0,2048,32
573,0e974a0b-f55b-45be-9fbb-4c736ea46e80,2.0,2048,32
574,bc430f50-3319-4ee9-8b9f-1492e981b49d,2.0,2048,32
575,6027a49b-5bad-46ca-a56d-918f0f8b0f1e,2.0,2048,32
576,62fa5f94-737e-4691-9512-8be2352e242d,2.0,2048,32
577,1a124387-f1f4-4cdd-a921-101542a18310,2.0,2048,32
578,35e95ec5-d054-4a21-9373-2244f3197743,2.0,2048,32
579,d593259d-b7fc-41ec-bf2e-ddb4d768a8b5,2.0,2048,32
580,912d01c9-8317-4f52-8288-789aa22e19c0,2.0,2048,32
581,5e3ff2b5-bf7d-4ab3-9e3d-8f0a2e4a1836,2.0,2048,32
582,6d805669-d33b-4ba2-8567-8dcbcc494a01,2.0,2048,32
583,1ceac110-ddf2-4ffb-87a4-5801da26cc3f,2.0,2048,32
584,f0ec3459-fcde-45c0-9d05-7b142052fb63,2.0,2048,32
585,2228625b-630d-4671-a6f9-703810621207,2.0,2048,32
586,97425904-fbb4-478c-acb6-3480251ae77a,2.0,2048,32
587,bcac8429-4bf0-41ed-9095-802639a42000,2.0,2048,32
588,f786a4e9-0a6e-4b59-b66a-782e62c0a31d,2.0,2048,32
589,9c08a080-1f10-445b-b225-96730628716e,2.0,2048,32
590,4f34b0af-fac5-46d3-a3c9-46c6b5e6dd67,2.0,2048,32
591,0cce3eec-16d7-4ed2-9ee8-c5c9de132cdb,2.0,2048,32
592,16fcbfc9-e808-4537-bc17-326dc29246f2,2.0,2048,32
593,faf11742-56d8-4277-904c-06999dd03482,2.0,2048,32
594,e8fd5b48-d4c5-4d5a-9894-f0166d30188b,2.0,2048,32
595,9dc591cb-c937-4e42-b967-dfd7face9b97,2.0,2048,32
596,4b67151d-333f-430f-8fbc-6418fb3e1d50,2.0,2048,32
597,53bb93e1-c6b0-415c-8c51-35390cac6514,2.0,2048,32
598,e234f844-f409-4271-951c-28045ad8e5af,2.0,2048,32
599,17680987-4df6-4fec-a39a-996a4cdc5b15,2.0,2048,32
600,14ee97bb-0fd5-4b2d-8706-6db65135bbf7,2.0,2048,32
601,25927aad-f9d7-4e43-aa92-e5bec0ac5617,2.0,2048,32
602,1718a46e-1d2b-4d79-b1d2-d5a49c807764,2.0,2048,32
603,31452a6f-e319-4be3-833d-b30059562b75,2.0,2048,32
604,dd4fbea8-8d04-49b6-a9cb-7441ba66a564,2.0,2048,32
605,609a8b83-b428-4439-a4ed-f18c85746169,2.0,2048,32
606,26d7ca55-ff37-47ca-84a3-5c55494bfc14,2.0,2048,32
607,7204c705-5fa2-43c7-9d3f-0bdc39b7e595,2.0,2048,32
608,f27dfa7e-1c99-4800-8f0d-391ac2e404bf,2.0,2048,32
609,7537ffe9-068e-4dbe-b080-9a1f38878d90,2.0,2048,32
610,1cd0bd7f-9681-4c1d-a0ee-3bcb40d312cd,2.0,2048,32
611,4e9ae4db-39e1-49c0-8569-9bfce49e00d3,2.0,2048,32
612,b830e156-913d-4400-8a81-6fd2ad039ce0,2.0,2048,32
613,23253d3e-e67b-4c84-bb7f-94ab3352001c,2.0,2048,32
614,ef52a2e1-e743-440d-9d92-a6c4048ee905,2.0,2048,32
615,b99d9b54-d006-476c-8dd7-b7bed0fc9816,2.0,2048,32
616,1bb4f308-22dd-4b2b-af79-baacaa02cb90,2.0,2048,32
617,924b816a-48c3-4fbb-a1bb-14d2bc579214,2.0,2048,32
618,b6ccdb29-0f7f-48d3-becc-ab32f7f7dda6,2.0,2048,32
619,a88e43bb-4b72-48ef-8baf-40a16e8b1880,2.0,2048,32
620,7dd0f31c-8151-422f-8531-33049494d873,2.0,2048,32
621,f77fd07a-0605-4243-9fc4-0e351ecf3ad8,2.0,2048,32
622,e87cc1a1-3211-4acb-a109-f9ceac5c816a,2.0,2048,32
623,bccf20ae-66e7-486d-a6f2-17bfc9f444cd,2.0,2048,32
624,04e8515a-6d79-4947-8625-c34ca6029c29,2.0,2048,32
625,dc2ab8dc-dcf3-4245-a3ae-28ed42970b51,2.0,2048,32
626,6228424c-9249-46d6-9fdf-26c27864d865,2.0,2048,32
627,da3a0a16-4a5d-4d6e-8bea-2d9344df4826,2.0,2048,32
628,1ff6588d-266b-4b51-b876-2779ba8b6070,2.0,2048,32
629,8eb6e641-d665-47ff-925f-c0669601850b,2.0,2048,32
630,c6db7742-7e5c-4def-a627-b0da798ba880,2.0,2048,32
631,030c046c-395b-4b21-bbed-4e88284a12e9,2.0,2048,32
632,ae6c5de5-07a8-4709-9822-823456c92547,2.0,2048,32
633,5c38f50f-065e-40dc-a721-c52a7365fa14,2.0,2048,32
634,d3aeccc5-8b08-48dd-a04f-e50cf0fc68ad,2.0,2048,32
635,37191fcf-d138-4a7a-bbf3-994678327be7,2.0,2048,32
636,9eb93409-a278-40d2-af33-baa12ac422f6,2.0,2048,32
637,133e6104-808f-43e3-9289-dd9df5c8784f,2.0,2048,32
638,af3adaf2-13ad-4fa5-97de-1a1c4c08cd72,2.0,2048,32
639,04274e3a-3dab-4bac-ac7f-027caa952a66,2.0,2048,32
640,0771f75d-5a0a-4aab-8c51-0283ae18ff68,2.0,2048,32
641,434328c5-fdc6-4a8c-8c3c-ca66fdc4dfc3,2.0,2048,32
642,a07d0405-e92e-4a0f-9119-348ee4560435,2.0,2048,32
643,2d733dba-746a-4a31-9e10-978f6828dbc1,2.0,2048,32
644,06df00a0-e680-4dea-8c60-561b81ab7542,2.0,2048,32
645,edf17511-9a03-4a3b-949a-eeba3b8d6736,2.0,2048,32
646,5c2928ca-a45f-4ceb-ac21-7b5a1388d747,2.0,2048,32
647,eb700e9f-677e-453e-8057-7c35153bfdda,2.0,2048,32
648,83464eb9-21ce-486d-8f98-b697803399f5,2.0,2048,32
649,fcd21cd0-a063-457b-bd88-f9fce4940b74,2.0,2048,32
650,374acd8b-5f66-4702-b1b4-b433a84e8963,2.0,2048,32
651,500a4999-2f1a-4829-b6bc-84c29fdf98e7,2.0,2048,32
652,6bca5fb9-44e8-4237-bfbe-5d58990d10ae,2.0,2048,32
653,5c5f7927-6277-4480-a431-720c5f848f8d,2.0,2048,32
654,b3bea1b5-ff02-4953-90ab-aff4d5024359,2.0,2048,32
655,07747d40-30fd-40c6-afdd-18033317fd81,2.0,2048,32
656,63057cd7-ce17-4d08-8335-c37f1787294b,2.0,2048,32
657,6ba8d75f-78e2-46de-b5a0-b55408df8ae6,2.0,2048,32
658,9aba6746-aa9c-4ec5-b1dd-105b3c731809,2.0,2048,32
659,45be425b-422f-426a-bacd-56b659b5cfa6,2.0,2048,32
660,d12a5763-a67f-4981-9eea-b823bc3c11bd,2.0,2048,32
661,1c7f1c4f-2ede-4a70-9ed8-4bd78300408c,2.0,2048,32
662,d4660b61-473f-4a8b-9c00-efc2a046f7e9,2.0,2048,32
663,14682056-fff8-4547-981e-f4bade5e6e54,2.0,2048,32
664,057bc037-7682-4e12-8604-11e446ce4701,2.0,2048,32
665,2788b76d-694e-45d1-9aba-cf987db7bd69,2.0,2048,32
666,54811298-34ba-4108-92f4-a6198f5e7201,2.0,2048,32
667,c9229d19-ba3b-477d-9925-bfcf6605e16e,2.0,2048,32
668,3b76a942-dbe9-46f5-8cd8-6b4a5f039f4e,2.0,2048,32
669,e7bb6ea5-af4b-4b5a-92f0-291d94ca233e,2.0,2048,32
670,706bcc3a-bda8-4597-8ab3-889ac993eeb5,2.0,2048,32
671,END_TIME,1665873342.27106,2048,32
