,time,idx,queue,memory,size,type
0,1644122543.577484,64c959d4-dbb7-4378-95e8-9aef07954dd0,sqs,128,64,send
1,1644122543.5841844,d1faf5c8-591b-4725-a560-b2acc32f87bb,sqs,128,64,send
2,1644122543.5946612,4a9de4c0-2259-4fae-b2f6-8c1c86608b95,sqs,128,64,send
3,1644122543.6008236,5afcf60d-a89c-4408-b893-88c44f1105c0,sqs,128,64,send
4,1644122543.6070433,d2ae1800-345d-42eb-87fc-907720eb709b,sqs,128,64,send
5,1644122543.612645,10b68ee8-971d-4031-91d6-42bf3bbb8bed,sqs,128,64,send
6,1644122543.618463,ccc1da57-89d5-4e36-b3b4-26236e06dc40,sqs,128,64,send
7,1644122543.6294265,5d87309b-f23d-4026-8e0b-af98e6eeb9a8,sqs,128,64,send
8,1644122543.635495,e117f7a9-b0ca-4e98-80d6-9007fbec546c,sqs,128,64,send
9,1644122543.6410322,9b4e41e6-3247-44d0-a89b-ec184763bc3e,sqs,128,64,send
10,1644122543.6483908,a49062f0-7d0d-4e14-b091-e7df2210b20c,sqs,128,64,send
11,1644122543.6550348,09d35d37-698e-4eec-8e8a-e61d6c3018f9,sqs,128,64,send
12,1644122543.6629899,c7d53840-7a3b-4b71-987d-d3cf5c51de88,sqs,128,64,send
13,1644122543.670245,d5bad8e6-67e4-4890-90dc-27e14e3d2163,sqs,128,64,send
14,1644122543.6768699,e5a5fc55-bc7b-4a41-a079-c1b2266b48d7,sqs,128,64,send
15,1644122543.6866145,3d8f5b9b-0c81-4418-b57c-81b579fc4086,sqs,128,64,send
16,1644122543.6967332,2bd74007-39c7-48f0-86be-3817103d17e5,sqs,128,64,send
17,1644122543.706707,7540e6b2-23fa-47d0-930f-06895670d514,sqs,128,64,send
18,1644122543.7142608,abe5651b-12ac-4589-9827-d6d3fa2b4a6e,sqs,128,64,send
19,1644122543.7232265,3ae0b4c0-5f2e-4928-82ad-e0f2e863f8ee,sqs,128,64,send
20,1644122543.7378,727467cd-5823-44d5-a1ed-d61a13252750,sqs,128,64,send
21,1644122543.7436097,56c95a7a-60c5-4634-9d0e-44eecb2e5cb1,sqs,128,64,send
22,1644122543.7497127,885eeb3a-bda3-4693-a6be-f6a74fc1f083,sqs,128,64,send
23,1644122543.7632573,6802ba91-d65e-4739-8bc8-7802bdc1938b,sqs,128,64,send
24,1644122543.769137,00389b35-2b14-46c1-979b-b4b31ad83db2,sqs,128,64,send
25,1644122543.7775319,acf8ff04-3809-4055-8638-5a2b4ab4b3f8,sqs,128,64,send
26,1644122543.786419,44f1040d-1897-4fd0-b009-2fe11bb19170,sqs,128,64,send
27,1644122543.799585,8ba13d8f-66ea-4082-9910-44aa5d36e3fc,sqs,128,64,send
28,1644122543.8062632,ecf6f22c-156a-4edd-9502-4e0137be56d9,sqs,128,64,send
29,1644122543.814083,3fa512e4-75dd-4a54-9f51-7ec85c00c92d,sqs,128,64,send
30,1644122543.8236184,ec44f7c0-0736-4550-8fdf-09b3db44523a,sqs,128,64,send
31,1644122543.8335168,bae33013-484b-48f7-86a2-d612e879cd5c,sqs,128,64,send
32,1644122543.84068,0cc27fb1-efec-42ff-bbed-0adf4df648a9,sqs,128,64,send
33,1644122543.849779,a2d9692b-a827-47d5-81c4-870524d22db8,sqs,128,64,send
34,1644122543.8634017,e0266368-523c-4e0a-8c31-84fa9971a325,sqs,128,64,send
35,1644122543.869612,c7d7df1c-d755-4e97-95c1-6057d2c0f1d2,sqs,128,64,send
36,1644122543.8769531,8835147f-168e-453b-b911-8fd3d2f26a57,sqs,128,64,send
37,1644122543.8859565,3f2ff959-cfbb-4d8c-98de-5930db673dcd,sqs,128,64,send
38,1644122543.894867,622ff594-6e65-4ac5-8e30-be9c31426242,sqs,128,64,send
39,1644122543.9044154,4777c284-65b2-484b-895c-e58e69f5fa68,sqs,128,64,send
40,1644122543.9135664,c91f75b1-c073-497e-a034-d144116d4531,sqs,128,64,send
41,1644122543.9233603,a2910438-ba26-40ec-9dc7-f1ee9fc8aca1,sqs,128,64,send
42,1644122543.9310627,ec084eb0-1b6e-4b61-b0da-0b448dee3166,sqs,128,64,send
43,1644122543.9412134,a1d86409-d162-4c05-9524-82e5fbfa0537,sqs,128,64,send
44,1644122543.9544015,efa38369-3ed2-4b95-9f55-bf65ba382207,sqs,128,64,send
45,1644122543.9615307,dd6ca676-781f-4b08-a88f-b5d32bb6b07e,sqs,128,64,send
46,1644122543.9718273,af67d1d7-8464-4a54-beb2-4060b110afd8,sqs,128,64,send
47,1644122543.978085,bbc7ed3d-1c0c-4ddb-ad23-b5ffb52ef265,sqs,128,64,send
48,1644122543.9868243,9f3e2904-af74-4cfd-9507-45b0e30cf46c,sqs,128,64,send
49,1644122543.995362,a2c33e58-6fa3-43eb-ae7a-ed19ce41f36b,sqs,128,64,send
50,1644122544.004374,d8d05a57-d7df-414d-b6e7-fcc8c0f3f704,sqs,128,64,send
51,1644122544.0166814,2e47c22d-1cab-4aa3-b1e5-1e643f7520db,sqs,128,64,send
52,1644122544.0620475,eb7cbc00-cb0c-42d7-844b-c5d9338ed69f,sqs,128,64,send
53,1644122544.075186,0378e749-740e-449e-ae1e-945e161dd84b,sqs,128,64,send
54,1644122544.081888,5887eab4-aee9-4731-8b39-142a07656716,sqs,128,64,send
55,1644122544.0885134,f7e9d32a-3229-4386-aa90-d9c758283394,sqs,128,64,send
56,1644122544.0950732,e0a68af5-3c59-428a-8901-0c92246d8bf0,sqs,128,64,send
57,1644122544.1005936,5b5938c4-29a5-44df-82da-0f2850439dee,sqs,128,64,send
58,1644122544.1072,3ad26f3c-69df-418c-a5c8-c70c202b751a,sqs,128,64,send
59,1644122544.1139233,ce1992fa-1d38-4810-93b9-f3625a88887f,sqs,128,64,send
60,1644122544.1197855,4295b4d8-0e18-4a09-8653-79fa2bdf2e19,sqs,128,64,send
61,1644122544.1269753,3a363b7f-fd34-4c80-a942-6f3fbb09de52,sqs,128,64,send
62,1644122544.133076,d35834b5-820c-46b8-a2e3-d0acdd59e2fd,sqs,128,64,send
63,1644122544.1389832,225a9253-27e3-41b0-919f-acdade280ea1,sqs,128,64,send
64,1644122544.1449578,85ad9e69-c4cc-47dd-9985-f38672243749,sqs,128,64,send
65,1644122544.152816,643dd4b5-17ac-462d-a5ca-d10ad4308e47,sqs,128,64,send
66,1644122544.1585124,6b371f13-25c2-425b-851b-cc0c92a4befc,sqs,128,64,send
67,1644122544.1649363,fd8c9d3c-1da0-40fa-8329-803dcd5e3c23,sqs,128,64,send
68,1644122544.1705368,815c98ac-ebea-4814-a918-a64a6bdafce2,sqs,128,64,send
69,1644122544.177637,12650078-e88a-41af-8552-a470ca176b36,sqs,128,64,send
70,1644122544.1936069,d7608502-534e-4729-91e2-ab2d26380dc3,sqs,128,64,send
71,1644122544.2001026,58fd279a-7ad3-46a1-920e-e2fa2020ced8,sqs,128,64,send
72,1644122544.2056754,51b5a011-a081-4eae-9234-5420bda69694,sqs,128,64,send
73,1644122544.216856,69b89076-9edc-4c1c-9c1d-ba7763df4d64,sqs,128,64,send
74,1644122544.2231655,708b2e47-d00f-4846-853e-b66c3eb62dfc,sqs,128,64,send
75,1644122544.2324433,ac20984a-df81-4b4d-ae1c-57eaec64ee0c,sqs,128,64,send
76,1644122544.241168,66ad256b-5274-4f34-a36a-564f22b951bc,sqs,128,64,send
77,1644122544.2496965,7c7c0669-3566-416f-b290-edd3236f0a2c,sqs,128,64,send
78,1644122544.2616277,8d5d11a8-71b5-4ecc-95eb-97cd78f0ee08,sqs,128,64,send
79,1644122544.2912831,39170197-bc7b-4ffa-9d49-5f644ccb885e,sqs,128,64,send
80,1644122544.2997038,fe59e70a-d81e-4522-89fe-b91b33b41fcd,sqs,128,64,send
81,1644122544.311263,d44fba4c-1cc1-435c-a9be-995adc759110,sqs,128,64,send
82,1644122544.3169138,449b5bb7-25cd-4208-8268-24fb6352f261,sqs,128,64,send
83,1644122544.323608,cb51643c-2251-43c7-87e5-2b481b44496a,sqs,128,64,send
84,1644122544.33401,0c8c05db-9d48-43ce-afee-996cbdea32e2,sqs,128,64,send
85,1644122544.343684,197c8915-ab56-4f5f-8e4c-f1e14ae23a78,sqs,128,64,send
86,1644122544.3505738,e82fa238-c451-48f9-9d53-77a9996c4c0b,sqs,128,64,send
87,1644122544.3620446,77268f5c-4989-4ca2-a2fa-9c2f8f9c1454,sqs,128,64,send
88,1644122544.3677204,68d69757-a05a-4e8a-ab94-80a1fa037e1f,sqs,128,64,send
89,1644122544.375117,4446843d-f514-4821-b5f6-a55ee186fd85,sqs,128,64,send
90,1644122544.3839076,a07a84b1-ae55-49f7-b57a-fcb0d72b7f6d,sqs,128,64,send
91,1644122544.3902276,c4ae093d-9a65-454c-bb64-ce12deab77d3,sqs,128,64,send
92,1644122544.3968477,c1a149ea-5654-4647-b2c0-e5e9a2aeae35,sqs,128,64,send
93,1644122544.40515,a41d5855-38c0-4fdf-8ac8-0c6bd6b12c8e,sqs,128,64,send
94,1644122544.4110377,dc68ee2d-6b80-4665-99df-b2cda9627248,sqs,128,64,send
95,1644122544.417993,9ab63c22-425a-4a56-b26c-7d34c312ee3a,sqs,128,64,send
96,1644122544.4252656,6ec9f9b1-f898-4c3c-964c-9f9680462f71,sqs,128,64,send
97,1644122544.435752,85e898c9-5762-4adb-81ba-06bcd9fd26a5,sqs,128,64,send
98,1644122544.44268,9bffe460-af41-461f-8c14-1d38a448b6c1,sqs,128,64,send
99,1644122544.4517562,3e248ce2-9d40-4fb3-9304-09e3eb995304,sqs,128,64,send
100,1644122544.462212,8cf2482f-e5ec-48b1-86ea-afcd0255b12e,sqs,128,64,send
101,1644122544.4689164,3a928085-e6e9-49a4-906c-910be94cd7bb,sqs,128,64,send
102,1644122544.4769282,6b1f8aa6-c3a1-414f-b4c0-c474f72344d1,sqs,128,64,send
103,1644122544.4862626,9f38a431-ca96-43e1-9b6e-73700002da73,sqs,128,64,send
104,1644122544.4952295,443c6626-3521-4fcc-abfe-0425acd339d1,sqs,128,64,send
105,1644122544.5039098,6c81331c-b718-4249-84fa-77263389d4c6,sqs,128,64,send
106,1644122544.512955,e668b118-71f9-4c98-9335-2b37dd6e7543,sqs,128,64,send
107,1644122544.5229344,e735981c-ffcd-41c7-bbf9-eeaf5946cdfa,sqs,128,64,send
108,1644122544.5359023,2fc58077-0869-4e45-aac3-b8cfa71283d1,sqs,128,64,send
109,1644122544.5430398,ad54ccd9-96f6-4869-96a4-cc49844c9d54,sqs,128,64,send
110,1644122544.5536103,8bf010de-c1c1-4079-8b56-a0a3a471e52c,sqs,128,64,send
111,1644122544.559657,4e9767c3-2e05-4883-a0bc-d2ba021b29ed,sqs,128,64,send
112,1644122544.5686738,2647b7cb-3e29-4f00-826a-81e9a6ad990f,sqs,128,64,send
113,1644122544.5780818,2dfd9917-5b21-4642-a94d-e265b0ec7f96,sqs,128,64,send
114,1644122544.586313,614461a5-b429-43b1-a8ce-48511a94cdd8,sqs,128,64,send
115,1644122544.595743,39d2f28b-0164-4267-ac91-c96931b3d9f1,sqs,128,64,send
116,1644122544.6037524,a3bbf88e-c446-4314-988c-8b241a79f6a4,sqs,128,64,send
117,1644122544.614181,25b1e08a-4937-4f62-82ca-4af9e48e9f3e,sqs,128,64,send
118,1644122544.6217897,3fb8c8a5-1c6a-4945-b292-abd640495ae0,sqs,128,64,send
119,1644122544.6317847,e13e7dbb-6809-4161-8419-7ec297da959e,sqs,128,64,send
120,1644122544.643597,e6bcefc3-4f31-4146-a006-a2789552a524,sqs,128,64,send
121,1644122544.6493642,cc9c596d-dfdb-499b-8943-b67b5131959a,sqs,128,64,send
122,1644122544.658988,ba5236f0-2113-4d76-91fb-db6a387fc1e3,sqs,128,64,send
123,1644122544.668686,847c782c-0620-4ba6-996f-f8ccfaccafb3,sqs,128,64,send
124,1644122544.6800377,b723a0fe-cb35-498f-b029-514e62b447f7,sqs,128,64,send
125,1644122544.6860998,2010ed01-fae3-44fd-b8e1-b4b196e9b73d,sqs,128,64,send
126,1644122544.701546,19c81271-e47b-41a9-881a-371b5fe30aae,sqs,128,64,send
127,1644122544.7090342,f1711f17-7b7e-485d-bff8-e5a47b0179a4,sqs,128,64,send
128,1644122544.7161412,768abbc7-a1cc-46a5-9db5-36e885f4ac76,sqs,128,64,send
129,1644122544.7221458,1212e724-bdbe-4024-bd35-f928c272408b,sqs,128,64,send
130,1644122544.7309766,6f29b3e2-8d71-4a0e-9774-4cc2950d2351,sqs,128,64,send
131,1644122544.7441769,8008f123-f4d5-45e6-9753-8104519f61f9,sqs,128,64,send
132,1644122544.7501602,ece29fa2-76e3-404c-9c57-4140d70ad2d3,sqs,128,64,send
133,1644122544.7593994,ee960e56-305b-4642-adf4-749ca36d7f3b,sqs,128,64,send
134,1644122544.7682383,6e3d3672-1848-4a40-b350-caadb49b1e57,sqs,128,64,send
135,1644122544.7806664,437fdc6e-5dc4-4cf8-bb19-55337de37777,sqs,128,64,send
136,1644122544.790842,a7b66395-1469-41cb-bc4d-a7e1029e1942,sqs,128,64,send
137,1644122544.7965205,37d77c43-0c12-42fe-a600-c95a6ad87784,sqs,128,64,send
138,1644122544.8074653,a4e03e4a-91cb-4c9e-9ff0-49a29d118b8d,sqs,128,64,send
139,1644122544.8134458,e39194fb-e1d4-486e-8584-1233eec0f739,sqs,128,64,send
140,1644122544.822929,799f8dc9-7522-492e-9de2-33530b4b9160,sqs,128,64,send
141,1644122544.8327327,f6113453-ea2f-4d20-8504-a56389fb15b9,sqs,128,64,send
142,1644122544.843771,a86a1d3c-913c-4bda-8692-c3e879aed594,sqs,128,64,send
143,1644122544.850284,ded140c8-3d02-4ebc-869c-7c46000ace1f,sqs,128,64,send
144,1644122544.858925,1248dae3-a436-4fcb-a8f7-4482300c8d4b,sqs,128,64,send
145,1644122544.868453,bccb59d9-67c5-44eb-9cd5-8ff7e9575874,sqs,128,64,send
146,1644122544.8778956,1eb88253-b1f2-4f10-8838-f7ebd71a9cf5,sqs,128,64,send
147,1644122544.8925872,87f6c748-d979-48a8-8f76-4feba18b2a67,sqs,128,64,send
148,1644122544.9064562,797c000e-0f4c-4c1e-935c-f3b04a905776,sqs,128,64,send
149,1644122544.9119337,17683f4c-107a-4206-a580-0bd2f598dcb2,sqs,128,64,send
150,1644122544.9186978,deb2c77a-2105-4c92-a082-8ae6567827db,sqs,128,64,send
151,1644122544.924567,8373294a-923f-4764-a163-fddc88d6c3a2,sqs,128,64,send
152,1644122544.9323454,67f6f904-12d3-411b-aeac-d28afdecb122,sqs,128,64,send
153,1644122544.9415586,e4318571-3dee-41dc-93d5-08294f833590,sqs,128,64,send
154,1644122544.9506269,e90e8a96-fa0d-4e92-b113-26e984ef0611,sqs,128,64,send
155,1644122544.962972,a97f71b5-6e9b-487c-bc92-de8d16ac1486,sqs,128,64,send
156,1644122544.9683938,eafd4682-4fa2-4b2c-9422-6ef2967b4555,sqs,128,64,send
157,1644122544.9800315,bd6cf688-549d-4df8-8cb0-5e8ed0bfabf5,sqs,128,64,send
158,1644122544.9854145,fc6a501b-e9bd-490c-8cdf-7a3c30f9d952,sqs,128,64,send
159,1644122545.0174243,482975cc-0624-46c1-b256-2023807ffeae,sqs,128,64,send
160,1644122545.0229104,af7f5806-3920-4065-9e02-72d970bd59e6,sqs,128,64,send
161,1644122545.0283198,7d0a4c6d-19ad-44f1-b796-2c1792b47b3f,sqs,128,64,send
162,1644122545.0354338,ac29eea3-b434-47d7-bdfc-369c920c9658,sqs,128,64,send
163,1644122545.0419612,7d7c8baf-2028-4431-95b4-6568a06bd266,sqs,128,64,send
164,1644122545.0483902,01292226-4e35-44ed-88a8-9ca58ead4b5a,sqs,128,64,send
165,1644122545.0543945,b65f31f5-18fd-41e6-ae45-384097f57429,sqs,128,64,send
166,1644122545.060545,ae66e14e-85a9-4b65-8000-4e50fc8d2a80,sqs,128,64,send
167,1644122545.067854,1a71d83a-5aa4-4dc7-ac74-f7fa8a20b89b,sqs,128,64,send
168,1644122545.082162,72c7475c-a134-4b9c-841c-d4cf87329c39,sqs,128,64,send
169,1644122545.0912945,953bcfa4-b176-4852-a3e0-32f5b85dd799,sqs,128,64,send
170,1644122545.0978856,02153206-96c4-4822-b05c-74ab6d6540fd,sqs,128,64,send
171,1644122545.1044688,9d0c807f-fbac-4f04-978a-ccd127c8e54d,sqs,128,64,send
172,1644122545.1139123,7d576006-9d9e-4345-b473-5def09214ff5,sqs,128,64,send
173,1644122545.1232874,6a10c329-6fa6-4a6f-9eb2-e6574cbc80b3,sqs,128,64,send
174,1644122545.1330638,4067d292-1b40-40d3-8ed3-97c6a19fc442,sqs,128,64,send
175,1644122545.141381,7cee18a3-126d-481c-9421-a8cc45b067b3,sqs,128,64,send
176,1644122545.1511946,a7c1cfca-b41f-4229-a814-2c50adc19223,sqs,128,64,send
177,1644122545.1640952,40114d9e-86ac-4004-b514-38f3c7dafb67,sqs,128,64,send
178,1644122545.1935594,6af61541-35cb-4f4b-87b2-eb861080a227,sqs,128,64,send
179,1644122545.200152,29ffbfa2-2d86-437f-bcca-dba01ad69a7c,sqs,128,64,send
180,1644122545.206291,d5795718-2416-4d33-8af9-d3f4d2108ca0,sqs,128,64,send
181,1644122545.2121663,e2a751bc-ed33-475d-ab87-7fe77596db99,sqs,128,64,send
182,1644122545.225986,028e14b5-226c-4095-afd6-d59985a442da,sqs,128,64,send
183,1644122545.2332242,5f89561c-dd48-413d-80d7-924eee6f11bd,sqs,128,64,send
184,1644122545.2415094,f4ccfa63-6620-46ff-abd0-086544f935f6,sqs,128,64,send
185,1644122545.2473092,318ba6f6-b371-4a9a-91b0-7db191960ffa,sqs,128,64,send
186,1644122545.256349,17042b80-04e6-46fd-9045-be106fb0cd96,sqs,128,64,send
187,1644122545.2662423,affccc31-c71c-4069-aa50-16c408444f66,sqs,128,64,send
188,1644122545.2727368,ea35359e-1fa4-489b-aefa-f538168f417c,sqs,128,64,send
189,1644122545.2795706,30f60cc1-bf65-46d5-a8ac-ac68a7e02a29,sqs,128,64,send
190,1644122545.286158,600f4e80-fcd0-4904-b064-ec9fd253e44b,sqs,128,64,send
191,1644122545.2925591,b0763cf1-e79e-4e8f-bade-f2a937a321b4,sqs,128,64,send
192,1644122545.2981312,f970b00e-3cd9-4b43-ac27-371619bd2599,sqs,128,64,send
193,1644122545.3043551,2c697468-1236-4c3f-8b46-2fd12ccdb9b1,sqs,128,64,send
194,1644122545.3144104,0e37521b-603e-46f9-99fc-338c78201dd4,sqs,128,64,send
195,1644122545.323104,66554a1f-b913-4ec8-aea3-eb562dc74ccc,sqs,128,64,send
196,1644122545.3310697,af060c87-427f-4861-8a8f-f09a074696bc,sqs,128,64,send
197,1644122545.340912,828932d0-05fb-43ce-bded-de727378a012,sqs,128,64,send
198,1644122545.3494601,b8d3cbb8-3368-4669-9457-118a8f3498ef,sqs,128,64,send
199,1644122545.3585904,f2853bd2-b96e-47dc-a674-99b3fbdc5f8d,sqs,128,64,send
200,1644122545.3681266,0b7aa26f-b6f5-48bc-8c17-ce5a29ca6aac,sqs,128,64,send
201,1644122545.3766332,638cb900-7e56-4ffe-8046-0f781cee8c28,sqs,128,64,send
202,1644122545.3904207,55f252b1-3309-48a3-aa12-197c0057f4d7,sqs,128,64,send
203,1644122545.3960795,a647f7e2-907d-43e3-8715-acbab4bbe98d,sqs,128,64,send
204,1644122545.40517,76585918-4130-445b-92cb-7d9f6390c88f,sqs,128,64,send
205,1644122545.4132092,71a78de9-f51a-4e3b-8d2e-d98765348c5b,sqs,128,64,send
206,1644122545.4258862,ffd610c6-df73-48f1-a428-b291d46bb24d,sqs,128,64,send
207,1644122545.4324253,82b828d5-b496-4adb-9b75-e728df4037d0,sqs,128,64,send
208,1644122545.4413896,595e3161-c148-4566-9a54-8b166861fef5,sqs,128,64,send
209,1644122545.4504092,5e07dcda-89c2-4c9f-a1da-3de2d8474aad,sqs,128,64,send
210,1644122545.461669,8fd9db41-d924-44a7-b0bb-d8f4e103ae2b,sqs,128,64,send
211,1644122545.4675226,d3c794d9-c670-400f-a856-ef880fa019a0,sqs,128,64,send
212,1644122545.4781303,c950dd87-d7f6-4e45-9715-920c9c84192e,sqs,128,64,send
213,1644122545.486384,aac64157-a6ce-4b86-b8d6-e4fdc9d9f53b,sqs,128,64,send
214,1644122545.4949448,c0c95f7e-f347-446b-8ee6-5f2aeff87d5a,sqs,128,64,send
215,1644122545.5050611,37d8c0c2-1a9a-43c9-8ef7-85547d372f74,sqs,128,64,send
216,1644122545.5152376,a4a5969b-6c88-4147-8ae7-07e7189001a4,sqs,128,64,send
217,1644122545.5222597,b2106b0a-bbbc-47ca-b63e-1ccda5f96ad9,sqs,128,64,send
218,1644122545.531955,0ea478f0-8bfb-404f-b322-66ecdff87330,sqs,128,64,send
219,1644122545.541394,fd2b6239-3439-44b0-a9e4-42f12de8a218,sqs,128,64,send
220,1644122545.5498538,12288fc0-7bba-4de6-a057-4b33d9cdbf50,sqs,128,64,send
221,1644122545.5595684,bf936d71-2573-4d9e-b5fd-fccbff93b182,sqs,128,64,send
222,1644122545.5679512,a9faf629-0a0f-4099-816c-34f72485a211,sqs,128,64,send
223,1644122545.5777247,4f87ba79-2ca8-448a-b6eb-c8d33ff975ee,sqs,128,64,send
224,1644122545.5865092,d56942dd-d90e-4bdc-a6ed-3928a2018838,sqs,128,64,send
225,1644122545.5952876,ee7a9df9-0cad-422b-a257-2de483db5a40,sqs,128,64,send
226,1644122545.60731,7b2750ef-7c72-4d69-a87f-3f61efd0dc5e,sqs,128,64,send
227,1644122545.6127264,14fcd6ee-be1e-4d9a-98e7-90d3026b9e53,sqs,128,64,send
228,1644122545.622504,c760447a-fd36-4c78-9107-11348a88b3e9,sqs,128,64,send
229,1644122545.6312184,090b173c-d133-474e-a334-cb8b015af432,sqs,128,64,send
230,1644122545.642145,72231532-b4e0-4de1-9e40-9141794a9a57,sqs,128,64,send
231,1644122545.649612,cfc3d76a-23a2-459c-99ab-67dcf6ba5aae,sqs,128,64,send
232,1644122545.658749,de6bfc59-4378-46a9-bdcb-7efd72db165a,sqs,128,64,send
233,1644122545.6688137,909f7c53-0329-40e8-bfb9-7d2ac7e04b1e,sqs,128,64,send
234,1644122545.6768138,300c4274-2fe7-47ec-9c21-98b97f585611,sqs,128,64,send
235,1644122545.6916816,59be1da2-d748-4253-b729-349fa1ba0cac,sqs,128,64,send
236,1644122545.699118,88cab5f5-c4cd-4574-83ba-09c5d9b71771,sqs,128,64,send
237,1644122545.7057502,7915ab7f-41d9-48f9-86e2-b2e612ef4ca9,sqs,128,64,send
238,1644122545.7138996,5b077211-1015-4dae-b799-3d6e0b010bf1,sqs,128,64,send
239,1644122545.766023,0acb44c0-f96e-483f-8bde-83e53c7ef314,sqs,128,64,send
240,1644122545.7723808,573fbcdb-3dfb-4287-a76e-7113c21bf83d,sqs,128,64,send
241,1644122545.7809954,d8baabbd-0e1e-476d-a64e-0f062bef05f8,sqs,128,64,send
242,1644122545.7930825,8b2dc8e6-5c11-46ce-9275-a75208b6db87,sqs,128,64,send
243,1644122545.7999892,466244a0-5949-4ff7-b284-a0b441601922,sqs,128,64,send
244,1644122545.8054602,89c27df5-080e-4662-9933-c8cb769b2b95,sqs,128,64,send
245,1644122545.812202,e58837f4-0db8-43bd-97ca-e084508190d2,sqs,128,64,send
246,1644122545.8187308,68886a57-a8d9-48d8-99b4-84cfa6fb9595,sqs,128,64,send
247,1644122545.8243048,4e37f678-91cf-4060-84a2-1606e017220f,sqs,128,64,send
248,1644122545.8303647,754867e9-0970-493e-9792-dcf075e7e763,sqs,128,64,send
249,1644122545.836479,013d07c7-dc22-4b1b-b192-2dc008d66e22,sqs,128,64,send
250,1644122545.8478613,493df376-8292-4a0a-b904-d83abe50a92f,sqs,128,64,send
251,1644122545.8543868,fbedc78e-d7a0-4d66-a10e-00294f367fe5,sqs,128,64,send
252,1644122545.8604453,8c26dbd6-8f66-4d1a-87be-27371feab61e,sqs,128,64,send
253,1644122545.8668208,019660b4-0a54-4bc6-965f-3e0f8c80e45f,sqs,128,64,send
254,1644122545.8732882,750643a9-ede5-4641-b343-879a7ebbad44,sqs,128,64,send
255,1644122545.8800113,7b608750-b984-47cf-a6ff-c1a16186b768,sqs,128,64,send
256,1644122545.8866882,3afb2da3-6dcf-421f-8fc3-72b01f14635b,sqs,128,64,send
257,1644122545.9011288,95b3ce5f-4e86-4a4a-806c-c7d299b3c95a,sqs,128,64,send
258,1644122545.9090815,c50401be-f4f6-44d3-85be-c5acded4a819,sqs,128,64,send
259,1644122545.919484,91dcfad9-c5ec-4c1c-8b0b-505bc698833e,sqs,128,64,send
260,1644122545.9260921,cb32fb7b-995f-4a25-8051-2dc20a37ca98,sqs,128,64,send
261,1644122545.933082,03ba6831-165e-48c3-bc04-f7c73c7b5bd0,sqs,128,64,send
262,1644122545.939365,1733a0f3-bd88-453b-bf13-bc9caa8b6fee,sqs,128,64,send
263,1644122545.9457633,b72c2aa8-6919-48a8-9a65-2f01abf167c1,sqs,128,64,send
264,1644122545.9524555,6f60d33a-6391-4ab5-a5ac-9e4925b7c403,sqs,128,64,send
265,1644122545.95921,af70e5d1-1c4c-4608-ac55-d68ca07fe48b,sqs,128,64,send
266,1644122545.9689355,5b2ba7f9-7f03-462f-a42a-7352f8aba998,sqs,128,64,send
267,1644122546.0218556,f1a41256-3af9-4f31-be32-3036598f7683,sqs,128,64,send
268,1644122546.0286558,faf23394-f758-41ac-b165-b01e9a53983b,sqs,128,64,send
269,1644122546.0355308,61babe47-3ecb-42f0-9fbb-a2cca71904a8,sqs,128,64,send
270,1644122546.0441763,b02b5a63-da88-410f-89c2-a370f19fabb2,sqs,128,64,send
271,1644122546.0527182,11b2ad70-25b3-472d-af5c-f1cfe4690021,sqs,128,64,send
272,1644122546.0586321,51e49486-3b8b-45f4-833e-d2750c33775c,sqs,128,64,send
273,1644122546.0639389,21893b6e-c771-4053-8836-e33f4f75c294,sqs,128,64,send
274,1644122546.0704956,f71faba5-cad4-4fc2-b700-a751f1b9cd74,sqs,128,64,send
275,1644122546.0806763,5a892c3e-dfd7-4ee3-8b11-cffe4b4a0bfd,sqs,128,64,send
276,1644122546.0861158,97ccd2ff-a9db-42ca-aa72-6000e3007212,sqs,128,64,send
277,1644122546.0916436,79d78d0f-7256-47b0-a008-482a82ee4c83,sqs,128,64,send
278,1644122546.0978985,e34e5980-ac93-46dd-970a-d2610168a4e9,sqs,128,64,send
279,1644122546.1040936,2287244d-faeb-453c-8847-86b911c9be32,sqs,128,64,send
280,1644122546.1105003,93ee1c4f-a8ac-4262-b47d-b57778e17b96,sqs,128,64,send
281,1644122546.1172647,e406c5ff-8173-4982-b97d-8f09e027309e,sqs,128,64,send
282,1644122546.122592,5278c3c2-35c0-4014-93b7-4dfb633248f1,sqs,128,64,send
283,1644122546.1280143,9e803cd5-98ec-46e6-be4e-05177a366054,sqs,128,64,send
284,1644122546.1376317,07bdc574-8d3d-41b9-a0ad-691c327d990a,sqs,128,64,send
285,1644122546.1441293,77f4d255-5fe1-4bcf-bed6-b0d8cdf58f6d,sqs,128,64,send
286,1644122546.1498647,7f560c60-93df-4ca7-b00f-344629896c6b,sqs,128,64,send
287,1644122546.1622727,1a1bf1e0-9994-4e31-b799-418f9c7a8ae3,sqs,128,64,send
288,1644122546.1691313,9976b96c-14bc-4cef-b8c0-5dcf729d44af,sqs,128,64,send
289,1644122546.2312474,24e6aa22-efab-4808-bade-42291bcbb2d7,sqs,128,64,send
290,1644122546.2373598,a766bc00-720a-4b7d-8ce8-3cae6170b6c5,sqs,128,64,send
291,1644122546.242586,401c4702-bd39-4a50-acf2-fac11f775e0d,sqs,128,64,send
292,1644122546.2489326,e1a25402-1737-4d3d-8acf-ef2382049a86,sqs,128,64,send
293,1644122546.2546701,adf90aaa-5630-4f6e-a7de-77b6916b1643,sqs,128,64,send
294,1644122546.2611558,32fcef74-e3b0-4915-851b-99e9c9d8904d,sqs,128,64,send
295,1644122546.266767,efcfea48-3d4e-4d6b-b9d0-c4f8fa2f6f44,sqs,128,64,send
296,1644122546.2738614,4df6900a-ea4f-42e0-8ba1-681b17b752d4,sqs,128,64,send
297,1644122546.279985,6a560150-99d3-4ef0-8793-6c06662d436c,sqs,128,64,send
298,1644122546.2910008,0033a924-0515-46cd-9760-c3ee0d6c2e93,sqs,128,64,send
299,1644122546.296615,3923ee37-ab4f-4db9-a24f-fa1c57292ad4,sqs,128,64,send
300,1644122546.3023362,9edda651-69be-447b-b043-9946b5b1761c,sqs,128,64,send
301,1644122546.3091867,447b3311-4558-4f3a-9d3f-dcac09318236,sqs,128,64,send
302,1644122546.3150587,2af69c43-9f98-46e0-991f-1f7268b621c6,sqs,128,64,send
303,1644122546.3207004,ffab866e-d99e-4e4d-93e4-480499a4f537,sqs,128,64,send
304,1644122546.3790727,f6688991-eb53-4743-8a52-45e017733c40,sqs,128,64,send
305,1644122546.3865373,34decbc4-b0ba-4db1-880b-c92d567f68f8,sqs,128,64,send
306,1644122546.3936415,dd39e3d3-8cce-4ed1-8f64-82bcce7ecae0,sqs,128,64,send
307,1644122546.400312,7c13f8cd-8a30-4f44-9665-ebd8c4eec446,sqs,128,64,send
308,1644122546.4091492,78b54eb8-f3c8-441d-8652-15056b0e36ac,sqs,128,64,send
309,1644122546.4195554,37a6cb08-ffc9-4b76-ba8f-8504df5b6760,sqs,128,64,send
310,1644122546.4255002,62f13529-e5d3-4c3e-b8e0-0a7d5e438f1c,sqs,128,64,send
311,1644122546.4309652,57e1910e-dd0e-4f80-9b4d-2f76267e23f1,sqs,128,64,send
312,1644122546.437304,55b16104-b233-47e9-a35e-346cc3a65320,sqs,128,64,send
313,1644122546.4428968,959c55ec-e6bc-4750-a6d3-1bf17d9645f4,sqs,128,64,send
314,1644122546.4497597,2f8b3bdc-74a5-44fd-be30-76b9652beda4,sqs,128,64,send
315,1644122546.4553902,49624b36-0d89-44e8-b5d6-0735a0430625,sqs,128,64,send
316,1644122546.4652946,d615fdbb-055d-428b-9c8d-9163861297f6,sqs,128,64,send
317,1644122546.4763489,23fd79e1-aafe-4bb9-8b00-c829155f5cb5,sqs,128,64,send
318,1644122546.4836912,75a853da-87f6-4382-af55-18e01b4b0444,sqs,128,64,send
319,1644122546.5180185,657a2252-cc58-4c3c-a806-23e4dd38587e,sqs,128,64,send
320,1644122546.5254474,23192bd2-6fa0-4d24-9f55-164a79b780de,sqs,128,64,send
321,1644122546.5320222,165765ed-7418-4d72-b984-2ff06be00a51,sqs,128,64,send
322,1644122546.5425222,10e06fb2-0a82-40b3-93d1-6f7d6307e032,sqs,128,64,send
323,1644122546.548843,f12ca86a-70ca-4b1e-8d78-74c4b0326189,sqs,128,64,send
324,1644122546.5545294,9776a342-2647-4d06-913a-6a5342ecc447,sqs,128,64,send
325,1644122546.6193016,b87d725a-53bb-4d24-ad27-0545899782d4,sqs,128,64,send
326,1644122546.6256163,cb33bf06-01dd-4ea7-a4ca-73a73a200ed8,sqs,128,64,send
327,1644122546.6314166,655ef9f8-1bcd-4ec7-8e53-96437d4ef944,sqs,128,64,send
328,1644122546.6392488,2de0c184-f659-4845-8ca1-4c72ebf9b11f,sqs,128,64,send
329,1644122546.644891,84fbe6e5-c190-439f-a7d4-b394bb25428e,sqs,128,64,send
330,1644122546.6515076,d5b372e8-eb85-4747-b0e8-660e4e3649a7,sqs,128,64,send
331,1644122546.657234,68ce44de-9981-4c40-801a-60f5f161c13b,sqs,128,64,send
332,1644122546.6632988,4f3377f7-28cb-4885-ac9e-abd8c247659d,sqs,128,64,send
333,1644122546.6687365,8909f601-2218-4ddf-aac6-7368e4faea44,sqs,128,64,send
334,1644122546.6794844,df8da457-3e97-484d-8476-2da3968fe831,sqs,128,64,send
335,1644122546.6881618,1bfc93bb-b86e-4ca4-99cd-25d2122d2001,sqs,128,64,send
336,1644122546.693918,4cb8f687-aa8a-4d57-b6fa-90f1ee946fd1,sqs,128,64,send
337,1644122546.7002125,95deb742-f290-45fd-b283-d3c24e484420,sqs,128,64,send
338,1644122546.7085931,b816f55e-a9d4-4d03-a609-0491cf2318e9,sqs,128,64,send
339,1644122546.7248375,64b8553c-c9a9-401c-8981-f66fbb022a7f,sqs,128,64,send
340,1644122546.7314909,6b76c3c7-04a9-4835-9cf4-bf48c1cb04a0,sqs,128,64,send
341,1644122546.7376757,17d3f33c-e9d1-4539-8996-2f53cec74b37,sqs,128,64,send
342,1644122546.7431116,9d7d64ab-c7fc-449e-80e7-2ac4cc775729,sqs,128,64,send
343,1644122546.7993145,313d873b-c8d4-47d7-bffe-de9c3262f7a1,sqs,128,64,send
344,1644122546.8055103,7e1730ed-8f54-45f4-a426-9202efa14c88,sqs,128,64,send
345,1644122546.811274,0471703e-2cda-4540-958b-e265eba6f73e,sqs,128,64,send
346,1644122546.8174067,154869eb-5e1f-407f-9aec-88720ef2dd3d,sqs,128,64,send
347,1644122546.8237517,8cc20815-46d7-4e82-8be4-21b5e1cd2bfb,sqs,128,64,send
348,1644122546.908703,2980e797-fe5b-4e56-9fb1-9bb76133e70d,sqs,128,64,send
349,1644122546.9188743,5e58adf3-1d20-4f81-b735-c9579657aab8,sqs,128,64,send
350,1644122546.9242961,ed284b16-2e64-4409-997c-af8f4af8ec1f,sqs,128,64,send
351,1644122546.9311895,84226e10-d805-4f24-8f60-b54ae9bd2b28,sqs,128,64,send
352,1644122546.9378798,fb040bc9-acab-4b9a-b7bb-f10e21d11cdd,sqs,128,64,send
353,1644122546.9459457,ea62a054-fd0a-4adb-a7a4-42b96b4ea84e,sqs,128,64,send
354,1644122546.9537213,e0db29fb-ac9b-4cad-8faa-ccbcc5fa7d15,sqs,128,64,send
355,1644122546.9604125,4913386b-e9e8-47bd-ad87-04b2e91fe2aa,sqs,128,64,send
356,1644122546.9699378,2dcc85ec-13cd-4c22-86a1-a5804d45747a,sqs,128,64,send
357,1644122546.9785056,7cfa982f-c349-48c9-805c-5fffb20ba425,sqs,128,64,send
358,1644122546.9852462,af19f436-11ca-4df4-b550-f1221c4436ad,sqs,128,64,send
359,1644122546.992252,9978a545-bdcc-4a9c-a215-96b33bd9fd4a,sqs,128,64,send
360,1644122546.9990642,cc058fb3-79ef-45d9-9388-8b303fea7d31,sqs,128,64,send
361,1644122547.0053718,57a922a5-ab9e-4957-bf6f-0e8596ed01c9,sqs,128,64,send
362,1644122547.0112,2a4f0758-4d6e-49f0-9b76-a4be70061bf4,sqs,128,64,send
363,1644122547.0186243,304d3f14-6f29-4b0e-95d4-75e56e6fb54d,sqs,128,64,send
364,1644122547.0257723,f59368c7-1357-4c52-88ba-047cd5d31b28,sqs,128,64,send
365,1644122547.0317392,afb46c47-f472-474f-9dab-37fd159cee9e,sqs,128,64,send
366,1644122547.038277,0a8b0b8c-abc9-48f7-a647-31ae7693c637,sqs,128,64,send
367,1644122547.0439057,ae11679c-2a8c-4ba0-9066-297eb4e8a4de,sqs,128,64,send
368,1644122547.0508416,60e45fa1-0d1a-4693-85c9-684646733746,sqs,128,64,send
369,1644122547.0578127,e74994f4-9b41-4182-9892-0c24ede214d1,sqs,128,64,send
370,1644122547.0643876,b12e5f68-d9d5-49cd-9fa2-eb08949edd16,sqs,128,64,send
371,1644122547.0705144,fbbbcc5d-cad3-4741-92eb-a3ac9491a988,sqs,128,64,send
372,1644122547.0771756,a5eacd24-8196-4557-ba4b-857680807760,sqs,128,64,send
373,1644122547.08676,35174696-414e-4691-b412-78b4bba5a413,sqs,128,64,send
374,1644122547.092943,72c91215-01eb-4c0c-b179-12b5c6c2dec8,sqs,128,64,send
375,1644122547.0996175,2896ad96-f973-4f71-be70-07b0e9c2fd01,sqs,128,64,send
376,1644122547.106911,c3e68046-5445-46dc-8a1b-40edfe56af1c,sqs,128,64,send
377,1644122547.118683,32eb2b13-cee2-4119-8d46-97718cbaa0e3,sqs,128,64,send
378,1644122547.124549,7bab83b3-f0b8-45aa-aa6f-4905a554eaec,sqs,128,64,send
379,1644122547.1354954,409ab375-81f9-4ab7-b1e3-00cad4e36a2a,sqs,128,64,send
380,1644122547.1425948,4ec0bea1-9234-4471-a0bc-7c24a0225fe7,sqs,128,64,send
381,1644122547.1490247,55545b0d-9e47-4e68-aad0-0ad356d53ce6,sqs,128,64,send
382,1644122547.156107,bee08b0e-c97f-4c9e-b844-26e52072e6b3,sqs,128,64,send
383,1644122547.1633732,d6ec92f7-119c-4ef5-8ee1-9c5e616c2853,sqs,128,64,send
384,1644122547.1699412,98846873-879d-439c-9c1f-b44b023bafb4,sqs,128,64,send
385,1644122547.1763127,349a7dcf-7f8a-4ec4-875e-8a94efd53a1a,sqs,128,64,send
386,1644122547.1836767,f6d4aee3-5124-4d63-bb7e-91b7c59e0ce1,sqs,128,64,send
387,1644122547.190219,2b72c8bb-47c8-4202-9930-7c1b8f8106f6,sqs,128,64,send
388,1644122547.1972892,9a2ae186-fb3d-4ef2-94ed-ff10e2a5ff37,sqs,128,64,send
389,1644122547.2038283,88d3994a-ab24-45a6-af74-383d25956127,sqs,128,64,send
390,1644122547.2106333,f2455e5b-9404-4689-8539-8ef2a9e36c80,sqs,128,64,send
391,1644122547.2167182,5de26479-ce5d-43f3-af78-300bf0406901,sqs,128,64,send
392,1644122547.2225723,14ceb2f0-2164-4b24-be08-ba9da52e1469,sqs,128,64,send
393,1644122547.2292516,c6e73f48-ee63-444f-923d-7010eff72246,sqs,128,64,send
394,1644122547.2352679,d611ff19-b69c-44f7-bb9f-1fb3f1b70cc9,sqs,128,64,send
395,1644122547.2406197,e1bacd4f-73d9-417f-b0ae-0eba22f6ff8f,sqs,128,64,send
396,1644122547.2471616,ee216054-9ac7-4f36-9654-9360203d8d51,sqs,128,64,send
397,1644122547.2606356,ed813614-29f0-48f1-8e64-0daf306e436b,sqs,128,64,send
398,1644122547.2665749,7cd9ab65-f245-4845-88e3-48e93da47b7f,sqs,128,64,send
399,1644122547.324247,d29b0e8c-43f3-4cd5-a76d-b52d8e6e5d20,sqs,128,64,send
400,1644122547.3305314,fd8a2830-4745-4e58-a4fd-bfe927824aa6,sqs,128,64,send
401,1644122547.3366442,c24ce811-2a64-4e0e-a8bf-a3409a26bdcb,sqs,128,64,send
402,1644122547.3419714,f708e4fc-fd2c-49e4-817b-48a21d841007,sqs,128,64,send
403,1644122547.3480377,99d5e981-d481-4b41-9242-a3d13249932c,sqs,128,64,send
404,1644122547.355651,db348c9d-9191-412a-86ae-b34dd90e60ec,sqs,128,64,send
405,1644122547.362408,11df6add-ce90-44cc-9ca6-c02035c2ea85,sqs,128,64,send
406,1644122547.3687212,c0942782-8e68-4ba4-9be3-3fd6fe99e255,sqs,128,64,send
407,1644122547.3753808,2b94958f-c878-4ee8-bc20-d96f1aedd355,sqs,128,64,send
408,1644122547.3808253,0097f4a0-f3f9-48ff-9a4d-dc7d6e87556f,sqs,128,64,send
409,1644122547.3860285,7b13cbef-4e9f-47dc-a80f-eed42c51d2ff,sqs,128,64,send
410,1644122547.392469,e280918d-4110-4e28-bf37-87440c600c9c,sqs,128,64,send
411,1644122547.3995526,0fa14954-ee34-42f0-9e41-618e00014b33,sqs,128,64,send
412,1644122547.4059062,d9aba35d-675f-4fc8-afc5-cf352f22e9d0,sqs,128,64,send
413,1644122547.412581,242470b5-df72-4da9-bbc7-a4e767644771,sqs,128,64,send
414,1644122547.4197028,9b30bd7a-e762-4a07-b779-bc350eb5e989,sqs,128,64,send
415,1644122547.4263434,e88d5962-77e4-4d2c-bc72-87a31c70a75d,sqs,128,64,send
416,1644122547.4319997,83f0df42-d76b-4161-8fea-c736a151d5b4,sqs,128,64,send
417,1644122547.4384985,7b5c1e2d-5deb-4fd5-91ce-32393339e9d0,sqs,128,64,send
418,1644122547.4457078,01c2b63f-85aa-4580-a376-bc876159f2d3,sqs,128,64,send
419,1644122547.4530249,24adcfce-4135-4137-baad-7bd03c576f3d,sqs,128,64,send
420,1644122547.4602475,0efccf46-9142-40f4-9f66-5c360780a762,sqs,128,64,send
421,1644122547.4669373,cbb636a7-ebd8-4235-8784-5a42229a9e9a,sqs,128,64,send
422,1644122547.4740767,13f674b8-143e-4eee-bc00-b2994883d4cc,sqs,128,64,send
423,1644122547.4983518,617e9326-d751-466c-9e4b-db0a54f97c01,sqs,128,64,send
424,1644122547.5056484,ffa800cb-0fd7-4f8c-bad7-6689496b59ad,sqs,128,64,send
425,1644122547.5141544,9c540bfd-edaf-4c82-8e20-3dea9252ce4e,sqs,128,64,send
426,1644122547.520892,326ffb24-56a6-4a57-8e28-ee0260d33b65,sqs,128,64,send
427,1644122547.5272381,31a0414c-40ba-4eb3-9391-81e5d30d96be,sqs,128,64,send
428,1644122547.5331852,d667226b-dbf5-4eb7-9b4c-a3887dc86585,sqs,128,64,send
429,1644122547.540312,344f3fd5-b806-4c87-a9f8-2b464c90fe45,sqs,128,64,send
430,1644122547.546633,de940899-a860-40fd-8821-915f0fc58690,sqs,128,64,send
431,1644122547.5561142,6922ccbf-b32e-4be0-91c2-61765f1d8557,sqs,128,64,send
432,1644122547.5640604,25aebbc1-b8a3-43c4-a2e6-e8df4ff7eed1,sqs,128,64,send
433,1644122547.5704892,a8acd586-658c-4517-9dc1-e985e821c233,sqs,128,64,send
434,1644122547.5846064,f1b56296-239e-4c57-9e36-f0f63451d4b5,sqs,128,64,send
435,1644122547.5911899,114afa56-d59e-4d3d-bc19-1c17b505fe2a,sqs,128,64,send
436,1644122547.5979176,fa381989-ead3-467a-be1b-127c63b592a1,sqs,128,64,send
437,1644122547.6050503,b375d6ce-1c33-4c1b-8ae4-2744b49a6934,sqs,128,64,send
438,1644122547.611726,ccdc877e-2230-4e97-94bf-69c4a1397353,sqs,128,64,send
439,1644122547.6170259,6a704f84-eb7e-48e2-a207-9a8dd6a9173b,sqs,128,64,send
440,1644122547.6229432,fc0be569-7dfd-4739-8886-2e05a1c45c91,sqs,128,64,send
441,1644122547.629914,f380789d-e048-4bb6-999b-74c787eb65d9,sqs,128,64,send
442,1644122547.636569,c4a9a447-4170-4998-b85a-afca4224172f,sqs,128,64,send
443,1644122547.6435692,bb5069f0-3597-4b86-9796-f3cc7a403172,sqs,128,64,send
444,1644122547.6498466,4ec29bfd-954f-4865-92e0-cc68027f1804,sqs,128,64,send
445,1644122547.6560762,60823eb3-1b3a-4260-9744-901d46dd9998,sqs,128,64,send
446,1644122547.662824,a40d99d1-c9b5-429e-8ef4-219737a98781,sqs,128,64,send
447,1644122547.6735287,ca7a2f3d-7031-491b-bb4a-02fdd53c57cb,sqs,128,64,send
448,1644122547.6794,dc316e8a-1d26-4f88-95c5-08d9fad84333,sqs,128,64,send
449,1644122547.685495,0a555c6c-682e-4ade-9a9a-d14e27889145,sqs,128,64,send
450,1644122547.6918216,4689a168-dc43-4aac-b940-c5d6b31fabe7,sqs,128,64,send
451,1644122547.6986084,49d53b84-4012-41b6-951f-7a3fd4ac0f80,sqs,128,64,send
452,1644122547.7056963,4be91e79-5506-4bbc-ade2-3aa7de02765d,sqs,128,64,send
453,1644122547.7151017,08591ea0-e032-49c2-82f1-6fe1c9d680be,sqs,128,64,send
454,1644122547.7210588,15732c71-d517-4eac-82fb-af58cf50c525,sqs,128,64,send
455,1644122547.7274055,7ccbdd5a-f6a5-48a2-97e5-4a86fb85f8b3,sqs,128,64,send
456,1644122547.7375987,28446bd2-9ff2-4eba-a8d6-edcad1cbc771,sqs,128,64,send
457,1644122547.7497203,e3b1272c-9bfe-4c35-ad51-978af93465ed,sqs,128,64,send
458,1644122547.7619736,c9f68560-fb82-42b5-8a13-e4313771ad36,sqs,128,64,send
459,1644122547.7686093,ab8b5c69-72f9-45d0-ab5a-25c53185218e,sqs,128,64,send
460,1644122547.7742631,eb730340-9ffd-43ed-97b2-41232fa95564,sqs,128,64,send
461,1644122547.8061988,e278be48-2c4f-44ae-9551-2c20452332eb,sqs,128,64,send
462,1644122547.8153992,c4c0e593-f70b-486f-a29c-5040bfa9ea8c,sqs,128,64,send
463,1644122547.8212726,585d559d-f024-4db8-a93b-6c30e3e1ed2b,sqs,128,64,send
464,1644122547.8268616,fd883192-0ac6-4df8-b29f-8ed076581ce1,sqs,128,64,send
465,1644122547.8333678,82a763cd-728f-4e84-bddd-d74940c52801,sqs,128,64,send
466,1644122547.840205,c3eaa2ab-1413-4acf-8ee2-0864b2d80e51,sqs,128,64,send
467,1644122547.8465114,df81118d-ff13-47d6-b20e-f4dbc767d10d,sqs,128,64,send
468,1644122547.85285,63d39dec-cdf6-4d58-a32d-2c5dd187eb10,sqs,128,64,send
469,1644122547.8619564,08718b5e-7fb5-46a9-bd16-42f42b150fe9,sqs,128,64,send
470,1644122547.8681192,935a7495-fd9d-4f63-af1c-4ff1400b775c,sqs,128,64,send
471,1644122547.8747363,24c0f13a-2894-4a32-9021-ce4daa269ef5,sqs,128,64,send
472,1644122547.8839698,c4689b3d-005b-40a1-9fb9-d03eb00a5495,sqs,128,64,send
473,1644122547.8936355,b2015007-6cdc-4260-b26d-3f0722c4fe55,sqs,128,64,send
474,1644122547.9002783,d954f5ab-2955-425f-aa94-6a35697f269b,sqs,128,64,send
475,1644122547.9134927,6d3fcbf7-e937-4c21-afb7-fbb67ef54e2e,sqs,128,64,send
476,1644122547.9195,f57cce5d-e3f7-4ecd-96e9-166715f14390,sqs,128,64,send
477,1644122547.9271297,c52c1735-0e9d-4c7a-a257-76e001722789,sqs,128,64,send
478,1644122547.9341688,a996b56d-d4ce-487e-8a87-75dee1f9affc,sqs,128,64,send
479,1644122547.9705312,cc750d46-456a-4467-a10d-a6240aa7aede,sqs,128,64,send
480,1644122548.0044637,eb20ed81-43fa-411a-94c1-c44442f474ef,sqs,128,64,send
481,1644122548.0100808,e58a4c82-98dd-41cd-8ae9-d02dc3686ba5,sqs,128,64,send
482,1644122548.0170872,49eb252e-2d6c-4ecf-8db2-7ef366b936c0,sqs,128,64,send
483,1644122548.0246427,98c2bb59-88c1-4955-a807-e39312e79e84,sqs,128,64,send
484,1644122548.0312939,7ebf3113-f2b9-44e9-b6eb-37d14ffbad05,sqs,128,64,send
485,1644122548.0377657,f9114890-cd3b-45e3-87d1-f5c64554418d,sqs,128,64,send
486,1644122548.044709,b7c6821d-3c24-4271-8412-1b7178742bdd,sqs,128,64,send
487,1644122548.0504553,a14b44eb-5a0a-4821-8ebb-d6d90039151d,sqs,128,64,send
488,1644122548.0617468,0b66fb3e-45d3-401c-b44d-896ba69c80b7,sqs,128,64,send
489,1644122548.067803,0540ab58-c50d-4c6c-9646-b8dafc552062,sqs,128,64,send
490,1644122548.0775406,63f75a89-4d7f-4e7d-a05d-5014e5984762,sqs,128,64,send
491,1644122548.0875335,2e85a533-674f-4c8f-b611-7c1b7a685a1b,sqs,128,64,send
492,1644122548.0944958,07dff9b3-f57b-4ed2-a80c-60a4004fbb50,sqs,128,64,send
493,1644122548.1027946,5418172b-d8c7-49f2-99e3-2789b585b33d,sqs,128,64,send
494,1644122548.108932,be57e708-2037-42aa-ad51-5340f5b5d91c,sqs,128,64,send
495,1644122548.1145263,5d8801a7-5bad-4d8c-b867-4d834c51e49f,sqs,128,64,send
496,1644122548.1204622,090899d2-5c44-4208-9e0a-f247c98b102c,sqs,128,64,send
497,1644122548.12724,f5d49709-9303-4f1a-a0d4-ada96f225ea6,sqs,128,64,send
498,1644122548.1387472,6aabb9db-111a-4374-a4d1-230573797912,sqs,128,64,send
499,1644122548.150342,0d8bbd9b-ca7a-4429-a11a-ee0ce4f37a33,sqs,128,64,send
500,1644122548.1597295,e390f188-7634-4e07-91c2-8b10b3b55a21,sqs,128,64,send
501,1644122548.1678216,34c50b8b-be30-410e-b462-909556a7cdb7,sqs,128,64,send
502,1644122548.1739507,7c2e6247-f230-447c-9770-26b2d89c18c2,sqs,128,64,send
503,1644122548.1806512,16dde5fa-cb70-4510-b825-01fdab8335b7,sqs,128,64,send
504,1644122548.1866257,458b224e-4492-4989-a105-36c57e46c25d,sqs,128,64,send
505,1644122548.1923103,35ade2d0-46be-4375-8d8e-6cfd1bb12285,sqs,128,64,send
506,1644122548.222901,2afcff5e-ebb5-4433-a9a7-5043e1a08e85,sqs,128,64,send
507,1644122548.2313285,d0c34d76-41ff-4ab0-b4fc-5807e971d01c,sqs,128,64,send
508,1644122548.2372243,f64533b4-d974-4493-a2c8-75278e413fe8,sqs,128,64,send
509,1644122548.2432275,0844a133-862f-47b8-a21b-c7d02f386920,sqs,128,64,send
510,1644122548.2539234,0277e76f-479f-4cd3-824d-46b6b7f7deed,sqs,128,64,send
511,1644122548.2601764,4a4b7dd4-9074-49c1-8ed5-7efbd0c33abd,sqs,128,64,send
512,1644122548.266256,473c0247-6bab-41f2-9eff-f1d60493b9fd,sqs,128,64,send
513,1644122548.2758098,0453ed5f-9663-4293-b678-8b3a0a440ebb,sqs,128,64,send
514,1644122548.283781,bac4dfac-7870-4ea0-bafc-577811818447,sqs,128,64,send
515,1644122548.291425,ae0de81d-7e5a-46f3-8b43-78b261c27bc6,sqs,128,64,send
516,1644122548.2967463,767f4ed0-af9c-4012-9554-0230ae1d0242,sqs,128,64,send
517,1644122548.30564,97d895eb-2392-478a-bb42-3db65c6a8f81,sqs,128,64,send
518,1644122548.3122506,cbc6852a-abd7-4faf-8507-6b9499908eee,sqs,128,64,send
519,1644122548.3180885,4f45d8e6-3e4f-4568-ba2f-4372648182ca,sqs,128,64,send
520,1644122548.3272963,4811376e-0653-45ef-ad97-575e68530266,sqs,128,64,send
521,1644122548.3372922,b9130784-b349-4cba-aa78-8ad61e470d96,sqs,128,64,send
522,1644122548.3435771,8e45a475-80c5-4cae-805c-ee8d11e2e6ac,sqs,128,64,send
523,1644122548.3498726,6a0a7149-7c77-4e31-8be5-895948124287,sqs,128,64,send
524,1644122548.3568118,eb26f24c-6343-4576-b837-1fc17858a9bf,sqs,128,64,send
525,1644122548.3635008,9b80dca2-2f90-4a65-8fb8-460df7108e66,sqs,128,64,send
526,1644122548.373889,dff726f9-1318-4edd-a62c-f0a76df33599,sqs,128,64,send
527,1644122548.3836732,cc05b67a-2c45-468c-a954-292ca1df0210,sqs,128,64,send
528,1644122548.3891082,025a89e1-4dfd-428e-b136-b2bb38891479,sqs,128,64,send
529,1644122548.3986712,59ae7c40-958d-4d5d-8630-4126bfba6f37,sqs,128,64,send
530,1644122548.404729,81cb71cf-ae52-4fd4-a771-fb8f5ab20044,sqs,128,64,send
531,1644122548.414506,9f4e5db3-b4fd-4525-96a5-56dcec0889f9,sqs,128,64,send
532,1644122548.4208894,60632eff-3edd-4cc3-b5da-b7b722a6b3f9,sqs,128,64,send
533,1644122548.4281278,23b11d19-4884-4921-9016-88becced4953,sqs,128,64,send
534,1644122548.4345422,6d58c729-715f-4000-a3d9-b067184f4a73,sqs,128,64,send
535,1644122548.4442942,2eac2df2-c6c0-4095-92d2-84fdd66018ad,sqs,128,64,send
536,1644122548.456019,a9ff9d39-4b4d-42e5-be7e-a932baa72ba1,sqs,128,64,send
537,1644122548.4621916,5f55cbad-06d6-4eeb-be37-51b4c1b61ca9,sqs,128,64,send
538,1644122548.4684436,f40b86e1-e5d4-4c7b-a9e0-f3f5a8902fce,sqs,128,64,send
539,1644122548.4751353,cd1342c7-d53b-4790-ab22-9c707c085ec4,sqs,128,64,send
540,1644122548.4865453,ab35eb25-2fa1-461a-a46c-6a383388cc21,sqs,128,64,send
541,1644122548.4956772,a7778ca2-9ab1-4fe9-95d0-7c64d56bddfb,sqs,128,64,send
542,1644122548.502011,cd6dbfca-38d6-404b-9091-ffc5f3387f75,sqs,128,64,send
543,1644122548.507609,f85343e5-342b-4c4a-a1b4-ca83575d12d6,sqs,128,64,send
544,1644122548.5156257,dfebbf54-1dbe-43d0-ab60-df593b85168b,sqs,128,64,send
545,1644122548.5244164,ceec07b3-c449-42a7-80a0-0fe530250778,sqs,128,64,send
546,1644122548.5333436,71949409-518d-467f-9164-542735e6b749,sqs,128,64,send
547,1644122548.541542,1e9c56a7-ef7a-4f45-a31d-f0437e860c3c,sqs,128,64,send
548,1644122548.553224,dbc6bdb4-c230-4a36-afdc-a7815adcbf7b,sqs,128,64,send
549,1644122548.5618382,71e21e81-2989-4551-975d-756febe61497,sqs,128,64,send
550,1644122548.56771,abd26998-aef6-4713-98ec-ca4dd84d4046,sqs,128,64,send
551,1644122548.5735495,f46bb085-4045-4b08-9ff9-208e51cba9e6,sqs,128,64,send
552,1644122548.5804467,072b01ea-757e-4a5b-a772-b65f2aedeaba,sqs,128,64,send
553,1644122548.5891361,02fa9c18-7d17-44c1-9334-0d3481767fd7,sqs,128,64,send
554,1644122548.595789,2de99bea-f38c-46db-b80d-06baf8a10399,sqs,128,64,send
555,1644122548.6018548,0db2b161-37cd-4642-821c-48f58948bdc8,sqs,128,64,send
556,1644122548.607994,b2214115-e426-4704-9496-59c0a16437ea,sqs,128,64,send
557,1644122548.6138058,7fec9085-31ec-473f-af67-0c6f9ef7c55c,sqs,128,64,send
558,1644122548.6228948,ef3ac7ca-5668-4827-833a-e4b4c3576faa,sqs,128,64,send
559,1644122548.6537309,499d3416-af21-4176-a25e-3cb26dd02863,sqs,128,64,send
560,1644122548.6611118,81b8f779-0e14-4e03-a8d5-eaa1ae8ab5fd,sqs,128,64,send
561,1644122548.6671326,70b9c6e0-1d63-40a3-ac27-526ea63bc569,sqs,128,64,send
562,1644122548.6734679,85fc4df3-e36e-4aba-b1c7-3aa0f126814e,sqs,128,64,send
563,1644122548.679311,45e11ee2-9c9c-40c5-b0e7-2fe7986859aa,sqs,128,64,send
564,1644122548.6859195,30f144b0-bd13-44eb-bd98-c4fc78d5805c,sqs,128,64,send
565,1644122548.6923854,73d4fc84-bde1-4519-89cf-90cf039e2147,sqs,128,64,send
566,1644122548.7071905,8e6071ad-9c36-41d9-aee4-681ae49e88de,sqs,128,64,send
567,1644122548.7134852,e966c6f3-c1a4-41ee-9d73-8103a01044a5,sqs,128,64,send
568,1644122548.7202637,1af69166-c5bf-4485-a476-4f17b313dc67,sqs,128,64,send
569,1644122548.730146,e5d4c33e-4e99-46b3-a45a-e66b322a08f0,sqs,128,64,send
570,1644122548.7371557,30ae0160-47c6-4c1e-b1e4-2ac9e7514b16,sqs,128,64,send
571,1644122548.7470658,ba4b9b1b-14b9-4222-ba27-6b6133191ea2,sqs,128,64,send
572,1644122548.754481,24c4c22b-e8d5-4551-8f3b-ddd76dcf9494,sqs,128,64,send
573,1644122548.765986,25e94783-035e-4713-bde1-026c238c747b,sqs,128,64,send
574,1644122548.776905,e829efce-769e-44cb-8568-dad005ea8f44,sqs,128,64,send
575,1644122548.7838464,44b14bd4-ec89-4f09-8245-aa0725ba4049,sqs,128,64,send
576,1644122548.7897272,cc8c21f1-7d49-4b47-8cb3-a0d2517041c3,sqs,128,64,send
577,1644122548.7958639,8cc55b2e-30fb-4997-878b-ce47c938599f,sqs,128,64,send
578,1644122548.8050795,0ae56682-ad50-422e-b655-0aa156300f55,sqs,128,64,send
579,1644122548.813011,5ecda0d2-0c24-409e-a552-d805218fbbb9,sqs,128,64,send
580,1644122548.8269727,6b12c83e-83b5-4c83-ba92-13beb8d66eaf,sqs,128,64,send
581,1644122548.8382757,bb591883-4886-4625-b461-053dfd5725ad,sqs,128,64,send
582,1644122548.8477921,1a27fa5d-8a3b-433a-87e1-322cc56339e8,sqs,128,64,send
583,1644122548.8580647,100b5155-a5a2-433b-90fb-b4c954b5b063,sqs,128,64,send
584,1644122548.8651056,29921abb-fc2c-4bd3-baef-e0c513deddb0,sqs,128,64,send
585,1644122548.8723335,aa2df73e-f8a8-46a7-97d0-55a2d57d092e,sqs,128,64,send
586,1644122548.8778644,48fb3324-4909-452c-95c6-5c9f24848996,sqs,128,64,send
587,1644122548.8861246,36aaffdf-a021-4b2e-be37-325254dcd0cb,sqs,128,64,send
588,1644122548.8957946,6aec1d87-3eca-4ff9-97ba-e7a375482dbe,sqs,128,64,send
589,1644122548.9042919,2b7db643-87ab-47c1-916f-56b36e62c826,sqs,128,64,send
590,1644122548.9194527,cce90d1f-731b-4d0a-9f7d-dfc7742dc20e,sqs,128,64,send
591,1644122548.9339905,11e23c15-5f9b-456e-8349-1973486ec5b6,sqs,128,64,send
592,1644122548.9408376,0184b0f2-d248-4024-a6a6-6c56f4820ada,sqs,128,64,send
593,1644122548.9535594,751cfa89-0547-4a04-ad26-49915df52de6,sqs,128,64,send
594,1644122548.9601243,dc625363-69c3-4fc7-9548-aab88659b1ee,sqs,128,64,send
595,1644122548.9662313,66c449b9-ab1e-4e35-aa6e-70f34915b008,sqs,128,64,send
596,1644122548.9721313,9a17f226-2634-4b42-a4fc-7a0bb46e5e28,sqs,128,64,send
597,1644122548.9775229,04d7e4fb-7ab8-4224-b80d-fb7677038048,sqs,128,64,send
598,1644122548.9878907,b1f8711e-0a50-4cc6-8a0d-8f91d499ebf0,sqs,128,64,send
599,1644122548.9951468,3912dd2b-603b-4b08-bec4-1889c3fc97da,sqs,128,64,send
600,1644122549.0072908,17e0c040-b6a2-4a1f-81d8-09874294847e,sqs,128,64,send
601,1644122549.0144205,82b21891-eaac-47e6-978b-11beb0ef59ad,sqs,128,64,send
602,1644122549.0233831,956a251a-ab9d-4c62-9729-0c1f5190fb6d,sqs,128,64,send
603,1644122549.0324945,6879e9db-2bcb-46d1-81e7-2d510a56045a,sqs,128,64,send
604,1644122549.0417814,b9184afd-6d08-45fc-8025-72017600f5c8,sqs,128,64,send
605,1644122549.0530238,b5abcdf0-8ed2-48b6-943e-4db2d2433bfb,sqs,128,64,send
606,1644122549.0678945,013c57d0-d030-4691-8800-cbb7c937de6f,sqs,128,64,send
607,1644122549.073795,7463034a-0d1e-40b2-9fc2-bfd86e277e27,sqs,128,64,send
608,1644122549.0798364,ec913e27-ad26-4f0e-9053-093ed7fbc137,sqs,128,64,send
609,1644122549.0872455,e849e2c2-0b12-4bf1-a276-9b08e44d080a,sqs,128,64,send
610,1644122549.0962195,02eb5d49-2309-4ca8-8b5e-366425147348,sqs,128,64,send
611,1644122549.1052139,77c68c9a-cedf-4aeb-a7a6-441229a3e3a8,sqs,128,64,send
612,1644122549.1140943,83aca0d1-d491-42da-a72f-142c969561d5,sqs,128,64,send
613,1644122549.1229863,b1004d84-79c4-475c-9c60-8af5f9d1a84c,sqs,128,64,send
614,1644122549.1381092,f664de74-a88c-45e6-bf77-95a1ec0dcec7,sqs,128,64,send
615,1644122549.1459017,57a48662-ae78-435b-8187-b24b2fc7c592,sqs,128,64,send
616,1644122549.154489,f9c51d5d-ef3c-4ca0-a91a-48df8873d059,sqs,128,64,send
617,1644122549.1614423,df2c601f-f4c2-4fc7-a4d7-dac558de1cbb,sqs,128,64,send
618,1644122549.172208,1e223571-cd7d-4667-84f3-45fb48f0b127,sqs,128,64,send
619,1644122549.179093,ad5f272d-1693-49b7-af5d-ca2c4be631df,sqs,128,64,send
620,1644122549.185986,33130b52-4e51-4b43-83a8-85e63cdbac15,sqs,128,64,send
621,1644122549.1954632,9dd3e2af-8f05-4df0-8b5a-0529283e6cc2,sqs,128,64,send
622,1644122549.2055445,7603dbd3-94c6-4924-983e-7b53f7ed85a2,sqs,128,64,send
623,1644122549.221956,07ffeaa8-278a-48bd-81e5-6fa04429987a,sqs,128,64,send
624,1644122549.228404,4461ae26-0dee-4a4b-9812-39108726b7f0,sqs,128,64,send
625,1644122549.2349377,2f25346a-7b11-4d6d-8bce-f4d45a847a25,sqs,128,64,send
626,1644122549.242101,3fb19f81-98ef-479c-8d36-b9c0cc2a0439,sqs,128,64,send
627,1644122549.250915,48bb22fd-a12e-4694-9090-b0e204408794,sqs,128,64,send
628,1644122549.2585514,e56af10f-6f8d-4b53-9a5b-da73efeaea62,sqs,128,64,send
629,1644122549.2743,86de1cbe-8006-4c2c-ae8b-93b7ffd706ed,sqs,128,64,send
630,1644122549.2810276,c3ba45cb-f48b-4774-bc98-1169c140ff75,sqs,128,64,send
631,1644122549.2870605,db08aa0b-a21a-4f85-ad3c-7744cf689d40,sqs,128,64,send
632,1644122549.2982872,42faf62d-171d-42d2-991b-6074641ff9fa,sqs,128,64,send
633,1644122549.3043294,e18f8cca-46a1-438c-9314-66e64deaf390,sqs,128,64,send
634,1644122549.3131058,1e3138d9-f27a-4199-b0fb-f6509b8b0ef0,sqs,128,64,send
635,1644122549.322866,197cf495-6911-40a9-ab50-293604dbe8c4,sqs,128,64,send
636,1644122549.3314676,de355dd7-1f68-4117-9176-8fdb3c81473d,sqs,128,64,send
637,1644122549.3413367,9694ae4c-e9ea-498d-bb23-e1603f6b9d8a,sqs,128,64,send
638,1644122549.350206,15ef65b7-0cc5-4446-8f84-e97d151f25ef,sqs,128,64,send
639,1644122549.3952715,f2dfd371-bf33-475e-af50-f0d613feba1e,sqs,128,64,send
640,1644122549.4016185,cc0c711a-4774-47fb-ab16-9f0a8a86d5d5,sqs,128,64,send
641,1644122549.4108775,700a9d2b-085b-480c-bda7-5df95e19369d,sqs,128,64,send
642,1644122549.4164705,cc35c5f5-e094-41e7-89aa-67d8c056c003,sqs,128,64,send
643,1644122549.4265685,ead0a35f-cb85-4cc3-8ef1-6ee0cdf2bee9,sqs,128,64,send
644,1644122549.4330363,31a68e60-a907-44ac-b13c-9f1dafc836ac,sqs,128,64,send
645,1644122549.4401217,a888e344-d60a-437d-88c3-743e689887f1,sqs,128,64,send
646,1644122549.4455853,6d1a7c25-32e4-46f8-b428-a36ce795b68d,sqs,128,64,send
647,1644122549.451448,dce4589e-7e03-4ed3-b27b-ac4357bfbafb,sqs,128,64,send
648,1644122549.457419,b9a0da88-8f87-472f-bc74-83cac349c5c2,sqs,128,64,send
649,1644122549.4629786,231acf34-f08b-4882-8758-1f3aefebc223,sqs,128,64,send
650,1644122549.4710724,4b0b8fc0-0cf8-4e80-bb9f-0f12fc733c87,sqs,128,64,send
651,1644122549.4767954,c0273c1b-31a7-4b04-b92b-730432cb3122,sqs,128,64,send
652,1644122549.4854426,125915b4-c955-430c-8140-3f09a10722e5,sqs,128,64,send
653,1644122549.4918113,08262432-552a-4ba1-8130-e41c54149c4d,sqs,128,64,send
654,1644122549.4973378,a4df180e-9485-4f46-8fe6-2781349f0ef4,sqs,128,64,send
655,1644122549.5063145,09db6055-e4b9-40ca-a3ee-751b6c082108,sqs,128,64,send
656,1644122549.5136256,73eca239-0110-426c-9143-4b5c5de4f999,sqs,128,64,send
657,1644122549.5226648,abef6056-516c-4e7e-85c6-01cd54d09f1c,sqs,128,64,send
658,1644122549.5310638,ed9ff5e9-de01-4a8e-90d9-9e90707c3ffb,sqs,128,64,send
659,1644122549.545753,c781d438-620a-4b64-9894-a03277700455,sqs,128,64,send
660,1644122549.555507,0e00714a-157b-4c5b-b9dc-7f0d5a9579a1,sqs,128,64,send
661,1644122549.5619698,7b2b32bb-4411-407d-80e4-68105f4d1d37,sqs,128,64,send
662,1644122549.5689948,33788cd4-f99e-41d5-9b8a-1acb3362eb9b,sqs,128,64,send
663,1644122549.5778167,22029b17-8a35-4411-8ab8-c9f17a42eff1,sqs,128,64,send
664,1644122549.586594,4683ab74-7e3c-428b-ada7-464a05dd5d36,sqs,128,64,send
665,1644122549.5958982,177ef3a2-6b46-4ed1-8192-fb85b304e440,sqs,128,64,send
666,1644122549.6077452,a29ab3c6-ff19-43f7-bc42-19a9ebdef4ad,sqs,128,64,send
667,1644122549.6140604,128c843d-751f-4cf4-a36d-aa5c7fd70efa,sqs,128,64,send
668,1644122549.6258957,9ac132db-121e-40a1-a28a-bb1badf97023,sqs,128,64,send
669,1644122549.632743,e0a3a4db-df94-4736-b751-4ff40fa4202e,sqs,128,64,send
670,1644122549.641058,38be6343-3c3e-4e95-a494-a47371aad0f2,sqs,128,64,send
671,1644122549.6537192,58dde5d1-b774-4120-a9f4-b6e4c5c150d6,sqs,128,64,send
672,1644122549.6602745,b2e00439-9390-4e5e-854c-07f0f02b6c40,sqs,128,64,send
673,1644122549.7212272,a39ba0c1-39e3-4df9-8017-051132a46d7e,sqs,128,64,send
674,1644122549.7268884,61ef7ade-0121-4b04-9919-4ead82d4eb8c,sqs,128,64,send
675,1644122549.7382305,e36146d8-46e3-473d-8e64-3b7ce31efecd,sqs,128,64,send
676,1644122549.744112,73493827-cd66-4cb5-9047-3cb8ec2d846a,sqs,128,64,send
677,1644122549.7504723,b0e4f939-07d8-48ee-857e-9412b2b670d0,sqs,128,64,send
678,1644122549.755737,6e53dd47-4ea5-4613-b7e0-bef33e539887,sqs,128,64,send
679,1644122549.764562,9b2b0af5-68e9-4004-8419-3946c2fd2e9d,sqs,128,64,send
680,1644122549.7707,2df04e75-76fc-486a-ad8b-94fd673b3442,sqs,128,64,send
681,1644122549.776892,8b46565c-9ad4-4b49-a41a-0dce0f5f91fc,sqs,128,64,send
682,1644122549.7822478,aa4f35a0-fcaa-4623-af19-fa530ea91f68,sqs,128,64,send
683,1644122549.7878642,cfc71cd5-c95d-446c-985f-8f9fccb4c01e,sqs,128,64,send
684,1644122549.7935672,24c08331-1981-4879-bc23-3c3fb064dd6e,sqs,128,64,send
685,1644122549.7990632,db9add75-b620-4e73-9168-1fade6d4c36a,sqs,128,64,send
686,1644122549.8138022,7456608f-4e2b-43db-b233-5865161c2b64,sqs,128,64,send
687,1644122549.8654385,438f540d-9654-42c8-9ebb-0c782df555fd,sqs,128,64,send
688,1644122549.872064,1f486e7f-6ef8-4c58-bcb7-60a400c76a68,sqs,128,64,send
689,1644122549.9271374,2c5f0598-f78f-4ee1-8a76-60f41dbab612,sqs,128,64,send
690,1644122549.9348688,ca5ea137-1e44-4543-b513-326b74df2482,sqs,128,64,send
691,1644122549.9420445,b7e3de22-5f1b-4a2b-9fee-0af5f92a6ffc,sqs,128,64,send
692,1644122549.948226,0f8aba80-4c09-4d43-90c7-9c6532949559,sqs,128,64,send
693,1644122549.955503,2362be4b-edc4-4e75-8a75-1ad3c7ccc94a,sqs,128,64,send
694,1644122549.9675536,bf861885-3cf6-45e3-b544-4ed2e1c353f1,sqs,128,64,send
695,1644122549.9732878,092494c2-b8f0-4185-9d61-9f9e52bde485,sqs,128,64,send
696,1644122549.9795406,2e9bdcad-f883-460a-a1df-9d846e76c7bc,sqs,128,64,send
697,1644122549.9858146,4ccae659-757f-4d14-8886-7836f4220f41,sqs,128,64,send
698,1644122549.996574,26909177-7feb-4777-a558-52162a8f2b9c,sqs,128,64,send
699,1644122550.0020585,3ed277a9-e0e6-4463-83be-b1b617fc13d8,sqs,128,64,send
700,1644122550.0084088,ed47f64c-28b1-4112-a3c1-19d9d8ead6ce,sqs,128,64,send
701,1644122550.0154881,f094dd23-0814-4937-a0fb-461b6d487a23,sqs,128,64,send
702,1644122550.0215795,9a2dd979-34bf-4fa4-b8e3-ba9c56fa3526,sqs,128,64,send
703,1644122550.028078,f382669b-f78a-4d0b-804b-b92dd071138a,sqs,128,64,send
704,1644122550.0339596,edbd2a9a-632d-4479-b42d-9101dd4b6eae,sqs,128,64,send
705,1644122550.040103,b2e95cd8-7ae2-4ceb-8f0b-5b06258b2b8a,sqs,128,64,send
706,1644122550.045937,434160fc-acff-47be-8e46-4a4c75b6cdd5,sqs,128,64,send
707,1644122550.0516057,660b98b8-6db8-4574-936b-cb4104e379fb,sqs,128,64,send
708,1644122550.0626256,5d34f639-91a2-4f7c-aff1-bebf2661d783,sqs,128,64,send
709,1644122550.072657,993edd81-adbe-4197-86db-867156aff14d,sqs,128,64,send
710,1644122550.0798957,cd0205cd-c168-4148-8618-c0467ca8ad5a,sqs,128,64,send
711,1644122550.0864465,34c4331b-7a1c-49df-a613-aaf26c0e1b44,sqs,128,64,send
712,1644122550.096886,c9f0b850-03d7-4a1c-8c72-e557638b1693,sqs,128,64,send
713,1644122550.1028628,40ba9c3f-836b-441c-8732-2a49e115cee5,sqs,128,64,send
714,1644122550.1085236,499c832c-5ac1-44e0-9f98-9a3d9a651936,sqs,128,64,send
715,1644122550.1140432,b0a6fc68-7d55-4d55-9632-d4c8034da43b,sqs,128,64,send
716,1644122550.1266496,398a5440-434f-4642-acc8-f9dee9eeda75,sqs,128,64,send
717,1644122550.1343598,e69d9e4a-6ea1-461b-a838-6a8ed5f1f10a,sqs,128,64,send
718,1644122550.1414657,5356aba5-1e26-4f45-9e61-c89371b83f6a,sqs,128,64,send
719,1644122550.1744561,88475df8-b7f7-4d14-a7c2-22f835d69e86,sqs,128,64,send
720,1644122550.180539,83abf39d-d28c-4b34-a003-4c55c1702281,sqs,128,64,send
721,1644122550.1865742,df3d1087-f6ee-4e3d-b0f5-b59d98a1640d,sqs,128,64,send
722,1644122550.1931431,284fc3c1-3887-402f-af34-c205b45c0e9b,sqs,128,64,send
723,1644122550.2002654,76f68d9c-84ce-4130-806b-9bd870c93560,sqs,128,64,send
724,1644122550.2063806,f67c15f4-554b-41b9-82b5-a8758686b921,sqs,128,64,send
725,1644122550.2130435,d52d3d06-ebdc-4a4a-ae5a-01f3665927c1,sqs,128,64,send
726,1644122550.2282364,517f89da-4bbc-475e-82a3-a6d8443ec4d1,sqs,128,64,send
727,1644122550.2377923,61e8c549-61d5-447f-a6d2-ad20ebd43c8f,sqs,128,64,send
728,1644122550.2446,b867f3f8-7ccd-4c70-ba9f-83e649392652,sqs,128,64,send
729,1644122550.2535534,bad99223-f95d-40d3-8991-9cd0792e11ad,sqs,128,64,send
730,1644122550.2596133,759a3274-6440-41fe-bbd3-fd92674a015e,sqs,128,64,send
731,1644122550.2652779,17595ade-a887-487c-b40d-56f00715af76,sqs,128,64,send
732,1644122550.2736785,2bd65985-8de9-45dc-921f-fbfbb5d4bd9f,sqs,128,64,send
733,1644122550.2796276,ddf61e22-a665-4e4d-9f7e-4c529134cc70,sqs,128,64,send
734,1644122550.2858837,454a045a-09a7-407b-9331-d9a3b83d44af,sqs,128,64,send
735,1644122550.2993076,b7291615-130c-4eba-bddd-dfd20f2a8dc2,sqs,128,64,send
736,1644122550.307535,afd10ab6-75d1-431e-b137-ffa394727e4c,sqs,128,64,send
737,1644122550.3140013,44518ee7-1554-4cee-a6b3-10769a043869,sqs,128,64,send
738,1644122550.3205824,c86a808b-9e72-42b3-8cab-2add9cb8d265,sqs,128,64,send
739,1644122550.327408,e347187e-7b1f-4af8-a61e-5e1b4278e3c2,sqs,128,64,send
740,1644122550.3375647,c7b616ef-31bd-4e03-b4c1-929e3840fb2c,sqs,128,64,send
741,1644122550.3447936,780b0382-b1f0-40ed-81f5-81afd4026755,sqs,128,64,send
742,1644122550.3516934,08091677-ee11-4558-92c9-bda64b3ee6ce,sqs,128,64,send
743,1644122550.3576288,cf08bcdb-31bf-4b59-9a81-e873a006f2c3,sqs,128,64,send
744,1644122550.3655915,0bb34f76-fbc0-47d2-879a-5988a1af5e38,sqs,128,64,send
745,1644122550.4266922,074f09af-0902-4535-8313-e97160ca7e97,sqs,128,64,send
746,1644122550.440254,e5acff52-9e57-4f16-ba41-ef373033a216,sqs,128,64,send
747,1644122550.4487724,9a8546ef-cb40-4dfe-94d8-25a93e4b8901,sqs,128,64,send
748,1644122550.4659197,1a890c21-9e51-4029-b84e-d0943ef6b280,sqs,128,64,send
749,1644122550.4718409,d035d3e0-da4f-409e-9696-ea4511ed0223,sqs,128,64,send
750,1644122550.5013647,0ed8f968-4998-4922-a563-01fe38d554b3,sqs,128,64,send
751,1644122550.5085213,f3b4abda-6129-4f81-9a80-d8af7919a5f1,sqs,128,64,send
752,1644122550.515066,631f402f-1aba-4f13-a02e-57735a6b4ceb,sqs,128,64,send
753,1644122550.5221617,d4799a02-a23f-4995-8665-527a51b3c9f9,sqs,128,64,send
754,1644122550.528821,067004cb-efba-4779-8b34-d3313624fbbd,sqs,128,64,send
755,1644122550.5354116,c208fa96-e7f0-4ab4-b50a-c703b391d0db,sqs,128,64,send
756,1644122550.5419154,d8cdce59-8667-4b06-bf19-a02a4684d7e6,sqs,128,64,send
757,1644122550.548013,04f9d27c-0fa9-4f64-9936-80ccae5ebce9,sqs,128,64,send
758,1644122550.5542636,bf4a8dea-0c46-4589-b371-a8db0668c949,sqs,128,64,send
759,1644122550.5607095,00d076ec-0537-46a4-9b20-7a7bed6e8340,sqs,128,64,send
760,1644122550.5661538,883b71be-cc8f-4cc7-a8dd-bcdb13e6e58e,sqs,128,64,send
761,1644122550.5717838,18a60e61-f9d7-423e-9b90-53179bd560d6,sqs,128,64,send
762,1644122550.5772579,8c53fe47-e3cc-45b2-93b4-e8e28720c076,sqs,128,64,send
763,1644122550.5831482,547208aa-2722-4fe9-b1a5-3414c82e6e79,sqs,128,64,send
764,1644122550.588869,7d83fc73-2133-45ea-9086-27a58ce3ec99,sqs,128,64,send
765,1644122550.5948997,bfba9beb-8285-4fd6-9c08-49e618081122,sqs,128,64,send
766,1644122550.6017334,470e98dd-2e90-4f2f-be82-20e2a30cd21a,sqs,128,64,send
767,1644122550.6084368,85a832d1-7942-4d1d-b2bd-9630ef6a0540,sqs,128,64,send
768,1644122550.6147501,ad08071c-6fde-452c-beeb-eba366f4a8d2,sqs,128,64,send
769,1644122550.621014,ec2ac89c-41f4-432b-9dbf-035b8db0394a,sqs,128,64,send
770,1644122550.6267366,725224fa-1db4-404e-b220-48c194de9a2d,sqs,128,64,send
771,1644122550.6394286,db362302-c477-4ec6-aa8c-3c85e00ce11e,sqs,128,64,send
772,1644122550.646405,adcb9ce7-b370-4779-85a8-afcde189f854,sqs,128,64,send
773,1644122550.652776,affb1055-a12b-41d3-8f26-327772a3c5f0,sqs,128,64,send
774,1644122550.6586335,de57759a-eeea-4532-82a7-74c2e51a1231,sqs,128,64,send
775,1644122550.6710396,e15e5fc0-55b3-490e-8edc-a37a7737d8fb,sqs,128,64,send
776,1644122550.681355,c1059f9c-6bb2-41a1-82c8-a6cc6e8821ad,sqs,128,64,send
777,1644122550.693998,70ca08d2-84c8-491e-8acd-1f5a96d57899,sqs,128,64,send
778,1644122550.7034495,a7469bb0-51bf-4f57-acaa-a30fb0e83634,sqs,128,64,send
779,1644122550.7118618,d4b678b1-b059-4279-9caf-dda43a39ea29,sqs,128,64,send
780,1644122550.7189252,dff87109-58f4-4f70-8ef8-931f180a9345,sqs,128,64,send
781,1644122550.7287786,3a37c4d2-f44e-4770-a3f7-ea7d8e0173b3,sqs,128,64,send
782,1644122550.7366567,a2e3925a-f46c-4654-a262-3cfb7fd4fa9b,sqs,128,64,send
783,1644122550.7435052,a58c5db4-1f46-4a9e-8c7c-603824fdf8d7,sqs,128,64,send
784,1644122550.7506824,25f77e37-931f-49cd-bfa3-551da0bb2c0c,sqs,128,64,send
785,1644122550.7590525,d46f1f5b-aca2-45e6-b313-04ef485b87b6,sqs,128,64,send
786,1644122550.7656767,2fc49146-2144-46f0-b199-78dd05b42e82,sqs,128,64,send
787,1644122550.771447,0b3f9788-b9c4-46a5-a123-c140501c1ff4,sqs,128,64,send
788,1644122550.777433,4b3c3562-a0b4-42e0-b5f0-eb8d1f1d3be5,sqs,128,64,send
789,1644122550.7836344,de3cfca5-a3d3-4c69-b7e9-adeb909c9257,sqs,128,64,send
790,1644122550.7894933,555c7aaf-e3a1-46b7-8c27-db0ed18d477e,sqs,128,64,send
791,1644122550.7961578,abe99282-a5d5-4dbe-add6-4125c00a47fc,sqs,128,64,send
792,1644122550.80267,2f2e1798-f276-459b-9822-703d49b26a9c,sqs,128,64,send
793,1644122550.8088174,b03676d0-8858-49f4-b128-a6aeb240f4a1,sqs,128,64,send
794,1644122550.8166077,7a49b4bd-e9c6-4f44-811b-33cb0f0db50f,sqs,128,64,send
795,1644122550.8223832,b899d769-8153-49d3-a85b-f60770158feb,sqs,128,64,send
796,1644122550.8346734,e0152933-f2ab-44ae-bbac-2753d34aed70,sqs,128,64,send
797,1644122550.8408532,8818d4a7-7376-4521-a73a-0d262d600c2a,sqs,128,64,send
798,1644122550.8469565,9751d9b9-969e-4a44-a4c1-9b485c6cc1d1,sqs,128,64,send
799,1644122550.8816652,cfd8cac6-962b-47c0-a5e9-481ad4a19682,sqs,128,64,send
800,1644122550.8884172,760bb3ec-ae4d-41f1-8beb-c981c9e28baf,sqs,128,64,send
801,1644122550.8989725,30e4b8f3-67c3-4ce2-bf74-d22be052d991,sqs,128,64,send
802,1644122550.9050875,5d001ad8-b4e3-4bc9-932b-0f8b227c40b8,sqs,128,64,send
803,1644122550.911726,17cf40ff-bc76-4f0c-aa67-332309fce64b,sqs,128,64,send
804,1644122550.920441,1a7e3432-faad-4863-9383-c634eabd26f4,sqs,128,64,send
805,1644122550.9314263,87a7dba8-44a8-4b33-95d5-0ac4c9cbf2a8,sqs,128,64,send
806,1644122550.9373605,698fe265-f8af-49dd-9b43-706f9fcf97b3,sqs,128,64,send
807,1644122550.9440808,79ae4881-948e-4e44-89f4-988ae93b26cd,sqs,128,64,send
808,1644122550.9506733,7c44d041-585a-4d25-9d39-0ce2ad16803d,sqs,128,64,send
809,1644122550.9570155,1fa6a5db-b3c7-41b4-8e95-d71f32a48dc8,sqs,128,64,send
810,1644122550.9636097,1f5faf05-06e2-4529-85d0-04659e1af718,sqs,128,64,send
811,1644122550.969522,b14d63df-d70d-4127-8835-ae50dad652ad,sqs,128,64,send
812,1644122550.9758518,103f0137-107d-44da-a2ed-cdb4e5499a6c,sqs,128,64,send
813,1644122550.9844573,ea70ddae-1bbe-418e-bdcf-b612df997e01,sqs,128,64,send
814,1644122551.0184233,12a7e3ff-6d64-435d-8660-6d98d171caf1,sqs,128,64,send
815,1644122551.0249662,701828e9-a5f2-49eb-9580-08b892254375,sqs,128,64,send
816,1644122551.0322988,395fb73d-6805-453b-b093-416cf488bdbb,sqs,128,64,send
817,1644122551.039961,ec1a80fc-4baa-4cee-9229-a8ef194b81f3,sqs,128,64,send
818,1644122551.0472877,5c106320-f9a9-49d1-ab31-802db5161d69,sqs,128,64,send
819,1644122551.053282,7655c739-781a-41ba-a7e6-d4cb7eef9564,sqs,128,64,send
820,1644122551.0599265,a16d8466-d6ec-45bc-975c-efb5e695842c,sqs,128,64,send
821,1644122551.0659313,8a02427b-d80f-41d3-9adb-31522313fb5e,sqs,128,64,send
822,1644122551.0718522,0a12f4aa-b177-4dab-957a-f3baacbeefa3,sqs,128,64,send
823,1644122551.0787,a34f9759-b8f4-435c-8acb-0314535a0d95,sqs,128,64,send
824,1644122551.0849247,669bad80-12c5-4f3e-9f05-25c151726132,sqs,128,64,send
825,1644122551.0908437,b8d02dd5-9e11-44ea-97d3-d63979a9576b,sqs,128,64,send
826,1644122551.0974553,5c83abb3-65d4-4e53-b896-558c6db67ab7,sqs,128,64,send
827,1644122551.1031923,4a78b7e6-e3f0-4397-9602-69f5a9983698,sqs,128,64,send
828,1644122551.1167357,9e53f20c-d63a-492e-a6a5-a1c08377f985,sqs,128,64,send
829,1644122551.1245909,e72bf38b-dd26-464b-9fbf-756a76e3b690,sqs,128,64,send
830,1644122551.1368115,59ea5fba-a8ee-478b-a38d-2a57d9b8023d,sqs,128,64,send
831,1644122551.1464183,b324c1f6-a3b0-4801-8eb5-50c654ce05d1,sqs,128,64,send
832,1644122551.1533835,2921c83c-d6b4-429f-93c4-620133aff8ac,sqs,128,64,send
833,1644122551.1595347,5a046dc9-c71e-490a-b579-2c0930bf058b,sqs,128,64,send
834,1644122551.1653645,13fa91a3-6b03-4776-a062-ff3ff7d1307d,sqs,128,64,send
835,1644122551.1713195,f1d22e11-9846-4030-98c1-1c6dee89ebe2,sqs,128,64,send
836,1644122551.1779194,e9699299-c863-4351-920a-97b1544ade10,sqs,128,64,send
837,1644122551.1881945,06e0ff2e-e355-42ad-a160-3786f58d6bb7,sqs,128,64,send
838,1644122551.1949093,f5581f28-085b-457a-9650-2b0dca8cb7f5,sqs,128,64,send
839,1644122551.2005002,bff09620-ce3a-4454-937b-4ff552480ff7,sqs,128,64,send
840,1644122551.2077138,5f24f506-3ade-4e74-9155-c02145a12beb,sqs,128,64,send
841,1644122551.2178783,d4dcd291-1bd5-474c-9473-62d0b9645065,sqs,128,64,send
842,1644122551.2246528,68b7fa18-220f-40bc-a8a9-0d9755e4461e,sqs,128,64,send
843,1644122551.2320304,c81d5ab2-bb43-4c7c-b3ce-1273263065a8,sqs,128,64,send
844,1644122551.2388422,a1918d6e-3f03-430b-9852-dd54d96f5cf6,sqs,128,64,send
845,1644122551.2460423,fb3e5cf3-9f97-4a60-a4ea-871282668f3c,sqs,128,64,send
846,1644122551.259554,10230455-c304-4461-9323-6900c514d93b,sqs,128,64,send
847,1644122551.2677138,891ce9e3-8238-4ebb-9fcd-6f849605dde7,sqs,128,64,send
848,1644122551.27429,13a39631-ded5-4ebc-be98-b0c7aff83f50,sqs,128,64,send
849,1644122551.280518,46b41a3a-1753-470b-ba72-955dce08fc48,sqs,128,64,send
850,1644122551.2868443,9c3daf02-cd3e-4299-801a-daaf25f3800b,sqs,128,64,send
851,1644122551.2929637,dc71da3d-edf8-4134-8b14-4bfc3f22e98c,sqs,128,64,send
852,1644122551.2997632,70af87dd-8dc9-43de-9891-1b6966d80976,sqs,128,64,send
853,1644122551.3064556,03f22952-6228-4978-bb2a-cbca26ffefc2,sqs,128,64,send
854,1644122551.313305,09469cf4-15e4-4181-a2a0-2cf9f79e2702,sqs,128,64,send
855,1644122551.323538,80feeb12-8988-48a7-aa9a-596f088f77fb,sqs,128,64,send
856,1644122551.3317246,04f332a3-46e7-4b92-9af7-2b0755a83121,sqs,128,64,send
857,1644122551.340332,c6d2e97d-cb06-475b-a20a-003eb3bd2446,sqs,128,64,send
858,1644122551.3558912,b36e9102-f45f-4478-9181-89e238f6cc93,sqs,128,64,send
859,1644122551.3621855,f4b4d72a-3706-48e7-9751-998889ef95f1,sqs,128,64,send
860,1644122551.3682456,e2f16805-aeb6-46a0-86b1-03536f16eaab,sqs,128,64,send
861,1644122551.3771658,8a169461-a7f6-456b-9add-d74f01af4022,sqs,128,64,send
862,1644122551.3864832,a801ae9e-d053-4770-be1b-b55f00466021,sqs,128,64,send
863,1644122551.3970468,d266a518-326d-4629-a7d9-e690f49123de,sqs,128,64,send
864,1644122551.4052153,406d1033-63e9-476c-a358-257e9b5f2cc7,sqs,128,64,send
865,1644122551.413451,ad9ccbbc-d89c-410c-bbbe-3645d0b8c07e,sqs,128,64,send
866,1644122551.42226,e63c3578-53f7-45fc-bcf0-5382b8c625d1,sqs,128,64,send
867,1644122551.4321127,67cc5e70-0449-4a29-aaac-5b692895e4aa,sqs,128,64,send
868,1644122551.4413295,12873d0f-f19e-45ed-8ace-68cfe89a9b2b,sqs,128,64,send
869,1644122551.453488,bb331288-774a-4213-9138-c7811ca1834a,sqs,128,64,send
870,1644122551.459315,8b7f0401-b6ac-4742-aeba-77602152ed09,sqs,128,64,send
871,1644122551.4685776,69a94930-1a02-435e-9d26-820ae537cb6b,sqs,128,64,send
872,1644122551.4785814,09ea28f7-bd7a-4ba7-9c32-df986f9cf255,sqs,128,64,send
873,1644122551.4855618,2658ba80-20ae-467d-9dc4-f05ab57c2929,sqs,128,64,send
874,1644122551.4956613,a0f9e9dc-8761-4303-9a51-6ed9b686989a,sqs,128,64,send
875,1644122551.504826,fe10ce0e-7673-48a3-b9c0-9dc061ace40a,sqs,128,64,send
876,1644122551.5139287,56148d28-da9a-466b-bbf0-5a9e67a3c912,sqs,128,64,send
877,1644122551.52269,bfc50861-84b1-45cd-9d01-3418d3e5f8cb,sqs,128,64,send
878,1644122551.5321279,0eb6794c-73cb-411e-9f03-7c44d6ca3c04,sqs,128,64,send
879,1644122551.564888,4c006784-a440-4460-bd55-e2929a1aa600,sqs,128,64,send
880,1644122551.5746152,3e28ac7a-751a-4d8f-b4c1-ef82c3b4afcc,sqs,128,64,send
881,1644122551.5830066,ad4a0596-4c7d-4363-8ab4-6196b6420873,sqs,128,64,send
882,1644122551.5907595,116868af-9817-4153-84ed-fa53b3eae4f6,sqs,128,64,send
883,1644122551.5973296,7a179e5b-dffd-4255-bb0b-69af1f7c6311,sqs,128,64,send
884,1644122551.6044846,a89e63fd-099c-4f73-964c-9c839bab150a,sqs,128,64,send
885,1644122551.6111133,77ba1ac7-75fd-4faa-b37f-99b9d940137a,sqs,128,64,send
886,1644122551.6174862,5e0087b7-e633-4d0c-9f2f-a1c2641265f4,sqs,128,64,send
887,1644122551.6254463,531bb6f8-7089-4d95-a6a4-b17bdb14fcd5,sqs,128,64,send
888,1644122551.6318016,6d8b2461-bfc7-49ff-9d9b-c860ac5dd575,sqs,128,64,send
889,1644122551.6447809,d950ab74-b4d2-463a-9ab5-a3e54c28e644,sqs,128,64,send
890,1644122551.651521,793e65ab-471d-4dea-9238-265fd7239c7d,sqs,128,64,send
891,1644122551.6586065,fe000be0-27fb-4d22-8fbd-e75effa3066d,sqs,128,64,send
892,1644122551.6651392,0c2ba7c7-5889-4a55-beff-babe732dfffd,sqs,128,64,send
893,1644122551.6720903,a3a369a0-f213-4562-8ac5-d24a765feb81,sqs,128,64,send
894,1644122551.687895,2d804227-a5a3-4a71-9f00-40c6c1becb9f,sqs,128,64,send
895,1644122551.6950145,d144c96b-5936-4ccf-893c-c37ee894f094,sqs,128,64,send
896,1644122551.7089643,f1d92fef-b647-4042-bc07-7fb8aa4e368a,sqs,128,64,send
897,1644122551.7151442,03b40d5d-f5eb-4749-a0b4-b943dd729ff0,sqs,128,64,send
898,1644122551.7243016,c45ed0af-0c5d-47f9-8380-6c30e5915b71,sqs,128,64,send
899,1644122551.7307107,a24cf2a3-1e91-40ef-be52-c37076c59642,sqs,128,64,send
900,1644122551.7394366,6960befb-3bf2-4d1c-ae65-542f3482cee6,sqs,128,64,send
901,1644122551.7460792,3b332aab-bdfe-49a0-be29-02a61076340f,sqs,128,64,send
902,1644122551.7536366,01ad9c2e-cdfd-4624-ad7e-05e4c4755403,sqs,128,64,send
903,1644122551.7608573,f450e962-3905-4fdf-b60c-78b85b2dd06f,sqs,128,64,send
904,1644122551.7683487,f91896ad-a3ac-47f0-ae7a-c6485963de77,sqs,128,64,send
905,1644122551.7779944,f8fe2a5f-0bdc-4844-9a34-438595370fbb,sqs,128,64,send
906,1644122551.7880106,c217e767-f56e-4f5a-8a6c-90ebdbcb34e7,sqs,128,64,send
907,1644122551.7979915,1382dfac-b96a-4c41-9a74-7039a074b72a,sqs,128,64,send
908,1644122551.8259106,220030c4-c4b0-4aad-84bf-5296f3ccfcbf,sqs,128,64,send
909,1644122551.8319664,5e0b55a7-261c-4ee9-adaa-cac24ed3e968,sqs,128,64,send
910,1644122551.8380053,fdd7dbc3-04ad-45d1-9017-061c3e6b8cbc,sqs,128,64,send
911,1644122551.8448381,3002cac5-0de3-4a25-ac70-8fb8b84b5e01,sqs,128,64,send
912,1644122551.8514645,ddcb599d-4ff0-46ad-8fe4-af8a48bb48f6,sqs,128,64,send
913,1644122551.8611734,79e2ef3d-a887-4aab-a90e-0a7940185346,sqs,128,64,send
914,1644122551.8677642,eef56329-4c53-4a6b-b3de-eb90dfb7519b,sqs,128,64,send
915,1644122551.8745847,037e8946-375f-4ff9-b8e8-8428e32b1e00,sqs,128,64,send
916,1644122551.8808184,a7ce9adf-badf-46a3-84f6-175d7c6f46d0,sqs,128,64,send
917,1644122551.887235,e4fdf48c-b684-4305-82d7-f7ce446f08cd,sqs,128,64,send
918,1644122551.8959243,a6771098-80fc-4f8e-bf27-d1e28cd56f20,sqs,128,64,send
919,1644122551.9060688,f14be81b-62fe-4539-a05c-3c85a20353d6,sqs,128,64,send
920,1644122551.9134796,cba1f555-621f-4cd8-92a2-d68693685044,sqs,128,64,send
921,1644122551.9235156,8014837f-b998-4433-9219-c745e27430c2,sqs,128,64,send
922,1644122551.933261,9cd0d628-2fb2-4e8c-8f93-e45cbad8a51f,sqs,128,64,send
923,1644122551.941717,65a6197a-ec5d-4cd2-b922-75447a1595fb,sqs,128,64,send
924,1644122551.9502344,b4d3af23-a46a-4e1b-aaf9-f7c86fb4308d,sqs,128,64,send
925,1644122551.9594893,8df033cd-8afd-4625-b521-7dae4aa49b31,sqs,128,64,send
926,1644122551.9683943,6cfe0f78-764b-4383-b917-190a2c011868,sqs,128,64,send
927,1644122551.9774303,d0d49eaa-a8c0-4573-bcec-aadce80c1c87,sqs,128,64,send
928,1644122551.9877264,54731058-be7c-4864-a987-654d6aaddcde,sqs,128,64,send
929,1644122551.9953153,54aeabff-c490-417d-b53c-51472d249ef1,sqs,128,64,send
930,1644122552.0074813,cee34e89-b61d-4cf7-9182-d3c0cc6097a1,sqs,128,64,send
931,1644122552.0143604,2081edef-3982-4b9e-861d-e96162bcf427,sqs,128,64,send
932,1644122552.0251517,d7916752-0493-4908-b6de-281874088699,sqs,128,64,send
933,1644122552.0321994,482c5ade-edfc-4b7e-a765-43a672f12a4a,sqs,128,64,send
934,1644122552.0416908,cc5f26bf-85c9-49e5-a372-0bade6d0f5d1,sqs,128,64,send
935,1644122552.0505621,3c070568-4122-47fe-8edc-bba8f0a4b8c3,sqs,128,64,send
936,1644122552.0597923,4e24cae0-e91e-40b5-afbe-f4fd6470894b,sqs,128,64,send
937,1644122552.0690591,7893f63a-d433-47d5-a4fa-ccfbc4ce5ee7,sqs,128,64,send
938,1644122552.078554,f8e2e39c-b3d2-4cb0-b38f-dbb09c0e0c6d,sqs,128,64,send
939,1644122552.086771,07a9b7cf-9e38-48ad-9a03-8c556006b386,sqs,128,64,send
940,1644122552.1019588,b0615983-9a9e-4d67-a597-4a1317fbe565,sqs,128,64,send
941,1644122552.110365,d265225c-86b3-4cd6-a631-7ec3e3aa26ba,sqs,128,64,send
942,1644122552.1210024,b4077645-dd73-4382-b335-3ea93a7ded41,sqs,128,64,send
943,1644122552.1286783,aa4e2d15-079d-4d83-8597-a3da202390e7,sqs,128,64,send
944,1644122552.136353,a944c438-6374-44bc-8387-97ac343330cd,sqs,128,64,send
945,1644122552.143036,6ed1fd80-1156-4db4-a9b8-69427b227489,sqs,128,64,send
946,1644122552.1537247,8e9a0a9f-e4b3-4748-86c7-c3dbdff8fe98,sqs,128,64,send
947,1644122552.1610744,46f23ef7-52e3-4a3c-b9a5-c4ae65a1bd6f,sqs,128,64,send
948,1644122552.1688807,ed7e82f8-f6f5-41c4-b043-8d8a20f296e0,sqs,128,64,send
949,1644122552.1785023,11fd6dd3-b93b-47ee-a173-085fa0a09c40,sqs,128,64,send
950,1644122552.1884031,8dadf21f-f25d-4089-a264-c5a6e2246e8b,sqs,128,64,send
951,1644122552.197943,9083accf-0e87-4455-877f-e3c1593fd580,sqs,128,64,send
952,1644122552.2122712,f5511bd3-cd22-457c-b4fe-9673deaf2709,sqs,128,64,send
953,1644122552.2206774,b713887a-4775-4d14-a9e9-3489569aec8d,sqs,128,64,send
954,1644122552.2276309,3c91cef4-5bf4-4a3e-937a-849c0617d307,sqs,128,64,send
955,1644122552.2352161,1a2a914f-2b8b-4a23-b1cc-ea3316c11c66,sqs,128,64,send
956,1644122552.2424018,bc3aa99b-ec32-4dcc-8087-812a03a2234c,sqs,128,64,send
957,1644122552.2507162,0d26f49c-7e60-40d1-952d-5c461a2939e9,sqs,128,64,send
958,1644122552.2600958,1defe24d-5a47-4752-aaf9-6cdf47a2c3e8,sqs,128,64,send
959,1644122552.2911615,184cb56c-e35d-4774-8ad5-1b994e672bff,sqs,128,64,send
960,1644122552.2977574,038e2d98-d90b-470e-91cb-9ed17fa6e8bf,sqs,128,64,send
961,1644122552.3049417,1476ba46-9a53-46ad-8515-e529e8845773,sqs,128,64,send
962,1644122552.31385,337df21d-d5ec-41fc-bd10-2dcd37bdffed,sqs,128,64,send
963,1644122552.321001,9a107787-2f89-46d8-89cd-da1cb9a10382,sqs,128,64,send
964,1644122552.3281052,30eb8a7d-1fd6-4a77-bf2d-fee6b4501bba,sqs,128,64,send
965,1644122552.334184,2ccd46d6-c29a-4e26-8e93-e5dc46927b8d,sqs,128,64,send
966,1644122552.3410447,142d45f8-c768-4cd2-bd48-48523879cf24,sqs,128,64,send
967,1644122552.349897,6e93e892-c651-4798-9e53-05197dcbb794,sqs,128,64,send
968,1644122552.357356,e6d2cbee-1779-49cb-9567-62986e37c7c9,sqs,128,64,send
969,1644122552.3640926,980ee7cf-1f42-41ee-bfd5-00b1022d1e7d,sqs,128,64,send
970,1644122552.3736389,c3559496-3c6c-45b5-a8ec-e14d64c2b9e5,sqs,128,64,send
971,1644122552.3805277,9edb3e7c-b6c6-4420-a73d-78bee3e672fc,sqs,128,64,send
972,1644122552.3887022,fa006e72-a4c4-4bca-ae7f-208604e9a884,sqs,128,64,send
973,1644122552.395974,2420009c-1a3d-43b9-b0c6-707174dcd344,sqs,128,64,send
974,1644122552.405243,c9987f49-78bc-411e-89ce-2d18674b2d06,sqs,128,64,send
975,1644122552.417733,b5e999d3-a20f-45c7-8a9d-2c0391037147,sqs,128,64,send
976,1644122552.4243279,5a91c2d3-8c33-4356-a180-cac03fa80fbf,sqs,128,64,send
977,1644122552.4381773,e264f9c0-1a2c-4a9b-b718-ed28e59391a8,sqs,128,64,send
978,1644122552.445031,3c7b3a52-8e09-4eb1-a296-cd13fd5d12cb,sqs,128,64,send
979,1644122552.4521942,e4dea988-a5a3-4a56-aaf3-f25cc2f2becb,sqs,128,64,send
980,1644122552.4599946,49dea2c1-1cf1-4123-8d81-1a3333f3367b,sqs,128,64,send
981,1644122552.4684598,632ac86d-c31a-4e30-a197-feaa383de33f,sqs,128,64,send
982,1644122552.4776208,54daf598-160e-4d97-8ea9-34626bf7a14b,sqs,128,64,send
983,1644122552.4877715,e15fb2c5-f6e0-489c-9dc2-73b83b651569,sqs,128,64,send
984,1644122552.4958105,54b78a44-2d2c-4d39-8e9b-997d297249fa,sqs,128,64,send
985,1644122552.5047877,a084f130-de0d-4377-a1c2-6e724d33eecf,sqs,128,64,send
986,1644122552.514218,fca5aece-0423-42af-a0a2-a48f552f7205,sqs,128,64,send
987,1644122552.5227747,860ef228-82ca-4e49-9085-06d3e7de5df2,sqs,128,64,send
988,1644122552.5356288,a2e19c16-eb34-4f90-ae93-fe7f2c5837b4,sqs,128,64,send
989,1644122552.5431516,4da6714a-30c1-44cf-8a62-130259479637,sqs,128,64,send
990,1644122552.5509698,f999c02a-bb3b-4f3b-a471-5f7e88937946,sqs,128,64,send
991,1644122552.5627124,49d01cba-9675-4026-aee7-917c13382c24,sqs,128,64,send
992,1644122552.5711086,62aa377f-5202-4c13-aab9-2918a00fe564,sqs,128,64,send
993,1644122552.5790987,e1b63664-122e-4437-8bbe-e043e86c11fa,sqs,128,64,send
994,1644122552.5871716,528889f9-a632-4c3b-a07c-a31a0b46c90c,sqs,128,64,send
995,1644122552.5996063,880420ba-1d7b-4656-872c-7ac7bfbb9fac,sqs,128,64,send
996,1644122552.6064718,0bbc3814-7885-48dc-ad92-7b4616d23ab2,sqs,128,64,send
997,1644122552.6224706,3cb3f148-79dc-4639-bf44-5f42880285f0,sqs,128,64,send
998,1644122552.6334863,15bdd212-940d-4203-9be7-e533dfb7e74c,sqs,128,64,send
999,1644122552.6446853,c3a7e030-3c11-4f86-88d2-f00af27e6d8e,sqs,128,64,send
1000,1644122552.652492,2c27812e-801e-4d2d-8ec6-badbb80fbd9a,sqs,128,64,send
1001,1644122552.6623564,d6ae2d11-9cf6-4727-942f-f178f0c60ac7,sqs,128,64,send
1002,1644122552.6697664,10ffa75b-aa9d-4d6e-a59c-415525868037,sqs,128,64,send
1003,1644122552.6767566,7d80ed3f-2f04-4463-8d45-29292f4f6b26,sqs,128,64,send
1004,1644122552.6852083,fa772aae-3f09-460e-b6ac-49beaa80a7f1,sqs,128,64,send
1005,1644122552.6923509,f5f34f03-b22e-43cb-9799-661b21acfe71,sqs,128,64,send
1006,1644122552.7009451,903e5d3d-b80c-4df8-93ea-83a098b37bec,sqs,128,64,send
1007,1644122552.707329,632fc31c-6561-4472-a677-d58c675a074b,sqs,128,64,send
1008,1644122552.7140126,6b3101f3-19be-40f5-b6e0-2cbd7c31b4f7,sqs,128,64,send
1009,1644122552.7235887,e0db32ce-8dc1-4cd1-8ee0-76734c7e3061,sqs,128,64,send
1010,1644122552.7316957,c7e0728f-67cc-4d35-9e4b-5154c5c3b069,sqs,128,64,send
1011,1644122552.7417676,fcbd4a38-d8ca-4314-8671-be466d27e3da,sqs,128,64,send
1012,1644122552.751084,1d7ca000-8d06-4cc4-9d81-0f503ca836d6,sqs,128,64,send
1013,1644122552.7599232,925efed9-c083-4325-9caa-8e71ba2ac22f,sqs,128,64,send
1014,1644122552.7679937,be03a04b-e8a1-41a7-93b8-a0e8ee7635b3,sqs,128,64,send
1015,1644122552.7785704,aad0b848-3f62-4da1-abce-9f70243cd3d9,sqs,128,64,send
1016,1644122552.7909322,9076a046-1f13-4293-b489-d501dd45c4ab,sqs,128,64,send
1017,1644122552.8042576,92f1234e-fe55-4de6-89e3-f07dbec5013a,sqs,128,64,send
1018,1644122552.81088,0821a4af-a338-4f15-8826-fd21195381b4,sqs,128,64,send
1019,1644122552.8204858,ec6c308d-c286-4970-8636-7f29b5f54d6b,sqs,128,64,send
1020,1644122552.8280218,cf2999a4-d52f-4b8e-a25c-cc2d2872b13a,sqs,128,64,send
1021,1644122552.83626,4214a0e2-4155-446c-bde0-bf74a625f4ad,sqs,128,64,send
1022,1644122552.8468566,f0e5400f-08eb-4814-adb2-a2f09262cbc3,sqs,128,64,send
1023,1644122552.8573036,203ca331-fb36-4804-aff6-4386d86f6526,sqs,128,64,send
1024,1644122552.8643954,62dc08e4-a26b-4e53-89a6-455b5fc3b8f0,sqs,128,64,send
1025,1644122552.8718092,cd0d6028-c3fd-44ef-abc3-7a11fbf49f19,sqs,128,64,send
1026,1644122552.8792796,c0add5d1-d886-48c1-bafc-8980778418ca,sqs,128,64,send
1027,1644122552.8866036,6ccaf417-da80-4aa7-863c-b66050ff330f,sqs,128,64,send
1028,1644122552.8992739,c91fa093-c7cb-40a3-95c3-9ce1b3dbf5fa,sqs,128,64,send
1029,1644122552.9062135,c33d9e32-bc48-4961-91e8-53dd3926ec86,sqs,128,64,send
1030,1644122552.918014,24f1eddb-8860-432e-ac83-38e5dac2bbab,sqs,128,64,send
1031,1644122552.9256086,26925891-1ed3-4516-a7e7-485be5968dd6,sqs,128,64,send
1032,1644122552.933363,f60c669c-900b-4874-a3ee-6845b10946fd,sqs,128,64,send
1033,1644122552.9411163,43df141c-bc37-4c96-840a-31d73a1de6c0,sqs,128,64,send
1034,1644122552.9514544,2e5f9b5d-e2f3-42da-9ae3-81d40bb132c5,sqs,128,64,send
1035,1644122552.961802,de68d331-d9b9-4334-a684-9300e9764e1f,sqs,128,64,send
1036,1644122552.9683938,fb68b90b-b97a-4c78-8715-1634366b5111,sqs,128,64,send
1037,1644122552.9815981,3c9c9df2-e2cf-449a-bc24-6d7c0a222007,sqs,128,64,send
1038,1644122552.9886382,cb0666f9-602c-4704-bab7-146c7740975c,sqs,128,64,send
1039,1644122553.0183437,a1d7f889-0e74-4476-b58b-300d5baace04,sqs,128,64,send
1040,1644122553.0270538,995d4458-697c-49b3-95ea-66d98f7d5793,sqs,128,64,send
1041,1644122553.0346782,c06df697-cf55-485d-b86f-86e229ad6ec6,sqs,128,64,send
1042,1644122553.0453002,d1b40b77-6523-43ef-82c0-8e248eba407d,sqs,128,64,send
1043,1644122553.052248,67c5fac9-d2d5-40cc-aa54-9080026a86ec,sqs,128,64,send
1044,1644122553.059622,ba70363e-6566-41ea-adf3-e66229783dc6,sqs,128,64,send
1045,1644122553.0682662,d7aa8d14-e832-42b6-ad24-0f7a6b98d1b3,sqs,128,64,send
1046,1644122553.0772395,5fc37ee5-45ac-49d7-8b3f-162efdfbe527,sqs,128,64,send
1047,1644122553.1062508,d1f517e2-d932-404a-9cca-6b5615ec316c,sqs,128,64,send
1048,1644122553.1124644,1dc8657c-509e-48b7-9b42-dcdb1c8bed3c,sqs,128,64,send
1049,1644122553.1193607,79d9b742-c1e8-4ba6-ab6d-58d8511f577d,sqs,128,64,send
1050,1644122553.128286,dae4acaa-1bf7-4ea8-ae59-1fd2f275aede,sqs,128,64,send
1051,1644122553.146923,91289b6d-162b-4f8a-bea6-5e1d880acf39,sqs,128,64,send
1052,1644122553.1536615,d00374e5-1ccb-48b6-a6cb-4c6260e80f66,sqs,128,64,send
1053,1644122553.159842,124c24fb-db33-4d41-aa13-8169384c18cd,sqs,128,64,send
1054,1644122553.1666875,4ea6dc3c-4982-4fef-8c9d-68c3f7658776,sqs,128,64,send
1055,1644122553.1726167,dfc38d11-e6a0-4de1-b820-6a920e55995e,sqs,128,64,send
1056,1644122553.1787567,d22fc8be-d9ba-4f9b-aff5-dcc02a22505d,sqs,128,64,send
1057,1644122553.1858597,bac93ca8-5c98-41f7-a30f-117a7b3c6b27,sqs,128,64,send
1058,1644122553.1943564,a19eebd1-1dd5-4460-be7f-9d460a6a1924,sqs,128,64,send
1059,1644122553.2006044,c32c96dd-9ca0-4af9-b41c-1c86858e9732,sqs,128,64,send
1060,1644122553.2073398,e95284a1-f70c-4e60-8034-563bbc6267e7,sqs,128,64,send
1061,1644122553.214194,bdfff665-d157-4477-80d5-b4ab0b023de4,sqs,128,64,send
1062,1644122553.2207813,6981dab7-fc0f-46a6-803a-9d7ad424ad2e,sqs,128,64,send
1063,1644122553.2353368,a8b159ad-5e23-40ea-86e6-82e1c71fd426,sqs,128,64,send
1064,1644122553.2420146,94902954-6987-4ca7-828a-e9e35324d2c4,sqs,128,64,send
1065,1644122553.2486582,f411ac09-07d0-435e-a2f9-e80cfa6e85f5,sqs,128,64,send
1066,1644122553.2561262,f4f0d6bc-93c3-44a1-b4af-faff0df76db2,sqs,128,64,send
1067,1644122553.2630584,5843db81-e21b-4169-af95-540917a82f59,sqs,128,64,send
1068,1644122553.2715406,fbc5039a-63a8-45eb-b043-ea889b8dec23,sqs,128,64,send
1069,1644122553.278294,bf4903f3-b170-4963-887f-1b77c1a1b3ba,sqs,128,64,send
1070,1644122553.284664,88c8667a-dc87-457a-9328-98d5f074aaac,sqs,128,64,send
1071,1644122553.2946293,f6967ec8-cd34-4653-8339-e9e9f36c20a7,sqs,128,64,send
1072,1644122553.301237,184185d3-e8c4-47dd-8db5-04f7b814205e,sqs,128,64,send
1073,1644122553.3087265,5decfe31-f2f9-49d2-8e48-92648f1997a2,sqs,128,64,send
1074,1644122553.3181179,ee0fce7c-0fef-431d-98d6-98e4b87447ca,sqs,128,64,send
1075,1644122553.3282902,4077c6c9-c5f2-453d-839d-015f3a47f2dc,sqs,128,64,send
1076,1644122553.336708,f81f942a-56c8-4fa0-b134-4539b030915f,sqs,128,64,send
1077,1644122553.3449364,aab4c9a6-dbb0-48c3-a808-8a9e4d314e78,sqs,128,64,send
1078,1644122553.351588,f40f894e-d831-4575-a50d-862ec651265f,sqs,128,64,send
1079,1644122553.3591988,aad79689-0b6c-4eb5-9a02-92b376f09116,sqs,128,64,send
1080,1644122553.371421,823fdb62-81e9-46ba-b6ef-34b7cfdf8b98,sqs,128,64,send
1081,1644122553.3812156,0d3858af-125f-4a6c-ad3e-2881f85a2911,sqs,128,64,send
1082,1644122553.387572,9306c273-fb9e-4642-8504-f680bddf89e0,sqs,128,64,send
1083,1644122553.3955903,c1deede0-3ef7-4cc2-aed6-e679bd21ef17,sqs,128,64,send
1084,1644122553.4048567,7fc069f3-95a3-4717-a230-708dfb2823c9,sqs,128,64,send
1085,1644122553.4174738,475b306b-715d-4d5d-849e-73a3606fd0df,sqs,128,64,send
1086,1644122553.4256675,c1d1ce86-4742-437e-8ca0-9fc3d7f407b3,sqs,128,64,send
1087,1644122553.436555,7e98dde4-6ae0-4fe7-8051-876715ac3f27,sqs,128,64,send
1088,1644122553.4425433,0529e6ad-2484-47fc-9807-d241af56ab9f,sqs,128,64,send
1089,1644122553.45053,4c528a60-b74d-4a96-90de-bd53aafde4d8,sqs,128,64,send
1090,1644122553.4623463,38e39657-4734-450f-9c40-160fa54ae89e,sqs,128,64,send
1091,1644122553.469392,1319d160-5040-4798-ba6b-1a75f10c10e9,sqs,128,64,send
1092,1644122553.4779997,7ecca151-80e8-4b4a-91c8-c436789ca2ad,sqs,128,64,send
1093,1644122553.4864595,72a6726f-febd-4c54-b556-c981cdb73ddd,sqs,128,64,send
1094,1644122553.4977026,79142c35-8860-4be3-8e56-62b69758433f,sqs,128,64,send
1095,1644122553.5086207,6b1cc264-103c-430d-848f-c36540abb333,sqs,128,64,send
1096,1644122553.5154831,a506e6da-e219-422a-8861-9543e739cec0,sqs,128,64,send
1097,1644122553.5270376,7e5cbcf1-7ab0-4864-8a81-0043a2861aa2,sqs,128,64,send
1098,1644122553.5351186,384ea3d1-3fdc-4d13-8195-059d03187791,sqs,128,64,send
1099,1644122553.5449173,cfeae3a5-ecda-454a-a0f6-207e0b36045d,sqs,128,64,send
1100,1644122543.5436254,-1,sqs,128,64,send
1101,1644122553.544921,-2,sqs,128,64,send
