,timestamp,idx,events,is_cold,queue,memory,type,size
0,1644174982.5306187,4a8d0010-2225-4692-acfd-ccf75b39e09b,2,True,sqs,128,rtt,1024
1,1644174982.5314865,8f200b06-35e6-40f6-a7e7-96bb361cba37,-1,True,sqs,128,rtt,1024
2,1644174982.7396743,21e55e5e-4ba7-452b-8bae-dcb0ecdc4c56,4,False,sqs,128,rtt,1024
3,1644174982.740174,c31c9742-6827-4476-a8a0-01d6eac4f83a,-1,False,sqs,128,rtt,1024
4,1644174982.740667,17e11eae-ac1a-466d-9d9a-1939c214dc3b,-1,False,sqs,128,rtt,1024
5,1644174982.7412548,801792c3-12fa-41a7-80b7-a5ba2369f996,-1,False,sqs,128,rtt,1024
6,1644174982.8311563,415e0899-b494-4704-b752-699189211915,5,False,sqs,128,rtt,1024
7,1644174982.8315468,b3295ca1-6281-4c96-904e-018085e706c9,-1,False,sqs,128,rtt,1024
8,1644174982.8322062,cd017a0c-5b4b-4dad-ac65-35060b2f763d,-1,False,sqs,128,rtt,1024
9,1644174982.8327007,c1045ee7-b45c-4778-9741-b0035f67ed74,-1,False,sqs,128,rtt,1024
10,1644174982.8332098,89cd5bec-938b-4270-bf57-c8ead300d6ae,-1,False,sqs,128,rtt,1024
11,1644174983.5188673,751a9021-5d4c-40bb-b0b9-67b057e97cda,1,False,sqs,128,rtt,1024
12,1644174983.5678616,65bbc2a4-fba9-4c1a-a927-6ade24458f81,5,False,sqs,128,rtt,1024
13,1644174983.5685647,50df1814-e759-4222-83da-cdc3f7cd6128,-1,False,sqs,128,rtt,1024
14,1644174983.568916,30924d75-8c14-4f84-9937-9ec21efe74fa,-1,False,sqs,128,rtt,1024
15,1644174983.5695188,a6a2aa53-6c5b-4166-b0fe-4e0e6ce041bf,-1,False,sqs,128,rtt,1024
16,1644174983.5702121,2af0f524-da01-44a8-8199-255ca27240ef,-1,False,sqs,128,rtt,1024
17,1644174983.7739892,ef64a499-aa12-4e3a-bc63-e52affcc0fbe,3,False,sqs,128,rtt,1024
18,1644174983.7740464,5c0501e4-ee69-4295-8b4e-675c34302b16,-1,False,sqs,128,rtt,1024
19,1644174983.7766178,eee5d576-5e08-4e4b-9807-3291aba7c77f,-1,False,sqs,128,rtt,1024
20,1644174984.1430194,c8bf09ae-2497-410e-8b2a-9a88d66a2a55,3,False,sqs,128,rtt,1024
21,1644174984.1434484,d16d7567-0632-4241-8f23-2e4aa14cc7cb,-1,False,sqs,128,rtt,1024
22,1644174984.143968,6a00bcf5-95a2-46d0-8cba-fdfc76baff37,-1,False,sqs,128,rtt,1024
23,1644174984.5270417,e1d6d4a5-6753-4f31-a76a-eccd0d689c24,4,False,sqs,128,rtt,1024
24,1644174984.5276444,5b2ad57a-acc0-4d03-bb83-a7c896834199,-1,False,sqs,128,rtt,1024
25,1644174984.5281403,e321c877-0419-40d5-823b-3ba4d9d2390d,-1,False,sqs,128,rtt,1024
26,1644174984.5286875,7bca0e0a-db99-4874-84a6-ef3e5e455128,-1,False,sqs,128,rtt,1024
27,1644174984.6741447,7f7434fa-4d39-460b-b1e2-7b388bb218d6,2,False,sqs,128,rtt,1024
28,1644174984.6747472,57117ec5-ca76-414e-b285-1c0ea9ba5271,-1,False,sqs,128,rtt,1024
29,1644174985.58902,7c2bfba9-c43e-4858-b482-ad64d0337201,3,False,sqs,128,rtt,1024
30,1644174985.589837,ec3ffb20-48e0-4b2e-a83f-ae1f7b41f3a7,-1,False,sqs,128,rtt,1024
31,1644174985.5905454,18f29b31-184c-41a9-9857-82c6d0d22b40,-1,False,sqs,128,rtt,1024
32,1644174985.6220088,6cffd293-b622-4197-ba50-2d4f472c6816,3,False,sqs,128,rtt,1024
33,1644174985.6226373,c665f47c-ab0c-4d17-ab63-a1465ccd308b,-1,False,sqs,128,rtt,1024
34,1644174985.6233659,68ef149f-fbe7-48cb-a769-296289ff698c,-1,False,sqs,128,rtt,1024
35,1644174985.7231696,0fa87a3d-9a49-4074-926c-da79d0e1a73e,3,False,sqs,128,rtt,1024
36,1644174985.7269568,458a27b6-ac3c-405b-9a6e-67724ee411d6,-1,False,sqs,128,rtt,1024
37,1644174985.728178,32ffffab-90af-4b10-86bd-c915a4dc0190,-1,False,sqs,128,rtt,1024
38,1644174986.0180938,aa1f3b71-44d0-4103-a306-d46681d8be4d,3,False,sqs,128,rtt,1024
39,1644174986.0186741,38814321-f985-4593-bafa-aa6d12763325,-1,False,sqs,128,rtt,1024
40,1644174986.0191696,7d31cc98-d437-4d38-a56e-035eefa14fc0,-1,False,sqs,128,rtt,1024
41,1644174986.2077599,07812fc5-baf2-4644-a566-151d1f082880,2,False,sqs,128,rtt,1024
42,1644174986.2083132,be5ddb32-c376-4910-bd12-38fa0de85e17,-1,False,sqs,128,rtt,1024
43,1644174986.2638454,c8bdaafa-573d-4d6e-a6dc-815a51959dd0,2,False,sqs,128,rtt,1024
44,1644174986.2644637,a8d21e82-7725-4f58-bd82-06a2a00f9bb0,-1,False,sqs,128,rtt,1024
45,1644174986.818922,2fb69ae4-a726-4611-b9ec-b65fd9e0be4d,3,False,sqs,128,rtt,1024
46,1644174986.8198762,75337a8b-5183-4493-a572-a84a8dcf5eec,-1,False,sqs,128,rtt,1024
47,1644174986.8203475,6f627264-a251-401f-93d6-1a3d2a257c09,-1,False,sqs,128,rtt,1024
48,1644174986.9178703,5d7ca8ba-2ab2-42b2-bfbb-c0b8a5cca4a6,3,False,sqs,128,rtt,1024
49,1644174986.9185765,705549ba-aecb-4c97-8ec8-339e28974e7d,-1,False,sqs,128,rtt,1024
50,1644174986.9191551,30ace171-8ebb-42e0-9c17-9084d219c958,-1,False,sqs,128,rtt,1024
51,1644174987.2997851,ecdd2385-d74f-449e-b4ee-a419352dc279,4,False,sqs,128,rtt,1024
52,1644174987.300357,478d6e72-0ac9-4082-80f2-0590e0b1d38b,-1,False,sqs,128,rtt,1024
53,1644174987.3009565,90fc83ad-3a1f-45a2-9f51-78a0e04b0c7e,-1,False,sqs,128,rtt,1024
54,1644174987.3076649,7b9b3ad6-55ad-4587-9308-9be0bfaf1fc5,-1,False,sqs,128,rtt,1024
55,1644174987.3722959,b9355657-6538-4502-a46b-dce186803ec6,2,False,sqs,128,rtt,1024
56,1644174987.3723638,9add1f64-d6d6-4a88-92f2-2ee368b1b2c1,-1,False,sqs,128,rtt,1024
57,1644174987.9504175,481e4a44-205f-4021-9829-bc8082ce2306,1,False,sqs,128,rtt,1024
58,1644174988.0180275,80ba757d-1a7c-47f2-94b5-21f319590948,6,False,sqs,128,rtt,1024
59,1644174988.0185523,b45c5484-d879-43fb-9878-0d49838a547f,-1,False,sqs,128,rtt,1024
60,1644174988.0190752,763f8899-2c8c-4106-8683-5f0bc56c3bfd,-1,False,sqs,128,rtt,1024
61,1644174988.0196629,02b39ad1-b7a6-4a82-a349-df1ee4d74dd2,-1,False,sqs,128,rtt,1024
62,1644174988.0202847,5ee1d8dd-321d-4f85-b788-b0efa2f1e2e6,-1,False,sqs,128,rtt,1024
63,1644174988.0209184,401489da-1f7e-4407-b4e0-1dac751d1acc,-1,False,sqs,128,rtt,1024
64,1644174988.1650717,bf26a228-385a-49e0-b573-34439ab6f71a,2,False,sqs,128,rtt,1024
65,1644174988.1656353,6225e41f-dcb8-4ea9-bcd1-fc50e623cb11,-1,False,sqs,128,rtt,1024
66,1644174988.2271235,451087b0-3a44-4ddc-a943-d97941a965d5,1,False,sqs,128,rtt,1024
67,1644174988.4250789,7d1b7de8-34c9-4d00-8998-3a13579b3d33,1,False,sqs,128,rtt,1024
68,1644174988.7771099,ebf3f7bc-2207-4445-bc2b-b01c4d5a4f0a,3,False,sqs,128,rtt,1024
69,1644174988.7776453,f66749a7-6032-4f33-9a6c-d98766c64fa9,-1,False,sqs,128,rtt,1024
70,1644174988.7782035,e45b19ee-5733-44aa-a7b1-a4a984b60b43,-1,False,sqs,128,rtt,1024
71,1644174989.2289572,1593bd2f-9606-4e26-9f11-96130d53b709,2,False,sqs,128,rtt,1024
72,1644174989.229454,9696b6be-e53d-4a2b-8979-e453e304062a,-1,False,sqs,128,rtt,1024
73,1644174989.3180997,2c2d6b25-734f-4c5c-8a46-890a2f75ea0c,2,False,sqs,128,rtt,1024
74,1644174989.3186297,05a4a0b0-c9f8-466e-a5d4-630beeaf117c,-1,False,sqs,128,rtt,1024
75,1644174989.5179768,9c0cca58-49c0-4ab2-ba5c-d34946fe1277,2,False,sqs,128,rtt,1024
76,1644174989.518475,ff078edc-2c16-4e80-bd46-ad3797ff00b0,-1,False,sqs,128,rtt,1024
77,1644174989.7235374,567d33ae-1d26-41bd-9a5a-46658a209053,3,False,sqs,128,rtt,1024
78,1644174989.7240856,fd96ea4b-cb87-459d-af6e-f42c4429eedf,-1,False,sqs,128,rtt,1024
79,1644174989.724837,914205a1-449f-43db-a874-3dc4e141d4f2,-1,False,sqs,128,rtt,1024
80,1644174990.0303838,05362c61-2d2e-49bd-bd95-da35b4e573cf,3,False,sqs,128,rtt,1024
81,1644174990.0308475,20899525-88ef-440f-8bdb-eaed93384cf7,-1,False,sqs,128,rtt,1024
82,1644174990.0315886,6e07c25d-5b89-47f1-9148-62b5ce508a4d,-1,False,sqs,128,rtt,1024
83,1644174990.3205712,27b2a749-f7d9-41c9-a108-c6bc7c1eb140,1,False,sqs,128,rtt,1024
84,1644174990.8447008,4c35e0aa-8753-470c-a974-380884d25723,5,False,sqs,128,rtt,1024
85,1644174990.8452227,1defa44e-30cc-4663-873a-26d78b46bd3d,-1,False,sqs,128,rtt,1024
86,1644174990.845763,ff7128b2-65c3-40a0-9564-a44a9e5eb357,-1,False,sqs,128,rtt,1024
87,1644174990.8463845,a01c9cf9-c1d5-4cdb-b84a-12d7ebf36271,-1,False,sqs,128,rtt,1024
88,1644174990.8469772,796830e7-2e4a-44eb-9b20-4948cbfe5fdc,-1,False,sqs,128,rtt,1024
89,1644174992.8650331,a7253a06-8b1a-4625-b03c-a74d40632a64,1,False,sqs,128,rtt,1024
90,1644174993.096212,d4681a84-8f83-4175-b8eb-b59aef9c84b8,2,False,sqs,128,rtt,1024
91,1644174993.096609,6c0d1413-56fc-4aa3-91a0-1887097e02b2,-1,False,sqs,128,rtt,1024
92,1644174993.8485277,1c305e5f-e0c5-436c-adbe-0ea4ea0cf665,2,False,sqs,128,rtt,1024
93,1644174993.8490844,3ba20698-90d4-4041-81b6-245d5cebc6f8,-1,False,sqs,128,rtt,1024
94,1644174998.45227,94b90d4f-e104-4bc7-bb95-4e1e98952aa1,4,False,sqs,128,rtt,1024
95,1644174998.4527822,7bebfa69-e005-47b2-ac87-fd84b55dfe82,-1,False,sqs,128,rtt,1024
96,1644174998.4536383,e1445f17-4b92-4068-9c64-515bb0ed85e2,-1,False,sqs,128,rtt,1024
97,1644174998.4541755,debecac7-0391-4d1b-adc8-9672243b0d55,-1,False,sqs,128,rtt,1024
98,1644175010.2853878,d5685ea8-1e5d-4c44-871d-f389721f5f80,2,False,sqs,128,rtt,1024
