,request,time,billed_time,memory,used_memory,read,write,function
0,ca95c2f9-c865-5341-9360-9f457458a948,34.94,35,1024,75,ca95c2f9-c865-5341-9360-9f457458a948,1.0,writer
1,82f9fad3-954c-541d-987e-a76f2971bdf9,35.83,36,1024,75,82f9fad3-954c-541d-987e-a76f2971bdf9,2.0,writer
2,0f76495e-c888-5428-a5f3-14e274b577e5,32.95,33,1024,75,0f76495e-c888-5428-a5f3-14e274b577e5,2.0,writer
3,5b347926-ffe2-5da6-9536-249a43dfc3f2,32.07,33,1024,75,5b347926-ffe2-5da6-9536-249a43dfc3f2,2.0,writer
4,9a9c38b8-2729-5e86-8a40-65049b158cc7,32.62,33,1024,75,9a9c38b8-2729-5e86-8a40-65049b158cc7,2.0,writer
5,f6ae6e4c-7c63-580b-a31f-33f0c05f0ff0,35.21,36,1024,75,f6ae6e4c-7c63-580b-a31f-33f0c05f0ff0,2.0,writer
6,464ae596-8e8c-59f1-85b0-b82a32b07ea9,31.91,32,1024,75,464ae596-8e8c-59f1-85b0-b82a32b07ea9,2.0,writer
7,3ce00ee7-c531-5de4-9f98-535b790db83c,31.92,32,1024,75,3ce00ee7-c531-5de4-9f98-535b790db83c,2.0,writer
8,44b548bd-b2bc-5428-b253-15010e808601,36.78,37,1024,75,44b548bd-b2bc-5428-b253-15010e808601,2.0,writer
9,2d2efe65-454e-579e-9620-a3d9f9721d97,30.15,31,1024,75,2d2efe65-454e-579e-9620-a3d9f9721d97,2.0,writer
10,e290f735-d5cb-596f-9eba-aa8969f7e08b,35.33,36,1024,75,e290f735-d5cb-596f-9eba-aa8969f7e08b,2.0,writer
11,22e2ecf1-4d0a-5c08-959d-b14df1319fc5,29.38,30,1024,75,22e2ecf1-4d0a-5c08-959d-b14df1319fc5,2.0,writer
12,ecea85b1-385c-594f-aa26-d80d8467671b,38.65,39,1024,75,ecea85b1-385c-594f-aa26-d80d8467671b,2.0,writer
13,6f4aef13-01f2-5d9d-93cf-b2afbdc90a66,34.96,35,1024,75,6f4aef13-01f2-5d9d-93cf-b2afbdc90a66,2.0,writer
14,31ac7e5d-8a1e-5516-905f-23e13625224e,34.16,35,1024,75,31ac7e5d-8a1e-5516-905f-23e13625224e,2.0,writer
15,8a4a9046-77e1-5a9b-9c7c-cdfacbdafa37,31.20,32,1024,75,8a4a9046-77e1-5a9b-9c7c-cdfacbdafa37,2.0,writer
16,8a2c8611-265c-5fe5-aff6-dbad9a67da3d,33.08,34,1024,75,8a2c8611-265c-5fe5-aff6-dbad9a67da3d,2.0,writer
17,c9a7362f-4b11-597c-8d38-6b93f72a3fbc,34.16,35,1024,75,c9a7362f-4b11-597c-8d38-6b93f72a3fbc,2.0,writer
18,ff31745d-dd8f-5205-91ce-29e161b5102c,33.12,34,1024,75,ff31745d-dd8f-5205-91ce-29e161b5102c,2.0,writer
19,f63029d7-7b4c-5e44-bc2e-746bc776144d,37.09,38,1024,75,f63029d7-7b4c-5e44-bc2e-746bc776144d,2.0,writer
20,7c1c563d-aa64-5559-b9cd-0b81165e6cbd,31.15,32,1024,75,7c1c563d-aa64-5559-b9cd-0b81165e6cbd,2.0,writer
21,5580732d-97cf-5084-86d0-2e912bf53349,31.40,32,1024,75,5580732d-97cf-5084-86d0-2e912bf53349,2.0,writer
22,ce8d41d1-3acd-54fc-815a-1c6d86f76aa8,32.82,33,1024,75,ce8d41d1-3acd-54fc-815a-1c6d86f76aa8,2.0,writer
23,77896598-bc3a-568b-a2be-38240000e4ca,32.85,33,1024,75,77896598-bc3a-568b-a2be-38240000e4ca,2.0,writer
24,864f6203-5b67-59ab-9f6b-3fbfe75d0e50,33.24,34,1024,75,864f6203-5b67-59ab-9f6b-3fbfe75d0e50,2.0,writer
25,43c846e5-d4b3-51d1-b775-1b596889e689,31.67,32,1024,75,43c846e5-d4b3-51d1-b775-1b596889e689,2.0,writer
26,fb5337d4-887a-5e04-8663-6a683443aea8,36.68,37,1024,75,fb5337d4-887a-5e04-8663-6a683443aea8,2.0,writer
27,0ee433bd-7b5b-5e30-a2a6-6e01c762cbe8,43.45,44,1024,75,0ee433bd-7b5b-5e30-a2a6-6e01c762cbe8,2.0,writer
28,a208f9f0-fa2d-5ed8-ba57-a44c46141818,34.20,35,1024,75,a208f9f0-fa2d-5ed8-ba57-a44c46141818,2.0,writer
29,4c8f1b26-31df-5dc7-b421-469a8de63fee,31.24,32,1024,75,4c8f1b26-31df-5dc7-b421-469a8de63fee,2.0,writer
30,c9a39e58-6f15-506a-b28a-c3e4d32c5a63,35.09,36,1024,75,c9a39e58-6f15-506a-b28a-c3e4d32c5a63,2.0,writer
31,5740b4f3-b5ca-5a97-be02-e94f09f3f373,33.70,34,1024,75,5740b4f3-b5ca-5a97-be02-e94f09f3f373,2.0,writer
32,3169c186-acd4-5ee4-89cd-9c3a10ed9d29,37.21,38,1024,75,3169c186-acd4-5ee4-89cd-9c3a10ed9d29,2.0,writer
33,0851044c-200e-542f-8b05-59f09c367a7b,42.56,43,1024,75,0851044c-200e-542f-8b05-59f09c367a7b,2.0,writer
34,42c3522d-fc09-55a6-880e-0f914031b7e7,96.06,97,1024,75,42c3522d-fc09-55a6-880e-0f914031b7e7,2.0,writer
35,2e1f1210-2e22-5ae1-8721-4fac921a5db9,32.53,33,1024,75,2e1f1210-2e22-5ae1-8721-4fac921a5db9,2.0,writer
36,ea554622-231d-57ba-b826-1b9e9f25f716,58.61,59,1024,75,ea554622-231d-57ba-b826-1b9e9f25f716,2.0,writer
37,247195c0-fc9c-5768-9504-c87c40a492b0,32.59,33,1024,75,247195c0-fc9c-5768-9504-c87c40a492b0,2.0,writer
38,e1832947-2146-5e03-bab7-74fb9d7ec8c3,33.86,34,1024,75,e1832947-2146-5e03-bab7-74fb9d7ec8c3,2.0,writer
39,851ca1b4-becc-551f-b8e9-fc0802f4a736,58.84,59,1024,75,851ca1b4-becc-551f-b8e9-fc0802f4a736,2.0,writer
40,c0126de8-286b-500d-8e17-3054945c43c0,32.93,33,1024,74,c0126de8-286b-500d-8e17-3054945c43c0,2.0,writer
41,ed95141a-85fe-5070-a0de-49a639c93231,36.79,37,1024,74,ed95141a-85fe-5070-a0de-49a639c93231,2.0,writer
42,1664d328-885b-5f53-a974-8e94346c68a8,28.74,29,1024,74,1664d328-885b-5f53-a974-8e94346c68a8,2.0,writer
43,e9899c25-f3f8-503a-8689-c1994fcf8762,32.25,33,1024,74,e9899c25-f3f8-503a-8689-c1994fcf8762,2.0,writer
44,50e74c99-df35-5830-8e03-11256302a89c,33.37,34,1024,74,50e74c99-df35-5830-8e03-11256302a89c,2.0,writer
45,11bb865a-9fd3-5f69-a86a-dbe623e41ab1,30.44,31,1024,74,11bb865a-9fd3-5f69-a86a-dbe623e41ab1,2.0,writer
46,5bb7a7de-b8e7-54fa-9b8f-fa6204d0c23a,30.04,31,1024,74,5bb7a7de-b8e7-54fa-9b8f-fa6204d0c23a,2.0,writer
47,c84999b8-1081-5d0c-8fa4-c404acb62f25,30.08,31,1024,74,c84999b8-1081-5d0c-8fa4-c404acb62f25,2.0,writer
48,debd9221-1763-586b-b52f-cf9dab544262,29.92,30,1024,74,debd9221-1763-586b-b52f-cf9dab544262,2.0,writer
49,35a4e9c0-43d9-5acb-b161-b47cffee832f,33.00,34,1024,74,35a4e9c0-43d9-5acb-b161-b47cffee832f,2.0,writer
50,03e4929e-ec20-55b6-8952-cf225016b67b,28.67,29,1024,74,03e4929e-ec20-55b6-8952-cf225016b67b,2.0,writer
51,a97f2951-816c-5237-9c72-74ed3d5a7c63,30.33,31,1024,74,a97f2951-816c-5237-9c72-74ed3d5a7c63,2.0,writer
52,2d2adb7c-4922-5532-aa7a-86c0f5145773,29.32,30,1024,74,2d2adb7c-4922-5532-aa7a-86c0f5145773,2.0,writer
53,d4061e8a-d3aa-50e5-a07c-43366f9cf049,30.78,31,1024,74,d4061e8a-d3aa-50e5-a07c-43366f9cf049,2.0,writer
54,ac91e179-8e2e-5a5f-b61a-bcc532180f87,31.99,32,1024,74,ac91e179-8e2e-5a5f-b61a-bcc532180f87,2.0,writer
55,13192307-bea5-5d1a-ad1d-7ebb02934bda,33.41,34,1024,74,13192307-bea5-5d1a-ad1d-7ebb02934bda,2.0,writer
56,064394ae-aa12-5b5d-bdaa-c91216240974,33.14,34,1024,74,064394ae-aa12-5b5d-bdaa-c91216240974,2.0,writer
57,43aa3186-76e2-585d-b353-6c3acad4e254,39.45,40,1024,74,43aa3186-76e2-585d-b353-6c3acad4e254,2.0,writer
58,7380435a-a9a2-5d5f-865b-1ee6159794bb,31.26,32,1024,74,7380435a-a9a2-5d5f-865b-1ee6159794bb,2.0,writer
59,173f252d-902d-58c9-8f2d-78912c186b04,28.41,29,1024,74,173f252d-902d-58c9-8f2d-78912c186b04,2.0,writer
60,5d3b375a-33a3-5059-babb-6ae68f965218,30.30,31,1024,74,5d3b375a-33a3-5059-babb-6ae68f965218,2.0,writer
61,e7e101d0-cab4-56cf-bc19-5c6c76810663,32.45,33,1024,74,e7e101d0-cab4-56cf-bc19-5c6c76810663,2.0,writer
62,10f545f1-f857-5784-8924-184d4462525c,31.22,32,1024,74,10f545f1-f857-5784-8924-184d4462525c,2.0,writer
63,c6867e7d-460f-58a0-b852-23c1fa3a8e60,32.13,33,1024,74,c6867e7d-460f-58a0-b852-23c1fa3a8e60,2.0,writer
64,6464d2ca-0317-5558-a962-8f76bf223771,29.16,30,1024,74,6464d2ca-0317-5558-a962-8f76bf223771,2.0,writer
65,6ae96717-ac81-5a3d-9292-3aab10b52034,33.97,34,1024,74,6ae96717-ac81-5a3d-9292-3aab10b52034,2.0,writer
66,7deea1f3-4bc5-51e5-bd51-fc4ff7f1e228,30.39,31,1024,74,7deea1f3-4bc5-51e5-bd51-fc4ff7f1e228,2.0,writer
67,9d667215-1640-5a53-9159-2fa9aa743407,32.38,33,1024,74,9d667215-1640-5a53-9159-2fa9aa743407,2.0,writer
68,8285bc2b-7842-5c88-a3d7-e197c476fec9,32.18,33,1024,74,8285bc2b-7842-5c88-a3d7-e197c476fec9,2.0,writer
69,fb8bbab7-8087-5c24-814d-e70b3cb32c88,33.63,34,1024,74,fb8bbab7-8087-5c24-814d-e70b3cb32c88,2.0,writer
70,4da2eb8d-26f4-5143-8719-b6319ac0049b,71.53,72,1024,74,4da2eb8d-26f4-5143-8719-b6319ac0049b,2.0,writer
71,204dbdca-663e-57ae-a189-e076da0ae16e,27.04,28,1024,74,204dbdca-663e-57ae-a189-e076da0ae16e,2.0,writer
72,45cfe1c1-0afd-5e1c-b4ef-bc7db6c9bc35,30.19,31,1024,74,45cfe1c1-0afd-5e1c-b4ef-bc7db6c9bc35,2.0,writer
73,590cfed6-4d05-536d-b4da-a36af136f964,31.37,32,1024,74,590cfed6-4d05-536d-b4da-a36af136f964,2.0,writer
74,80a61457-944d-5daa-b806-49eb287e044e,27.25,28,1024,74,80a61457-944d-5daa-b806-49eb287e044e,2.0,writer
75,38d3e590-a68f-5015-acaf-b82c1abca3d8,31.93,32,1024,74,38d3e590-a68f-5015-acaf-b82c1abca3d8,2.0,writer
76,42f6b9a1-a0f6-5635-b507-e41d1cc55861,32.27,33,1024,74,42f6b9a1-a0f6-5635-b507-e41d1cc55861,2.0,writer
77,6762e360-c379-599b-9b39-bedc7f4a6937,31.10,32,1024,74,6762e360-c379-599b-9b39-bedc7f4a6937,2.0,writer
78,c29753e7-64f9-56d9-a817-0e5bd8ca9301,31.70,32,1024,74,c29753e7-64f9-56d9-a817-0e5bd8ca9301,2.0,writer
79,bc73948c-7874-5e8c-91c1-c930c447d84c,29.00,29,1024,74,bc73948c-7874-5e8c-91c1-c930c447d84c,2.0,writer
80,4e29a787-93c0-58f6-ada1-fa3b2ff3fadf,30.54,31,1024,74,4e29a787-93c0-58f6-ada1-fa3b2ff3fadf,2.0,writer
81,e00147d1-1c5a-55ae-b953-1a6da0692fa7,31.91,32,1024,74,e00147d1-1c5a-55ae-b953-1a6da0692fa7,2.0,writer
82,8d572cec-3e4b-5831-9dd1-71508279d1d5,31.81,32,1024,74,8d572cec-3e4b-5831-9dd1-71508279d1d5,2.0,writer
83,55ac43d4-16a8-5a21-a56f-1e68aa9ae9ec,29.44,30,1024,74,55ac43d4-16a8-5a21-a56f-1e68aa9ae9ec,2.0,writer
84,4748be36-28be-51b3-959d-e38a948c73f2,37.57,38,1024,74,4748be36-28be-51b3-959d-e38a948c73f2,2.0,writer
85,1ff7fb05-54da-522d-aefb-a6b9e8e85281,30.25,31,1024,74,1ff7fb05-54da-522d-aefb-a6b9e8e85281,2.0,writer
86,d5210acd-2fd8-5d25-be70-577193ea98fd,29.01,30,1024,74,d5210acd-2fd8-5d25-be70-577193ea98fd,2.0,writer
87,a3a67e41-43a6-5a04-ac62-23fdff947cc4,31.13,32,1024,74,a3a67e41-43a6-5a04-ac62-23fdff947cc4,2.0,writer
88,f5175434-18f8-57b6-827f-0988a4cae59f,32.43,33,1024,74,f5175434-18f8-57b6-827f-0988a4cae59f,2.0,writer
89,e6e62d9d-e392-5907-91bc-70215fa0830e,38.31,39,1024,74,e6e62d9d-e392-5907-91bc-70215fa0830e,2.0,writer
90,8e3cb6a6-52b3-55ca-b777-eb1aee82cc2e,30.72,31,1024,74,8e3cb6a6-52b3-55ca-b777-eb1aee82cc2e,2.0,writer
91,4ef2ebda-1287-534c-9035-b666aeb61081,33.07,34,1024,74,4ef2ebda-1287-534c-9035-b666aeb61081,2.0,writer
92,ccfa7e68-d174-5ce0-8a2d-23d46d45f2b4,32.03,33,1024,74,ccfa7e68-d174-5ce0-8a2d-23d46d45f2b4,2.0,writer
93,2561458c-9feb-59ea-ac9a-183023dacbab,34.41,35,1024,74,2561458c-9feb-59ea-ac9a-183023dacbab,2.0,writer
94,a6e2d344-8815-5a1e-bfa7-8ef83424aab2,32.39,33,1024,74,a6e2d344-8815-5a1e-bfa7-8ef83424aab2,2.0,writer
95,ab438f7d-dc9f-51eb-9594-d2c160ae0433,30.20,31,1024,74,ab438f7d-dc9f-51eb-9594-d2c160ae0433,2.0,writer
96,18b3e11d-14d7-5f1c-8a1e-bca1a8e6bd35,28.58,29,1024,74,18b3e11d-14d7-5f1c-8a1e-bca1a8e6bd35,2.0,writer
97,859a03dd-1e0f-502e-97fc-5e61a23eca27,30.22,31,1024,74,859a03dd-1e0f-502e-97fc-5e61a23eca27,2.0,writer
98,7ad247e6-32e3-5e4f-b98f-1a5a8ed3a7ab,28.54,29,1024,74,7ad247e6-32e3-5e4f-b98f-1a5a8ed3a7ab,2.0,writer
99,8ceff25b-d1e4-5a0b-b759-afe76dd4e9c6,32.22,33,1024,74,8ceff25b-d1e4-5a0b-b759-afe76dd4e9c6,2.0,writer
100,47e9fdf2-6b1c-5190-92b8-a04ed72c3fc4,33.71,34,1024,74,47e9fdf2-6b1c-5190-92b8-a04ed72c3fc4,2.0,writer
101,3e89662b-b62d-547e-9562-3b970a1dc63f,29.43,30,1024,74,3e89662b-b62d-547e-9562-3b970a1dc63f,2.0,writer
102,8485390d-1bc6-50e5-bcd4-64b1a7f66049,28.45,29,1024,74,8485390d-1bc6-50e5-bcd4-64b1a7f66049,2.0,writer
103,d2900a89-6079-5aca-b6de-5735dc494f12,30.93,31,1024,74,d2900a89-6079-5aca-b6de-5735dc494f12,2.0,writer
104,d4af6365-e3c7-58b5-b6d4-3ed95ff78e75,31.39,32,1024,74,d4af6365-e3c7-58b5-b6d4-3ed95ff78e75,2.0,writer
105,19bc3523-c0f5-5b72-bcc5-689f7cc5395b,33.70,34,1024,74,19bc3523-c0f5-5b72-bcc5-689f7cc5395b,2.0,writer
106,8537f345-072e-5b71-a005-aef9bb1ef178,92.91,93,1024,74,8537f345-072e-5b71-a005-aef9bb1ef178,1.0,writer
107,d02f991b-c26f-5395-a3ff-c4a77e405058,32.41,33,1024,74,d02f991b-c26f-5395-a3ff-c4a77e405058,2.0,writer
108,053db0d8-d3de-5887-9e99-ed646ff186d3,29.66,30,1024,74,053db0d8-d3de-5887-9e99-ed646ff186d3,2.0,writer
109,80146b4d-4c84-524c-8435-36f1f0ab800d,33.85,34,1024,74,80146b4d-4c84-524c-8435-36f1f0ab800d,2.0,writer
110,0b998f31-3e76-544d-b740-d28d825964e1,58.20,59,1024,74,0b998f31-3e76-544d-b740-d28d825964e1,2.0,writer
111,ba8b9eaf-5056-5531-bc53-c313ec7950e9,41.08,42,1024,74,ba8b9eaf-5056-5531-bc53-c313ec7950e9,2.0,writer
112,ca679dfe-2c66-5e9b-a683-c0429049d85b,30.69,31,1024,74,ca679dfe-2c66-5e9b-a683-c0429049d85b,2.0,writer
113,2768984c-da11-5bc4-a6b0-c5f0663e99ed,31.33,32,1024,74,2768984c-da11-5bc4-a6b0-c5f0663e99ed,2.0,writer
114,da41fb53-892f-5cc7-947a-a6ef3500f6ce,33.42,34,1024,74,da41fb53-892f-5cc7-947a-a6ef3500f6ce,2.0,writer
115,718d4635-45b8-50c8-b769-1b89f996c305,32.90,33,1024,74,718d4635-45b8-50c8-b769-1b89f996c305,2.0,writer
116,d7ed4e93-c3d8-5bc6-a3fc-132f7ff62592,29.32,30,1024,74,d7ed4e93-c3d8-5bc6-a3fc-132f7ff62592,2.0,writer
117,7d4602e3-bea6-5f80-9908-5f5f02881dc1,30.34,31,1024,74,7d4602e3-bea6-5f80-9908-5f5f02881dc1,2.0,writer
118,3274c798-3c45-58a0-9f05-9a24806b880c,32.33,33,1024,74,3274c798-3c45-58a0-9f05-9a24806b880c,2.0,writer
119,e9ce1cbc-3db7-5057-9602-41008199458f,35.03,36,1024,74,e9ce1cbc-3db7-5057-9602-41008199458f,2.0,writer
120,65ceba45-51c2-568d-964b-e7f9edec004d,30.15,31,1024,74,65ceba45-51c2-568d-964b-e7f9edec004d,2.0,writer
121,ef47f4f5-e848-5fbe-ba61-a94954668d97,31.27,32,1024,74,ef47f4f5-e848-5fbe-ba61-a94954668d97,2.0,writer
122,2f5a79f6-17e5-5eb9-b26f-244aabcb44b0,30.82,31,1024,74,2f5a79f6-17e5-5eb9-b26f-244aabcb44b0,2.0,writer
123,3a57cf9a-dfc1-5c10-a2c3-922663ec25f4,30.92,31,1024,74,3a57cf9a-dfc1-5c10-a2c3-922663ec25f4,2.0,writer
124,66ccbb40-f77e-522f-8021-e6fc4b53d1e2,31.58,32,1024,74,66ccbb40-f77e-522f-8021-e6fc4b53d1e2,2.0,writer
125,5dfaae9b-4108-5373-91e0-f327fd259d27,29.28,30,1024,74,5dfaae9b-4108-5373-91e0-f327fd259d27,2.0,writer
126,b71a5c8c-e048-596b-8f72-01305c65bb2a,33.12,34,1024,74,b71a5c8c-e048-596b-8f72-01305c65bb2a,2.0,writer
127,6d458b04-b39a-5f7c-92a1-d6b80fb7bfd0,31.43,32,1024,74,6d458b04-b39a-5f7c-92a1-d6b80fb7bfd0,2.0,writer
128,146fd3af-2078-5153-b5ec-8e139c55548b,28.98,29,1024,74,146fd3af-2078-5153-b5ec-8e139c55548b,2.0,writer
129,80208278-1b56-5428-996a-dfc4a77bb2e8,30.09,31,1024,74,80208278-1b56-5428-996a-dfc4a77bb2e8,2.0,writer
130,67a082a4-432f-5e94-8092-df18ff025cbd,34.16,35,1024,74,67a082a4-432f-5e94-8092-df18ff025cbd,2.0,writer
131,a8df9ec4-53c2-5931-b75a-c378efeebafc,29.48,30,1024,74,a8df9ec4-53c2-5931-b75a-c378efeebafc,2.0,writer
132,234948b4-e34d-54ff-b86a-15085f619d1b,31.43,32,1024,74,234948b4-e34d-54ff-b86a-15085f619d1b,2.0,writer
133,f5a718c6-87d0-5500-9dcb-457a3bfc3b54,30.60,31,1024,74,f5a718c6-87d0-5500-9dcb-457a3bfc3b54,2.0,writer
134,29c36aee-5576-583d-b8f4-3752e95a7a7c,29.27,30,1024,74,29c36aee-5576-583d-b8f4-3752e95a7a7c,2.0,writer
135,98e7fb6e-260a-5dbf-92fc-a6d29a26cd13,32.33,33,1024,74,98e7fb6e-260a-5dbf-92fc-a6d29a26cd13,2.0,writer
136,abb2e0f9-d8c0-58d2-af83-bd4564ecce12,30.73,31,1024,74,abb2e0f9-d8c0-58d2-af83-bd4564ecce12,2.0,writer
137,e59c94cb-d234-5ee9-8278-c9776e186cc0,32.23,33,1024,74,e59c94cb-d234-5ee9-8278-c9776e186cc0,2.0,writer
138,81e68cbd-2b37-5ae3-84cc-d101971c992e,31.80,32,1024,74,81e68cbd-2b37-5ae3-84cc-d101971c992e,2.0,writer
139,495ce645-4cdb-53e5-a8f5-bbf9f0f0ddb1,31.02,32,1024,74,495ce645-4cdb-53e5-a8f5-bbf9f0f0ddb1,2.0,writer
140,63a61af2-b4a1-5f50-9b23-474e088a6d11,31.60,32,1024,74,63a61af2-b4a1-5f50-9b23-474e088a6d11,2.0,writer
141,47286a4f-462a-5b09-b533-37f3fa010ba5,31.74,32,1024,74,47286a4f-462a-5b09-b533-37f3fa010ba5,2.0,writer
142,fa5304ff-b728-5a11-90c0-59430b0313f5,27.92,28,1024,74,fa5304ff-b728-5a11-90c0-59430b0313f5,2.0,writer
143,a424c94e-333d-5c6b-9620-94f28f1619b3,33.98,34,1024,74,a424c94e-333d-5c6b-9620-94f28f1619b3,2.0,writer
144,f7b8ee5c-563d-5ee2-a1d1-b3e0ea168ccb,33.67,34,1024,74,f7b8ee5c-563d-5ee2-a1d1-b3e0ea168ccb,2.0,writer
145,846d2bf0-18eb-5164-af3d-764ca4c05b6d,31.01,32,1024,74,846d2bf0-18eb-5164-af3d-764ca4c05b6d,2.0,writer
146,d3652e50-9209-52dc-9504-73ec2e228c88,29.72,30,1024,74,d3652e50-9209-52dc-9504-73ec2e228c88,2.0,writer
147,82d77313-c668-5395-8c71-2eaf7a43d058,31.63,32,1024,74,82d77313-c668-5395-8c71-2eaf7a43d058,2.0,writer
148,31c62370-e777-5b64-8b09-7ecc5b5de925,34.23,35,1024,74,31c62370-e777-5b64-8b09-7ecc5b5de925,2.0,writer
149,224d04e0-3f3c-5b8e-9c97-595c8316ce56,44.85,45,1024,74,224d04e0-3f3c-5b8e-9c97-595c8316ce56,2.0,writer
150,5a652cc6-ad81-56bc-bd5d-717a11ab907c,32.03,33,1024,74,5a652cc6-ad81-56bc-bd5d-717a11ab907c,2.0,writer
151,85aa660f-84c3-5505-8ab2-3bb338e9272c,29.84,30,1024,74,85aa660f-84c3-5505-8ab2-3bb338e9272c,2.0,writer
152,b8030684-d7ad-5903-9b93-5b386b87830a,30.41,31,1024,74,b8030684-d7ad-5903-9b93-5b386b87830a,2.0,writer
153,64d1cee6-771d-563b-a584-935acb37286f,29.14,30,1024,73,64d1cee6-771d-563b-a584-935acb37286f,2.0,writer
154,8ffe1cc5-2725-5f5f-aa63-41799b0f2c92,32.51,33,1024,73,8ffe1cc5-2725-5f5f-aa63-41799b0f2c92,2.0,writer
155,22c8e337-aa08-5387-b2fb-be8b162251c6,29.71,30,1024,73,22c8e337-aa08-5387-b2fb-be8b162251c6,2.0,writer
156,a6d35373-bb1a-5aac-bff8-0ecf0730df74,30.42,31,1024,73,a6d35373-bb1a-5aac-bff8-0ecf0730df74,2.0,writer
157,3a17aff9-a555-5b8e-ac91-f245197fdd4e,32.66,33,1024,73,3a17aff9-a555-5b8e-ac91-f245197fdd4e,2.0,writer
158,d6fbeb55-2b2d-5db1-8cde-b6e9970703e5,30.77,31,1024,73,d6fbeb55-2b2d-5db1-8cde-b6e9970703e5,2.0,writer
159,24999d58-cee3-5682-8877-c0e472c9354f,32.02,33,1024,73,24999d58-cee3-5682-8877-c0e472c9354f,2.0,writer
160,e3610be5-8ca6-5c9b-a682-5659308ff943,29.24,30,1024,73,e3610be5-8ca6-5c9b-a682-5659308ff943,2.0,writer
161,d5c4d249-f975-5cd5-bf74-8ff5455c9a15,48.62,49,1024,73,d5c4d249-f975-5cd5-bf74-8ff5455c9a15,2.0,writer
162,ef469d91-b94b-5f3e-9c42-c02d0562f16a,34.95,35,1024,73,ef469d91-b94b-5f3e-9c42-c02d0562f16a,2.0,writer
163,6851964d-4a2e-565c-9f03-cbf1f6075591,30.89,31,1024,73,6851964d-4a2e-565c-9f03-cbf1f6075591,2.0,writer
164,46982bcf-e0f1-564a-a2ef-76735cd8f40b,33.87,34,1024,73,46982bcf-e0f1-564a-a2ef-76735cd8f40b,2.0,writer
165,ed8c0403-a648-56bb-813a-59bf1a619363,43.22,44,1024,73,ed8c0403-a648-56bb-813a-59bf1a619363,2.0,writer
166,16f0b63d-53ea-5f23-bda6-eb81efc369e3,32.29,33,1024,73,16f0b63d-53ea-5f23-bda6-eb81efc369e3,2.0,writer
167,691d8916-a567-5459-8a88-d4aa194f4794,31.35,32,1024,73,691d8916-a567-5459-8a88-d4aa194f4794,2.0,writer
168,c6cb3644-531f-5a25-915e-6bf8ef37e864,32.45,33,1024,73,c6cb3644-531f-5a25-915e-6bf8ef37e864,2.0,writer
169,e6a90a15-736b-5988-8ce9-57a9cf438ed0,29.92,30,1024,73,e6a90a15-736b-5988-8ce9-57a9cf438ed0,2.0,writer
170,148329a2-e9e2-5514-ad7a-741e55ca83a8,33.08,34,1024,73,148329a2-e9e2-5514-ad7a-741e55ca83a8,2.0,writer
171,8a503132-06ed-52a3-9ff9-6c8ebac54cf7,32.45,33,1024,73,8a503132-06ed-52a3-9ff9-6c8ebac54cf7,2.0,writer
172,4bcc4d87-b772-59f5-81ae-103b0b5a2a38,35.76,36,1024,73,4bcc4d87-b772-59f5-81ae-103b0b5a2a38,2.0,writer
173,bfa568cf-462e-5fad-b969-3573fa06cdec,30.91,31,1024,73,bfa568cf-462e-5fad-b969-3573fa06cdec,2.0,writer
174,fcff93c8-e7d1-5b96-a2f1-ce745bf93d2a,33.16,34,1024,72,fcff93c8-e7d1-5b96-a2f1-ce745bf93d2a,2.0,writer
175,8ce70f75-54dd-59fb-b46c-52c9e8fc67af,33.37,34,1024,72,8ce70f75-54dd-59fb-b46c-52c9e8fc67af,2.0,writer
176,69822332-e6e8-59c6-b600-7e8e5ac8ca0b,34.19,35,1024,72,69822332-e6e8-59c6-b600-7e8e5ac8ca0b,2.0,writer
177,73da255f-e62e-5a99-99f3-78e35a3094f9,33.70,34,1024,72,73da255f-e62e-5a99-99f3-78e35a3094f9,2.0,writer
178,93d0075b-1a7a-53b3-9735-5ae7a66714eb,37.88,38,1024,72,93d0075b-1a7a-53b3-9735-5ae7a66714eb,2.0,writer
179,34fefd06-0b5e-5690-a269-a0bab74a702c,31.00,32,1024,72,34fefd06-0b5e-5690-a269-a0bab74a702c,2.0,writer
180,359a5f9e-ca8f-59a1-8e83-02227177e7c1,56.73,57,1024,72,359a5f9e-ca8f-59a1-8e83-02227177e7c1,6.0,writer
181,d98bf53e-81af-5c48-b4f5-a8823d9279c0,36.38,37,1024,76,d98bf53e-81af-5c48-b4f5-a8823d9279c0,15.0,distributor
182,6e0a7c74-0ce6-5996-a8f2-21c8b0dbba51,31.64,32,1024,76,6e0a7c74-0ce6-5996-a8f2-21c8b0dbba51,15.0,distributor
183,47225978-8e13-550b-ac85-04c4322e8d3b,42.54,43,1024,76,47225978-8e13-550b-ac85-04c4322e8d3b,15.0,distributor
184,6c0ce19d-aec4-5fed-9a5c-bc2112f928f4,33.83,34,1024,76,6c0ce19d-aec4-5fed-9a5c-bc2112f928f4,15.0,distributor
185,4b72ba64-efb5-520e-86fe-e7d853886d93,29.85,30,1024,76,4b72ba64-efb5-520e-86fe-e7d853886d93,15.0,distributor
186,bcceae42-6aad-52fd-b0b2-f3fed6902e64,41.51,42,1024,76,bcceae42-6aad-52fd-b0b2-f3fed6902e64,15.0,distributor
187,28faf7ac-bc1c-57ef-90c3-aa100020ee12,32.11,33,1024,76,28faf7ac-bc1c-57ef-90c3-aa100020ee12,15.0,distributor
188,8e6c2a02-1e8e-590f-b478-77bea2b2be2c,31.57,32,1024,76,8e6c2a02-1e8e-590f-b478-77bea2b2be2c,15.0,distributor
189,f92e686d-d16b-591c-bc8b-35d16d57e627,27.22,28,1024,76,f92e686d-d16b-591c-bc8b-35d16d57e627,15.0,distributor
190,a0fc6b24-72a8-5271-81d5-3698ce9457f9,26.64,27,1024,76,a0fc6b24-72a8-5271-81d5-3698ce9457f9,15.0,distributor
191,f5adcb4f-4ba4-513d-a3a6-96f3f798f2fa,35.04,36,1024,76,f5adcb4f-4ba4-513d-a3a6-96f3f798f2fa,15.0,distributor
192,d537a07c-198a-5b87-be4f-fdc0a5b643b7,37.67,38,1024,76,d537a07c-198a-5b87-be4f-fdc0a5b643b7,15.0,distributor
193,9a533281-e770-57c0-8706-6f3d5b4cd0d9,33.08,34,1024,76,9a533281-e770-57c0-8706-6f3d5b4cd0d9,15.0,distributor
194,dbf230af-f730-5b16-8270-6d134b0cc48b,37.14,38,1024,76,dbf230af-f730-5b16-8270-6d134b0cc48b,15.0,distributor
195,1e2bc6b8-6e03-5fc2-9e24-9b04d23ff35b,31.66,32,1024,76,1e2bc6b8-6e03-5fc2-9e24-9b04d23ff35b,14.0,distributor
196,5431c90d-f88b-5e55-879e-94b144b087a8,39.51,40,1024,76,5431c90d-f88b-5e55-879e-94b144b087a8,14.0,distributor
197,1f159f05-4414-5f1d-b905-c2b9f82ff83e,30.09,31,1024,76,1f159f05-4414-5f1d-b905-c2b9f82ff83e,14.0,distributor
198,4370dfe9-3b6c-5f22-a086-825587570019,28.59,29,1024,76,4370dfe9-3b6c-5f22-a086-825587570019,14.0,distributor
199,ed4fa952-160c-5f41-bffb-f4eeaa376ac9,28.03,29,1024,76,ed4fa952-160c-5f41-bffb-f4eeaa376ac9,14.0,distributor
200,bd67486e-3b80-59ae-bf0a-15d287bbda69,67.87,68,1024,76,bd67486e-3b80-59ae-bf0a-15d287bbda69,14.0,distributor
201,725e3ff6-6603-53b5-9e6d-624ada3884ac,36.09,37,1024,76,725e3ff6-6603-53b5-9e6d-624ada3884ac,14.0,distributor
202,4b842fda-1a84-5bdd-b5dd-7266a6bfc440,29.22,30,1024,76,4b842fda-1a84-5bdd-b5dd-7266a6bfc440,14.0,distributor
203,817f05bb-1a71-581a-bc3e-5807a64be483,27.36,28,1024,76,817f05bb-1a71-581a-bc3e-5807a64be483,14.0,distributor
204,b1101178-3c90-57d8-943a-4cc480aa7e25,26.75,27,1024,76,b1101178-3c90-57d8-943a-4cc480aa7e25,14.0,distributor
205,d402f105-1ffe-56ae-95eb-acb9a3c4618d,34.13,35,1024,76,d402f105-1ffe-56ae-95eb-acb9a3c4618d,14.0,distributor
206,13504bb5-1794-56c9-80d1-1609abae09f2,32.79,33,1024,76,13504bb5-1794-56c9-80d1-1609abae09f2,14.0,distributor
207,7af208b2-e90d-5318-b1cc-550e55371690,30.43,31,1024,76,7af208b2-e90d-5318-b1cc-550e55371690,14.0,distributor
208,3e3ad1c7-2069-50d4-80cf-8c7b9c536313,26.97,27,1024,76,3e3ad1c7-2069-50d4-80cf-8c7b9c536313,14.0,distributor
209,65fc8336-b762-583e-8a19-de8a0b58c00e,28.83,29,1024,76,65fc8336-b762-583e-8a19-de8a0b58c00e,14.0,distributor
210,3824442b-5169-548c-9b77-1997ed505395,30.37,31,1024,76,3824442b-5169-548c-9b77-1997ed505395,14.0,distributor
211,5616a209-a6c8-5cac-9761-ffb51af11035,27.80,28,1024,76,5616a209-a6c8-5cac-9761-ffb51af11035,13.0,distributor
212,001f97c7-206a-5329-9d04-ca7b9c53ead4,44.31,45,1024,76,001f97c7-206a-5329-9d04-ca7b9c53ead4,13.0,distributor
213,e011d024-565c-5084-b00b-8d98ea6537a7,36.82,37,1024,76,e011d024-565c-5084-b00b-8d98ea6537a7,13.0,distributor
214,c0a00b1d-f516-5f9c-ac61-56a1492f20a7,26.56,27,1024,76,c0a00b1d-f516-5f9c-ac61-56a1492f20a7,13.0,distributor
215,1644ef96-d837-52ab-89eb-b22a640e9723,28.00,28,1024,76,1644ef96-d837-52ab-89eb-b22a640e9723,13.0,distributor
216,17818339-208d-5611-aa71-de859cb59e21,26.54,27,1024,76,17818339-208d-5611-aa71-de859cb59e21,13.0,distributor
217,05915e36-f6ac-5212-8177-038a4a94d50b,27.68,28,1024,76,05915e36-f6ac-5212-8177-038a4a94d50b,13.0,distributor
218,f95b39bc-c9d5-5ff4-a334-640075edd069,30.41,31,1024,76,f95b39bc-c9d5-5ff4-a334-640075edd069,13.0,distributor
219,acdfcaf6-5711-5cb7-9daa-974aeb29a02e,26.76,27,1024,76,acdfcaf6-5711-5cb7-9daa-974aeb29a02e,13.0,distributor
220,bb054c00-539b-5652-8840-11bcefa3bfaf,50.07,51,1024,76,bb054c00-539b-5652-8840-11bcefa3bfaf,13.0,distributor
221,73ca0c5e-e755-52e0-baf4-51e25b6d15c3,30.91,31,1024,76,73ca0c5e-e755-52e0-baf4-51e25b6d15c3,13.0,distributor
222,33822613-b1c0-5aa5-ad1e-7baf0df8d59e,25.80,26,1024,76,33822613-b1c0-5aa5-ad1e-7baf0df8d59e,13.0,distributor
223,8e24b4bd-1a4c-5072-8253-e901a674f5fa,35.35,36,1024,76,8e24b4bd-1a4c-5072-8253-e901a674f5fa,13.0,distributor
224,d6c68b02-8bfa-5f8b-b273-d6be37c2bc4c,30.56,31,1024,76,d6c68b02-8bfa-5f8b-b273-d6be37c2bc4c,13.0,distributor
225,82095378-07a5-5015-8825-0ec4bb924825,34.41,35,1024,76,82095378-07a5-5015-8825-0ec4bb924825,13.0,distributor
226,31d19b3b-2c7e-5b90-b80a-c6879049dc89,26.00,26,1024,76,31d19b3b-2c7e-5b90-b80a-c6879049dc89,13.0,distributor
227,1c941672-b7fe-5e31-88e4-4bce0bc911ac,45.33,46,1024,76,1c941672-b7fe-5e31-88e4-4bce0bc911ac,13.0,distributor
228,636aecbf-d4ae-5910-a1c8-b1036899e589,28.25,29,1024,76,636aecbf-d4ae-5910-a1c8-b1036899e589,13.0,distributor
229,ccbd1558-7999-5b2e-855d-48e4c5aec2d3,26.00,26,1024,76,ccbd1558-7999-5b2e-855d-48e4c5aec2d3,12.0,distributor
230,2324644b-6e21-573e-8afd-39f7d216101d,26.48,27,1024,76,2324644b-6e21-573e-8afd-39f7d216101d,12.0,distributor
231,afaacbe4-1e63-56c4-a752-9658a25499ff,27.39,28,1024,76,afaacbe4-1e63-56c4-a752-9658a25499ff,12.0,distributor
232,8d72a405-fec2-5209-a171-f9b942f59781,25.91,26,1024,76,8d72a405-fec2-5209-a171-f9b942f59781,12.0,distributor
233,7e46b462-be86-5b20-952b-e9de02b138e7,26.71,27,1024,76,7e46b462-be86-5b20-952b-e9de02b138e7,12.0,distributor
234,c2a6eea5-7ac3-56eb-bc38-b319c6f58edb,25.90,26,1024,76,c2a6eea5-7ac3-56eb-bc38-b319c6f58edb,12.0,distributor
235,b94fd64f-1110-57a1-a05c-8bf3ad2670b8,26.96,27,1024,76,b94fd64f-1110-57a1-a05c-8bf3ad2670b8,12.0,distributor
236,04c87648-69f7-54da-b822-2bf4d5c1bb47,25.57,26,1024,76,04c87648-69f7-54da-b822-2bf4d5c1bb47,12.0,distributor
237,96c08bfa-db90-5038-90a4-d64667a6fca1,26.30,27,1024,76,96c08bfa-db90-5038-90a4-d64667a6fca1,12.0,distributor
238,a5be3602-f5f4-51e9-9190-6bbe49c2b814,25.91,26,1024,76,a5be3602-f5f4-51e9-9190-6bbe49c2b814,12.0,distributor
239,80c3a8ac-c116-5b5d-9061-f5107d20dc7e,26.38,27,1024,76,80c3a8ac-c116-5b5d-9061-f5107d20dc7e,12.0,distributor
240,2e9c44ea-169d-5adb-aefa-1956aaabf5e0,25.09,26,1024,76,2e9c44ea-169d-5adb-aefa-1956aaabf5e0,12.0,distributor
241,79f5bc9d-2d04-5d88-b35a-e12191320800,29.06,30,1024,76,79f5bc9d-2d04-5d88-b35a-e12191320800,12.0,distributor
242,b921deb0-e002-5faf-91b2-830c5c37fc68,27.50,28,1024,76,b921deb0-e002-5faf-91b2-830c5c37fc68,12.0,distributor
243,3e44c427-c792-5945-a586-999b7ba78175,37.83,38,1024,76,3e44c427-c792-5945-a586-999b7ba78175,12.0,distributor
244,db7d1827-8d12-510a-bbf8-459b3127e613,36.69,37,1024,76,db7d1827-8d12-510a-bbf8-459b3127e613,12.0,distributor
245,68d87e86-07d2-51bc-abec-233abbe7de21,32.03,33,1024,76,68d87e86-07d2-51bc-abec-233abbe7de21,12.0,distributor
246,c5a2961a-cdc7-5e09-ba28-cba671f2f290,69.64,70,1024,76,c5a2961a-cdc7-5e09-ba28-cba671f2f290,12.0,distributor
247,ee070eaa-74dc-56f7-977e-5316c8e99f0a,28.03,29,1024,76,ee070eaa-74dc-56f7-977e-5316c8e99f0a,12.0,distributor
248,2765ae2d-d341-5061-94d9-f3916f748742,25.84,26,1024,76,2765ae2d-d341-5061-94d9-f3916f748742,11.0,distributor
249,e38c75a6-fea1-55fd-9772-281a42944ac6,26.43,27,1024,76,e38c75a6-fea1-55fd-9772-281a42944ac6,11.0,distributor
250,4c824042-405b-5401-8216-1dfefc6e6189,26.47,27,1024,76,4c824042-405b-5401-8216-1dfefc6e6189,11.0,distributor
251,2d5e9f01-6df2-575f-8a9f-c2bdd1c60498,26.93,27,1024,76,2d5e9f01-6df2-575f-8a9f-c2bdd1c60498,11.0,distributor
252,176471a5-bd40-5e4f-8a22-2c190174267f,26.24,27,1024,76,176471a5-bd40-5e4f-8a22-2c190174267f,11.0,distributor
253,9b8cf53e-e103-5275-8430-a8825d372de8,26.09,27,1024,76,9b8cf53e-e103-5275-8430-a8825d372de8,11.0,distributor
254,ad142e45-da23-5a11-9dbf-73f96617a3ec,39.46,40,1024,76,ad142e45-da23-5a11-9dbf-73f96617a3ec,11.0,distributor
255,0bf9e785-c4fc-5b80-b134-ba3978c87ca3,40.76,41,1024,76,0bf9e785-c4fc-5b80-b134-ba3978c87ca3,11.0,distributor
256,a3a73ad4-bbb7-58aa-8107-67680783c791,25.50,26,1024,76,a3a73ad4-bbb7-58aa-8107-67680783c791,11.0,distributor
257,681caf00-bd34-55b1-b724-f2bc01009039,56.53,57,1024,76,681caf00-bd34-55b1-b724-f2bc01009039,11.0,distributor
258,6b3fad59-00a4-5f2e-9c1b-f0e5bc97ace9,25.97,26,1024,76,6b3fad59-00a4-5f2e-9c1b-f0e5bc97ace9,11.0,distributor
259,58ae21fb-d4bb-5cb5-bb3e-7c476888c485,26.20,27,1024,76,58ae21fb-d4bb-5cb5-bb3e-7c476888c485,11.0,distributor
260,7927ab99-4d26-5998-b79c-f625f1152e81,25.49,26,1024,76,7927ab99-4d26-5998-b79c-f625f1152e81,11.0,distributor
261,f79dd1a8-f431-5d49-be36-8c14480232d4,36.08,37,1024,76,f79dd1a8-f431-5d49-be36-8c14480232d4,11.0,distributor
262,7ea651fd-ea3a-5066-b05e-0c4156095cff,30.05,31,1024,76,7ea651fd-ea3a-5066-b05e-0c4156095cff,11.0,distributor
263,8d0e3d1e-0347-5316-a358-60a2bf74eaeb,32.49,33,1024,76,8d0e3d1e-0347-5316-a358-60a2bf74eaeb,11.0,distributor
264,f9a9bcbe-f5f6-580d-87de-e10249c56736,27.36,28,1024,76,f9a9bcbe-f5f6-580d-87de-e10249c56736,10.0,distributor
265,b7abc0ea-11b9-5d04-915a-9d56ad8aa88c,25.12,26,1024,76,b7abc0ea-11b9-5d04-915a-9d56ad8aa88c,10.0,distributor
266,f95f8355-59b1-5d18-be5d-dee9e5830edf,26.39,27,1024,76,f95f8355-59b1-5d18-be5d-dee9e5830edf,10.0,distributor
267,a786d2c0-68bd-5b05-a125-8f7cd48fd335,24.95,25,1024,76,a786d2c0-68bd-5b05-a125-8f7cd48fd335,10.0,distributor
268,4a72c477-6063-5059-a804-99cbdc518740,29.62,30,1024,76,4a72c477-6063-5059-a804-99cbdc518740,10.0,distributor
269,7c83aea2-5590-5b34-a471-f31ee9a2f4a9,26.78,27,1024,76,7c83aea2-5590-5b34-a471-f31ee9a2f4a9,10.0,distributor
270,b5736fc3-32cb-5844-846e-327f8ef9b4dd,32.92,33,1024,76,b5736fc3-32cb-5844-846e-327f8ef9b4dd,10.0,distributor
271,bcf09179-16c4-5af3-92fa-ccc5aaf6830e,26.07,27,1024,76,bcf09179-16c4-5af3-92fa-ccc5aaf6830e,10.0,distributor
272,013ed05a-bc80-5597-90bf-8de600b212b4,25.79,26,1024,76,013ed05a-bc80-5597-90bf-8de600b212b4,10.0,distributor
273,41fbf1bc-4ee8-526f-b30d-ac00f2daad54,26.02,27,1024,76,41fbf1bc-4ee8-526f-b30d-ac00f2daad54,10.0,distributor
274,e587246b-42ab-5bc8-bdac-79d7fe998e40,29.02,30,1024,76,e587246b-42ab-5bc8-bdac-79d7fe998e40,10.0,distributor
275,f3d49ad9-5912-5c78-aaf1-c765e520efbf,26.86,27,1024,76,f3d49ad9-5912-5c78-aaf1-c765e520efbf,10.0,distributor
276,f6cef0f8-6177-5663-963a-ad44dd46ce53,29.18,30,1024,76,f6cef0f8-6177-5663-963a-ad44dd46ce53,10.0,distributor
277,5be8a7d5-401f-5d57-8c0a-fa69fc2e12ca,24.86,25,1024,76,5be8a7d5-401f-5d57-8c0a-fa69fc2e12ca,10.0,distributor
278,978cc576-bfca-5f10-85a7-98ca03fbc389,27.55,28,1024,76,978cc576-bfca-5f10-85a7-98ca03fbc389,10.0,distributor
279,6bc51b29-d67c-542a-9386-46956a4d5dd7,26.47,27,1024,76,6bc51b29-d67c-542a-9386-46956a4d5dd7,10.0,distributor
280,4607d42e-a769-5f20-b34c-89921b58c803,29.70,30,1024,76,4607d42e-a769-5f20-b34c-89921b58c803,10.0,distributor
281,be170cbe-3b23-529e-a5d6-510287123da5,26.32,27,1024,76,be170cbe-3b23-529e-a5d6-510287123da5,9.0,distributor
282,f34bdd31-dc84-5e7f-a4b2-808d60b54bf7,26.46,27,1024,76,f34bdd31-dc84-5e7f-a4b2-808d60b54bf7,9.0,distributor
283,fb0cd7fb-dcb6-5358-9c43-8a476087b09f,25.38,26,1024,76,fb0cd7fb-dcb6-5358-9c43-8a476087b09f,9.0,distributor
284,f70e66c9-dd71-5181-898b-3b75614129b1,32.02,33,1024,76,f70e66c9-dd71-5181-898b-3b75614129b1,9.0,distributor
285,3b7502dc-066e-503d-8904-5f60ba5e8724,28.86,29,1024,76,3b7502dc-066e-503d-8904-5f60ba5e8724,9.0,distributor
286,67083358-cd66-5175-82ce-6ee47156eee8,25.55,26,1024,76,67083358-cd66-5175-82ce-6ee47156eee8,9.0,distributor
287,813f772f-d5ff-5fbb-a980-2a9369cf5322,25.56,26,1024,76,813f772f-d5ff-5fbb-a980-2a9369cf5322,9.0,distributor
288,067a3d5b-580b-52d6-9a54-60e7e43bfb2b,26.64,27,1024,76,067a3d5b-580b-52d6-9a54-60e7e43bfb2b,9.0,distributor
289,2765fc35-019f-54db-a5ad-a189bdaf93f8,25.99,26,1024,76,2765fc35-019f-54db-a5ad-a189bdaf93f8,9.0,distributor
290,380dccf9-c154-573f-9953-91457d643804,30.95,31,1024,76,380dccf9-c154-573f-9953-91457d643804,9.0,distributor
291,83139419-0f59-5b95-ace6-c9a5b369de1d,33.60,34,1024,76,83139419-0f59-5b95-ace6-c9a5b369de1d,10.0,distributor
292,4bb42905-47b7-5fbe-9209-74b9fb982c79,27.55,28,1024,76,4bb42905-47b7-5fbe-9209-74b9fb982c79,9.0,distributor
293,502c9ad5-6123-5ebc-9d21-c769dd0c0121,28.39,29,1024,76,502c9ad5-6123-5ebc-9d21-c769dd0c0121,9.0,distributor
294,df28089e-0b4b-5e6c-a9b2-5522b7646791,60.26,61,1024,76,df28089e-0b4b-5e6c-a9b2-5522b7646791,9.0,distributor
295,d6c9e687-5ae4-51a6-818a-bb3be6cbb685,34.75,35,1024,76,d6c9e687-5ae4-51a6-818a-bb3be6cbb685,9.0,distributor
296,c80f9e3d-28c0-563d-9f15-c38194eff906,27.44,28,1024,76,c80f9e3d-28c0-563d-9f15-c38194eff906,9.0,distributor
297,9d1bb12f-92ea-5670-b260-ec932ec5c3f8,26.89,27,1024,76,9d1bb12f-92ea-5670-b260-ec932ec5c3f8,9.0,distributor
298,0dcac151-6cbf-5a22-a23d-9cedd091c9e5,28.35,29,1024,76,0dcac151-6cbf-5a22-a23d-9cedd091c9e5,8.0,distributor
299,c12bfbaf-a689-5c68-a198-a6131aa76458,26.13,27,1024,76,c12bfbaf-a689-5c68-a198-a6131aa76458,8.0,distributor
300,c1979862-a17e-5b3e-a5c7-c5de1d503c27,45.07,46,1024,76,c1979862-a17e-5b3e-a5c7-c5de1d503c27,8.0,distributor
301,e97a3606-472a-5ac4-8117-6bbafb046559,25.46,26,1024,76,e97a3606-472a-5ac4-8117-6bbafb046559,8.0,distributor
302,39a24cf3-cb26-57f6-9cd1-114f7708fb6f,24.79,25,1024,76,39a24cf3-cb26-57f6-9cd1-114f7708fb6f,8.0,distributor
303,3a548bcf-7091-5a76-b1be-d673ccbf638b,26.21,27,1024,76,3a548bcf-7091-5a76-b1be-d673ccbf638b,8.0,distributor
304,9b6db135-c71d-5e24-ba0d-ec897b33d907,27.50,28,1024,76,9b6db135-c71d-5e24-ba0d-ec897b33d907,8.0,distributor
305,db20eec9-797f-5f01-8c3e-b375c551d03a,25.48,26,1024,76,db20eec9-797f-5f01-8c3e-b375c551d03a,8.0,distributor
306,34a62b78-ae59-530a-9345-76c41277a682,26.21,27,1024,76,34a62b78-ae59-530a-9345-76c41277a682,8.0,distributor
307,dc958917-f1db-59eb-a3d9-d4ab4df6ea2c,40.04,41,1024,76,dc958917-f1db-59eb-a3d9-d4ab4df6ea2c,8.0,distributor
308,3c9b716c-21ca-5041-a940-2cd09de73871,30.13,31,1024,76,3c9b716c-21ca-5041-a940-2cd09de73871,8.0,distributor
309,16d1a738-b7f8-5e77-83e4-fa840bd5e96e,25.91,26,1024,76,16d1a738-b7f8-5e77-83e4-fa840bd5e96e,8.0,distributor
310,d93d3648-2f7f-5c19-9bdc-6bf493526384,24.63,25,1024,76,d93d3648-2f7f-5c19-9bdc-6bf493526384,8.0,distributor
311,9e6158fd-1086-5163-9e1b-0541acabadfa,25.11,26,1024,76,9e6158fd-1086-5163-9e1b-0541acabadfa,8.0,distributor
312,2b0ff39e-461d-57e5-b614-ae22fa30ae18,27.14,28,1024,76,2b0ff39e-461d-57e5-b614-ae22fa30ae18,8.0,distributor
313,6d4a2e32-8592-526c-9d17-738e39bff54f,25.00,26,1024,76,6d4a2e32-8592-526c-9d17-738e39bff54f,8.0,distributor
314,6ca60f0c-754b-5472-a1bf-52b0c966eb49,45.47,46,1024,76,6ca60f0c-754b-5472-a1bf-52b0c966eb49,8.0,distributor
315,dda7f479-1dae-5064-b991-a9c5a18213a3,30.60,31,1024,76,dda7f479-1dae-5064-b991-a9c5a18213a3,7.0,distributor
316,fa25788b-3fa3-5edf-ba78-2537838f16ef,27.90,28,1024,76,fa25788b-3fa3-5edf-ba78-2537838f16ef,7.0,distributor
317,068faf4d-74b4-54df-91a0-f2f1c89863c6,67.68,68,1024,76,068faf4d-74b4-54df-91a0-f2f1c89863c6,7.0,distributor
318,7e731b9e-34f9-5a54-ac1f-462288d595c9,52.40,53,1024,76,7e731b9e-34f9-5a54-ac1f-462288d595c9,7.0,distributor
319,7ded4e42-adcd-56c5-811d-13fe11e1ea5c,26.34,27,1024,76,7ded4e42-adcd-56c5-811d-13fe11e1ea5c,7.0,distributor
320,1b09fc0d-6a3c-5fe7-aaa5-a1b1d610261a,29.52,30,1024,76,1b09fc0d-6a3c-5fe7-aaa5-a1b1d610261a,7.0,distributor
321,45fceea0-fd54-5454-b6e5-b31c41783377,24.56,25,1024,76,45fceea0-fd54-5454-b6e5-b31c41783377,7.0,distributor
322,6e511702-d91b-587d-836d-4abe6537a746,25.98,26,1024,76,6e511702-d91b-587d-836d-4abe6537a746,7.0,distributor
323,c891aebe-1c8b-5173-91ce-f302a0a7f4fb,65.57,66,1024,76,c891aebe-1c8b-5173-91ce-f302a0a7f4fb,7.0,distributor
324,d700429a-585e-5446-b9e3-1f26e4727781,25.68,26,1024,76,d700429a-585e-5446-b9e3-1f26e4727781,7.0,distributor
325,31e8b9f6-2bd3-5bdb-95c8-e44a97ff13eb,23.72,24,1024,76,31e8b9f6-2bd3-5bdb-95c8-e44a97ff13eb,7.0,distributor
326,491292ac-e790-51ae-ae53-cf105bbbb853,25.01,26,1024,76,491292ac-e790-51ae-ae53-cf105bbbb853,7.0,distributor
327,f1b97bc2-0a09-5ba8-9772-267eb6227c8b,35.68,36,1024,76,f1b97bc2-0a09-5ba8-9772-267eb6227c8b,7.0,distributor
328,40e98577-25c2-59f8-842c-d8cb99e996c3,26.74,27,1024,76,40e98577-25c2-59f8-842c-d8cb99e996c3,7.0,distributor
329,ab28b548-a9cb-5def-afbd-e8f415e09867,25.09,26,1024,76,ab28b548-a9cb-5def-afbd-e8f415e09867,7.0,distributor
330,1eda9ced-0e68-577f-9a64-c151b2435f4f,25.12,26,1024,76,1eda9ced-0e68-577f-9a64-c151b2435f4f,7.0,distributor
331,50f2720e-e196-5276-bbba-2fb25dbde56f,24.58,25,1024,76,50f2720e-e196-5276-bbba-2fb25dbde56f,7.0,distributor
332,b234943d-7e18-51c9-9ca8-c981c233b834,27.99,28,1024,76,b234943d-7e18-51c9-9ca8-c981c233b834,6.0,distributor
333,fabdf7ab-054d-58c5-8de9-aa17b9660fe6,25.20,26,1024,76,fabdf7ab-054d-58c5-8de9-aa17b9660fe6,6.0,distributor
334,54145dd0-a183-5e9c-818a-006c1da901a7,33.21,34,1024,76,54145dd0-a183-5e9c-818a-006c1da901a7,6.0,distributor
335,4446e4a3-2d3d-5aa3-bd26-b91f91177f2b,47.13,48,1024,76,4446e4a3-2d3d-5aa3-bd26-b91f91177f2b,6.0,distributor
336,e22cd62f-35f8-5a0c-894d-8b9389d239cb,24.12,25,1024,76,e22cd62f-35f8-5a0c-894d-8b9389d239cb,6.0,distributor
337,a040ed4e-a2ed-5330-9d63-b0f21ec79b00,29.55,30,1024,76,a040ed4e-a2ed-5330-9d63-b0f21ec79b00,6.0,distributor
338,74180be7-198a-5c96-baa6-565ba5a0bb8f,23.59,24,1024,76,74180be7-198a-5c96-baa6-565ba5a0bb8f,6.0,distributor
339,8c119edf-b2b5-57bb-9da5-c3630e9fee46,36.07,37,1024,76,8c119edf-b2b5-57bb-9da5-c3630e9fee46,6.0,distributor
340,99748d32-0f37-5953-8d1e-d08eb31d1e70,23.87,24,1024,76,99748d32-0f37-5953-8d1e-d08eb31d1e70,6.0,distributor
341,07cafeb1-4b8c-551b-8ce8-a30df7a63a20,24.96,25,1024,76,07cafeb1-4b8c-551b-8ce8-a30df7a63a20,6.0,distributor
342,3c51b2b0-f8cd-582e-8689-ef0c44e75da6,51.59,52,1024,76,3c51b2b0-f8cd-582e-8689-ef0c44e75da6,6.0,distributor
343,26378d77-7828-5df3-a032-d0cbc4023aea,42.83,43,1024,76,26378d77-7828-5df3-a032-d0cbc4023aea,6.0,distributor
344,e7ff3bda-3563-5628-ab70-666689498fd5,28.45,29,1024,76,e7ff3bda-3563-5628-ab70-666689498fd5,6.0,distributor
345,ae637741-45c5-5823-9967-2afdf9eccf00,29.18,30,1024,76,ae637741-45c5-5823-9967-2afdf9eccf00,6.0,distributor
346,718489e2-0dc4-5d68-a354-d45eb1ed0253,47.02,48,1024,76,718489e2-0dc4-5d68-a354-d45eb1ed0253,6.0,distributor
347,176123ce-1608-5356-8291-7e72aa21a6de,56.66,57,1024,76,176123ce-1608-5356-8291-7e72aa21a6de,6.0,distributor
348,be06022d-8219-527e-a820-5f913e300567,25.33,26,1024,76,be06022d-8219-527e-a820-5f913e300567,6.0,distributor
349,ec162cd4-afa5-5756-8de9-7168138c9eab,27.81,28,1024,76,ec162cd4-afa5-5756-8de9-7168138c9eab,6.0,distributor
350,4a3993a1-5a96-5c61-9263-ce1de6bf8b42,28.22,29,1024,76,4a3993a1-5a96-5c61-9263-ce1de6bf8b42,5.0,distributor
351,f05d8bf6-1e55-5d0e-ad33-d64aa27c1235,25.71,26,1024,76,f05d8bf6-1e55-5d0e-ad33-d64aa27c1235,5.0,distributor
352,625c0bb6-922b-59f9-bd0a-560a2e026c71,24.14,25,1024,76,625c0bb6-922b-59f9-bd0a-560a2e026c71,5.0,distributor
353,a9c4623f-051d-50af-baf9-3f83b93417b6,26.51,27,1024,76,a9c4623f-051d-50af-baf9-3f83b93417b6,5.0,distributor
354,6f82555b-7755-5062-bdac-08e7cb7d899f,29.96,30,1024,76,6f82555b-7755-5062-bdac-08e7cb7d899f,5.0,distributor
355,90073c4e-6123-57e7-a217-61f2dd0b40c4,24.52,25,1024,76,90073c4e-6123-57e7-a217-61f2dd0b40c4,5.0,distributor
356,85a77e7c-69e1-5a91-a80b-23c0d5c995aa,25.02,26,1024,76,85a77e7c-69e1-5a91-a80b-23c0d5c995aa,5.0,distributor
357,98c6889b-2f00-5526-b72a-d527932820ae,24.44,25,1024,76,98c6889b-2f00-5526-b72a-d527932820ae,5.0,distributor
358,247bacc8-3caa-536c-a31c-f17480824475,27.57,28,1024,76,247bacc8-3caa-536c-a31c-f17480824475,5.0,distributor
359,5728754c-c5e3-5bda-850e-28f079cbc227,26.17,27,1024,75,5728754c-c5e3-5bda-850e-28f079cbc227,5.0,distributor
360,968cf653-5b5f-5044-a835-abefe7774767,33.82,34,1024,75,968cf653-5b5f-5044-a835-abefe7774767,5.0,distributor
361,38046978-55af-592b-a3b7-34c4e987c610,23.66,24,1024,75,38046978-55af-592b-a3b7-34c4e987c610,5.0,distributor
362,bc80ebda-c836-546c-a60c-b666741e8375,29.87,30,1024,75,bc80ebda-c836-546c-a60c-b666741e8375,5.0,distributor
363,187fcaa5-df81-5863-9d1e-971963a70deb,26.68,27,1024,75,187fcaa5-df81-5863-9d1e-971963a70deb,5.0,distributor
364,97a55696-7824-5377-9dc2-0b2ac406fa8a,61.36,62,1024,75,97a55696-7824-5377-9dc2-0b2ac406fa8a,5.0,distributor
365,56453027-afcb-50bc-89fa-6d9b13d5279f,24.69,25,1024,75,56453027-afcb-50bc-89fa-6d9b13d5279f,5.0,distributor
366,dbc251f0-3584-53cc-98b3-0c4c899ac4d5,24.77,25,1024,75,dbc251f0-3584-53cc-98b3-0c4c899ac4d5,5.0,distributor
367,325a115b-4144-522a-8788-4ce7fd515d11,26.42,27,1024,75,325a115b-4144-522a-8788-4ce7fd515d11,5.0,distributor
368,302fd184-c4fa-523d-b0d2-8c387f028524,39.32,40,1024,74,302fd184-c4fa-523d-b0d2-8c387f028524,6.0,distributor
