,time,billed_time,memory,function
0,304.281459,400,512,writer
1,112.120955,200,512,writer
2,117.437168,200,512,writer
3,112.13875499999999,200,512,writer
4,123.06263799999999,200,512,writer
5,216.09021099999998,300,512,writer
6,207.50592400000002,300,512,writer
7,177.728931,200,512,writer
8,120.46859099999999,200,512,writer
9,117.59748999999998,200,512,writer
10,106.122579,200,512,writer
11,119.238673,200,512,writer
12,111.98142899999998,200,512,writer
13,99.83451699999999,100,512,writer
14,132.612752,200,512,writer
15,115.19601999999998,200,512,writer
16,107.61857099999999,200,512,writer
17,117.15659099999999,200,512,writer
18,123.19383499999999,200,512,writer
19,115.15306,200,512,writer
20,101.568044,200,512,writer
21,100.967719,200,512,writer
22,111.47102699999999,200,512,writer
23,93.922876,100,512,writer
24,100.478695,200,512,writer
25,82.901942,100,512,writer
26,87.73241499999999,100,512,writer
27,153.65715799999998,200,512,writer
28,120.72730299999998,200,512,writer
29,87.96233499999998,100,512,writer
30,87.65392700000001,100,512,writer
31,75.346839,100,512,writer
32,111.333951,200,512,writer
33,109.218429,200,512,writer
34,117.741439,200,512,writer
35,123.50304899999999,200,512,writer
36,89.84391099999999,100,512,writer
37,94.881771,100,512,writer
38,46.837495999999994,100,512,writer
39,72.744067,100,512,writer
40,112.56095099999999,200,512,writer
41,96.57344900000001,100,512,writer
42,89.21237299999999,100,512,writer
43,78.83761799999998,100,512,writer
44,107.67591799999998,200,512,writer
45,87.40145300000002,100,512,writer
46,121.28360599999999,200,512,writer
47,47.28650599999999,100,512,writer
48,78.37067899999998,100,512,writer
49,84.454663,100,512,writer
50,80.539445,100,512,writer
51,174.14190399999995,200,512,writer
52,132.20410399999997,200,512,writer
53,75.16409,100,512,writer
54,70.70958399999999,100,512,writer
55,88.67118599999999,100,512,writer
56,99.50246899999999,100,512,writer
57,91.185992,100,512,writer
58,98.051458,100,512,writer
59,85.93458700000001,100,512,writer
60,71.862968,100,512,writer
61,74.933148,100,512,writer
62,158.394855,200,512,writer
63,66.965735,100,512,writer
64,73.01082199999999,100,512,writer
65,109.430334,200,512,writer
66,122.23168899999999,200,512,writer
67,104.41137999999998,200,512,writer
68,78.88684,100,512,writer
69,112.15253899999998,200,512,writer
70,95.603235,100,512,writer
71,96.73996199999999,100,512,writer
72,73.883477,100,512,writer
73,120.94256899999999,200,512,writer
74,103.257122,200,512,writer
75,285.47765799999996,300,512,writer
76,92.73315599999998,100,512,writer
77,78.740568,100,512,writer
78,82.400358,100,512,writer
79,79.617368,100,512,writer
80,64.548571,100,512,writer
81,88.59255799999998,100,512,writer
82,86.235721,100,512,writer
83,102.977707,200,512,writer
84,78.00145599999998,100,512,writer
85,126.447634,200,512,writer
86,66.363005,100,512,writer
87,60.296341000000005,100,512,writer
88,86.95845000000001,100,512,writer
89,123.79251300000001,200,512,writer
90,96.31974799999998,100,512,writer
91,106.45590999999999,200,512,writer
92,78.655711,100,512,writer
93,97.76996299999999,100,512,writer
94,151.892201,200,512,writer
95,94.11763599999999,100,512,writer
96,94.264369,100,512,writer
97,104.303871,200,512,writer
98,76.139032,100,512,writer
99,151.732856,200,512,writer
100,74.81570499999998,100,512,writer
101,99.12477299999999,100,512,writer
102,86.22254199999999,100,512,writer
103,92.932396,100,512,writer
104,65.991995,100,512,writer
105,92.453182,100,512,writer
106,81.832988,100,512,writer
107,139.97824800000004,200,512,writer
108,87.76401299999999,100,512,writer
109,95.771197,100,512,writer
110,104.008077,200,512,writer
111,74.873237,100,512,writer
112,76.473923,100,512,writer
113,87.103362,100,512,writer
114,71.19318,100,512,writer
115,102.46532499999999,200,512,writer
116,86.52754999999998,100,512,writer
117,58.839048999999996,100,512,writer
118,90.214293,100,512,writer
119,78.34570999999998,100,512,writer
120,96.33380099999998,100,512,writer
121,68.533208,100,512,writer
122,49.715877,100,512,writer
123,90.600011,100,512,writer
124,87.85696399999999,100,512,writer
125,122.937337,200,512,writer
126,64.73038100000001,100,512,writer
127,156.30292200000002,200,512,writer
128,80.233977,100,512,writer
129,68.68425499999998,100,512,writer
130,53.342287,100,512,writer
131,81.561089,100,512,writer
132,95.35981999999998,100,512,writer
133,80.772683,100,512,writer
134,72.90767300000002,100,512,writer
135,87.388988,100,512,writer
136,206.099805,300,512,writer
137,101.24751599999998,200,512,writer
138,94.21221200000001,100,512,writer
139,228.73996699999995,300,512,writer
140,102.267057,200,512,writer
141,195.132422,200,512,writer
142,85.127062,100,512,writer
143,93.98873400000001,100,512,writer
144,160.69144499999996,200,512,writer
145,77.86413999999998,100,512,writer
146,52.967563,100,512,writer
147,71.361497,100,512,writer
148,72.83855299999999,100,512,writer
149,48.672055,100,512,writer
150,128.161718,200,512,writer
151,141.819166,200,512,writer
152,100.590881,200,512,writer
153,95.289228,100,512,writer
154,44.93487199999999,100,512,writer
155,84.566143,100,512,writer
156,94.568884,100,512,writer
157,112.028435,200,512,writer
158,84.781283,100,512,writer
159,101.745908,200,512,writer
160,79.93240299999998,100,512,writer
161,78.078745,100,512,writer
162,95.788647,100,512,writer
163,164.16143099999996,200,512,writer
164,49.138337,100,512,writer
165,81.06364099999999,100,512,writer
166,166.142144,200,512,writer
167,104.558008,200,512,writer
168,60.76509499999999,100,512,writer
169,92.08992400000001,100,512,writer
170,200.16373500000003,300,512,writer
171,60.029650999999994,100,512,writer
172,87.199845,100,512,writer
173,49.512597,100,512,writer
174,93.564323,100,512,writer
175,114.598717,200,512,writer
176,86.292856,100,512,writer
177,87.102554,100,512,writer
178,60.850992,100,512,writer
179,47.9221,100,512,writer
180,102.933673,200,512,writer
181,108.19198999999999,200,512,writer
182,102.48989999999999,200,512,writer
183,193.678977,200,512,writer
184,49.82174999999999,100,512,writer
185,51.196104,100,512,writer
186,77.02451500000001,100,512,writer
187,65.886364,100,512,writer
188,89.11839400000001,100,512,writer
189,57.076221000000004,100,512,writer
190,135.187595,200,512,writer
191,75.894378,100,512,writer
192,182.57491199999998,200,512,writer
193,83.58718499999999,100,512,writer
194,185.88778,200,512,writer
195,52.39074299999999,100,512,writer
196,90.743518,100,512,writer
197,182.56576099999995,200,512,writer
198,47.477941,100,512,writer
199,113.575119,200,512,writer
200,846.3140420000001,900,512,distributor
201,417.84309099999996,500,512,distributor
202,629.5776960000001,700,512,distributor
203,516.4529049999999,600,512,distributor
204,566.860203,600,512,distributor
205,349.52270999999996,400,512,distributor
206,421.7287109999999,500,512,distributor
207,431.86782999999997,500,512,distributor
208,435.897884,500,512,distributor
209,330.312816,400,512,distributor
210,520.882799,600,512,distributor
211,469.349185,500,512,distributor
212,331.93893499999996,400,512,distributor
213,322.687396,400,512,distributor
214,491.7470589999999,500,512,distributor
215,521.141486,600,512,distributor
216,368.4806079999999,400,512,distributor
217,333.781073,400,512,distributor
218,297.81726800000007,300,512,distributor
219,272.64610500000003,300,512,distributor
220,372.03191400000003,400,512,distributor
221,455.5579249999999,500,512,distributor
222,494.50568799999996,500,512,distributor
223,267.4597109999999,300,512,distributor
224,307.253259,400,512,distributor
225,295.445964,300,512,distributor
226,302.95262499999995,400,512,distributor
227,438.175947,500,512,distributor
228,271.816706,300,512,distributor
229,280.38055,300,512,distributor
230,259.028162,300,512,distributor
231,227.17468099999996,300,512,distributor
232,269.20717,300,512,distributor
233,262.86415400000004,300,512,distributor
234,274.427892,300,512,distributor
235,298.03321,300,512,distributor
236,321.013065,400,512,distributor
237,227.29836000000003,300,512,distributor
238,335.762957,400,512,distributor
239,291.469208,300,512,distributor
240,249.672149,300,512,distributor
241,220.827386,300,512,distributor
242,294.455465,300,512,distributor
243,237.962107,300,512,distributor
244,280.809411,300,512,distributor
245,255.37065599999997,300,512,distributor
246,327.84172700000005,400,512,distributor
247,351.771859,400,512,distributor
248,226.802981,300,512,distributor
249,337.41771499999993,400,512,distributor
250,263.43249399999996,300,512,distributor
251,376.40673799999996,400,512,distributor
252,268.22191799999996,300,512,distributor
253,293.90623899999997,300,512,distributor
254,321.022263,400,512,distributor
255,207.67497699999998,300,512,distributor
256,249.10856199999998,300,512,distributor
257,263.362571,300,512,distributor
258,298.68667300000004,300,512,distributor
259,284.02743799999996,300,512,distributor
260,325.704241,400,512,distributor
261,320.58241899999996,400,512,distributor
262,235.23315499999998,300,512,distributor
263,243.00545,300,512,distributor
264,282.865457,300,512,distributor
265,247.939966,300,512,distributor
266,250.032809,300,512,distributor
267,259.30900199999996,300,512,distributor
268,246.52447799999996,300,512,distributor
269,343.352802,400,512,distributor
270,232.56841,300,512,distributor
271,243.07824499999998,300,512,distributor
272,271.521849,300,512,distributor
273,224.071499,300,512,distributor
274,334.7451659999999,400,512,distributor
275,282.642719,300,512,distributor
276,359.358828,400,512,distributor
277,251.213654,300,512,distributor
278,266.59971399999995,300,512,distributor
279,373.725189,400,512,distributor
280,266.364209,300,512,distributor
281,266.46293599999996,300,512,distributor
282,227.155282,300,512,distributor
283,284.85952399999996,300,512,distributor
284,399.39858999999996,400,512,distributor
285,251.63430199999996,300,512,distributor
286,297.462176,300,512,distributor
287,291.579915,300,512,distributor
288,277.53744,300,512,distributor
289,428.23201,500,512,distributor
290,246.63872099999998,300,512,distributor
291,236.25312300000002,300,512,distributor
292,334.595482,400,512,distributor
293,270.03407699999997,300,512,distributor
294,273.11740599999996,300,512,distributor
295,250.37166499999998,300,512,distributor
296,253.287629,300,512,distributor
297,229.154935,300,512,distributor
298,217.72230000000002,300,512,distributor
299,238.28744600000002,300,512,distributor
300,221.99034500000002,300,512,distributor
301,211.35949200000002,300,512,distributor
302,225.163831,300,512,distributor
303,237.68432299999998,300,512,distributor
304,222.06568800000002,300,512,distributor
305,267.06230999999997,300,512,distributor
306,207.23544999999996,300,512,distributor
307,238.118343,300,512,distributor
308,277.661835,300,512,distributor
309,254.76483299999998,300,512,distributor
310,250.32500000000002,300,512,distributor
311,261.87419199999994,300,512,distributor
312,265.79093,300,512,distributor
313,254.726094,300,512,distributor
314,238.016932,300,512,distributor
315,266.460886,300,512,distributor
316,214.68346599999998,300,512,distributor
317,379.404244,400,512,distributor
318,310.948511,400,512,distributor
319,219.253998,300,512,distributor
320,288.375703,300,512,distributor
321,238.419679,300,512,distributor
322,198.251512,200,512,distributor
323,246.284297,300,512,distributor
324,313.540791,400,512,distributor
325,217.282719,300,512,distributor
326,333.467595,400,512,distributor
327,343.8393519999999,400,512,distributor
328,372.995209,400,512,distributor
329,285.235571,300,512,distributor
330,219.115971,300,512,distributor
331,238.89740500000002,300,512,distributor
332,245.850024,300,512,distributor
333,227.057174,300,512,distributor
334,260.804187,300,512,distributor
335,249.501052,300,512,distributor
336,283.05118799999997,300,512,distributor
337,242.71979299999995,300,512,distributor
338,264.57126,300,512,distributor
339,297.249084,300,512,distributor
340,299.804283,300,512,distributor
341,211.176425,300,512,distributor
342,251.42596699999996,300,512,distributor
343,292.73341400000004,300,512,distributor
344,307.05375699999996,400,512,distributor
345,271.928792,300,512,distributor
346,333.18690799999996,400,512,distributor
347,309.1652659999999,400,512,distributor
348,235.552695,300,512,distributor
349,293.648707,300,512,distributor
350,261.584651,300,512,distributor
351,236.909425,300,512,distributor
352,235.895998,300,512,distributor
353,212.868139,300,512,distributor
354,312.077967,400,512,distributor
355,221.57667599999996,300,512,distributor
356,342.3618629999999,400,512,distributor
357,223.69658,300,512,distributor
358,237.479785,300,512,distributor
359,312.56829400000004,400,512,distributor
360,242.81145099999998,300,512,distributor
361,312.410817,400,512,distributor
362,286.278551,300,512,distributor
363,195.97466499999996,200,512,distributor
364,223.63144799999998,300,512,distributor
365,188.90656199999998,200,512,distributor
366,318.000775,400,512,distributor
367,395.53423599999996,400,512,distributor
368,226.72206399999996,300,512,distributor
369,264.11906899999997,300,512,distributor
370,240.007429,300,512,distributor
371,207.5385,300,512,distributor
372,270.032192,300,512,distributor
373,442.425083,500,512,distributor
374,265.393919,300,512,distributor
375,315.451436,400,512,distributor
376,262.413485,300,512,distributor
377,278.327262,300,512,distributor
378,238.571171,300,512,distributor
379,297.1921229999999,300,512,distributor
380,292.26124500000003,300,512,distributor
381,215.17261200000002,300,512,distributor
382,379.14544,400,512,distributor
383,285.572147,300,512,distributor
384,276.32662999999997,300,512,distributor
385,256.8211129999999,300,512,distributor
386,210.60979499999996,300,512,distributor
387,288.512131,300,512,distributor
388,235.66284499999998,300,512,distributor
389,361.014455,400,512,distributor
390,285.7250479999999,300,512,distributor
391,252.43238599999998,300,512,distributor
392,225.306882,300,512,distributor
393,234.258672,300,512,distributor
394,349.45647,400,512,distributor
395,240.772025,300,512,distributor
396,276.750936,300,512,distributor
397,218.290516,300,512,distributor
398,237.94449500000002,300,512,distributor
399,369.830673,400,512,distributor
