,data,is_cold,queue,size,memory,type
0,0.04635190963745117,False,lambda_cold,64,2048,invocation
1,0.03848552703857422,False,lambda_cold,64,2048,invocation
2,0.04657101631164551,False,lambda_cold,64,2048,invocation
3,0.04026222229003906,False,lambda_cold,64,2048,invocation
4,0.03722095489501953,False,lambda_cold,64,2048,invocation
5,0.038532257080078125,False,lambda_cold,64,2048,invocation
6,0.042337656021118164,False,lambda_cold,64,2048,invocation
7,0.041776180267333984,False,lambda_cold,64,2048,invocation
8,0.038733482360839844,False,lambda_cold,64,2048,invocation
9,0.04142498970031738,False,lambda_cold,64,2048,invocation
10,0.05678200721740723,False,lambda_cold,64,2048,invocation
11,0.04085206985473633,False,lambda_cold,64,2048,invocation
12,0.03513050079345703,False,lambda_cold,64,2048,invocation
13,0.03978753089904785,False,lambda_cold,64,2048,invocation
14,0.038613319396972656,False,lambda_cold,64,2048,invocation
15,0.038378000259399414,False,lambda_cold,64,2048,invocation
16,0.03882026672363281,False,lambda_cold,64,2048,invocation
17,0.037305355072021484,False,lambda_cold,64,2048,invocation
18,0.03712749481201172,False,lambda_cold,64,2048,invocation
19,0.03837776184082031,False,lambda_cold,64,2048,invocation
20,0.14019012451171875,False,lambda_cold,64,2048,invocation
21,0.08344197273254395,False,lambda_cold,64,2048,invocation
22,0.04176759719848633,False,lambda_cold,64,2048,invocation
23,0.03694462776184082,False,lambda_cold,64,2048,invocation
24,0.03896689414978027,False,lambda_cold,64,2048,invocation
25,0.038758277893066406,False,lambda_cold,64,2048,invocation
26,0.03343987464904785,False,lambda_cold,64,2048,invocation
27,0.055110931396484375,False,lambda_cold,64,2048,invocation
28,0.03965282440185547,False,lambda_cold,64,2048,invocation
29,0.036737918853759766,False,lambda_cold,64,2048,invocation
30,0.050405263900756836,False,lambda_cold,64,2048,invocation
31,0.040085792541503906,False,lambda_cold,64,2048,invocation
32,0.0372014045715332,False,lambda_cold,64,2048,invocation
33,0.04215264320373535,False,lambda_cold,64,2048,invocation
34,0.0408322811126709,False,lambda_cold,64,2048,invocation
35,0.03557395935058594,False,lambda_cold,64,2048,invocation
36,0.04226255416870117,False,lambda_cold,64,2048,invocation
37,0.03684735298156738,False,lambda_cold,64,2048,invocation
38,0.03674030303955078,False,lambda_cold,64,2048,invocation
39,0.03828716278076172,False,lambda_cold,64,2048,invocation
40,0.03930068016052246,False,lambda_cold,64,2048,invocation
41,0.04032492637634277,False,lambda_cold,64,2048,invocation
42,0.0397183895111084,False,lambda_cold,64,2048,invocation
43,0.03668975830078125,False,lambda_cold,64,2048,invocation
44,0.05584716796875,False,lambda_cold,64,2048,invocation
45,0.039263010025024414,False,lambda_cold,64,2048,invocation
46,0.03709530830383301,False,lambda_cold,64,2048,invocation
47,0.06081748008728027,False,lambda_cold,64,2048,invocation
48,0.03681206703186035,False,lambda_cold,64,2048,invocation
49,0.04151797294616699,False,lambda_cold,64,2048,invocation
50,0.03764629364013672,False,lambda_cold,64,2048,invocation
51,0.04209280014038086,False,lambda_cold,64,2048,invocation
52,0.04163002967834473,False,lambda_cold,64,2048,invocation
53,0.03851652145385742,False,lambda_cold,64,2048,invocation
54,0.03571176528930664,False,lambda_cold,64,2048,invocation
55,0.031334877014160156,False,lambda_cold,64,2048,invocation
56,0.038912057876586914,False,lambda_cold,64,2048,invocation
57,0.039220333099365234,False,lambda_cold,64,2048,invocation
58,0.04118609428405762,False,lambda_cold,64,2048,invocation
59,0.1470801830291748,False,lambda_cold,64,2048,invocation
60,0.03954768180847168,False,lambda_cold,64,2048,invocation
61,0.0650482177734375,False,lambda_cold,64,2048,invocation
62,0.1150813102722168,False,lambda_cold,64,2048,invocation
63,0.041970252990722656,False,lambda_cold,64,2048,invocation
64,0.03812289237976074,False,lambda_cold,64,2048,invocation
65,0.036604881286621094,False,lambda_cold,64,2048,invocation
66,0.03777456283569336,False,lambda_cold,64,2048,invocation
67,0.04099750518798828,False,lambda_cold,64,2048,invocation
68,0.03878140449523926,False,lambda_cold,64,2048,invocation
69,0.03887581825256348,False,lambda_cold,64,2048,invocation
70,0.038190603256225586,False,lambda_cold,64,2048,invocation
71,0.038413286209106445,False,lambda_cold,64,2048,invocation
72,0.03913116455078125,False,lambda_cold,64,2048,invocation
73,0.04107069969177246,False,lambda_cold,64,2048,invocation
74,0.048726558685302734,False,lambda_cold,64,2048,invocation
75,0.12179923057556152,False,lambda_cold,64,2048,invocation
76,0.03772473335266113,False,lambda_cold,64,2048,invocation
77,0.037827491760253906,False,lambda_cold,64,2048,invocation
78,0.03869509696960449,False,lambda_cold,64,2048,invocation
79,0.04026961326599121,False,lambda_cold,64,2048,invocation
80,0.042340993881225586,False,lambda_cold,64,2048,invocation
81,0.04056906700134277,False,lambda_cold,64,2048,invocation
82,0.035459041595458984,False,lambda_cold,64,2048,invocation
83,0.038631439208984375,False,lambda_cold,64,2048,invocation
84,0.03966498374938965,False,lambda_cold,64,2048,invocation
85,0.0415806770324707,False,lambda_cold,64,2048,invocation
86,0.038117408752441406,False,lambda_cold,64,2048,invocation
87,0.04554414749145508,False,lambda_cold,64,2048,invocation
88,0.03806185722351074,False,lambda_cold,64,2048,invocation
89,0.03911137580871582,False,lambda_cold,64,2048,invocation
90,0.03835797309875488,False,lambda_cold,64,2048,invocation
91,0.03805994987487793,False,lambda_cold,64,2048,invocation
92,0.04292178153991699,False,lambda_cold,64,2048,invocation
93,0.040401458740234375,False,lambda_cold,64,2048,invocation
94,0.039881229400634766,False,lambda_cold,64,2048,invocation
95,0.03828024864196777,False,lambda_cold,64,2048,invocation
96,0.04082179069519043,False,lambda_cold,64,2048,invocation
97,0.0401005744934082,False,lambda_cold,64,2048,invocation
98,0.03474283218383789,False,lambda_cold,64,2048,invocation
99,0.038034677505493164,False,lambda_cold,64,2048,invocation
100,0.04635190963745117,False,lambda_cold,1024,2048,invocation
101,0.03848552703857422,False,lambda_cold,1024,2048,invocation
102,0.04657101631164551,False,lambda_cold,1024,2048,invocation
103,0.04026222229003906,False,lambda_cold,1024,2048,invocation
104,0.03722095489501953,False,lambda_cold,1024,2048,invocation
105,0.038532257080078125,False,lambda_cold,1024,2048,invocation
106,0.042337656021118164,False,lambda_cold,1024,2048,invocation
107,0.041776180267333984,False,lambda_cold,1024,2048,invocation
108,0.038733482360839844,False,lambda_cold,1024,2048,invocation
109,0.04142498970031738,False,lambda_cold,1024,2048,invocation
110,0.05678200721740723,False,lambda_cold,1024,2048,invocation
111,0.04085206985473633,False,lambda_cold,1024,2048,invocation
112,0.03513050079345703,False,lambda_cold,1024,2048,invocation
113,0.03978753089904785,False,lambda_cold,1024,2048,invocation
114,0.038613319396972656,False,lambda_cold,1024,2048,invocation
115,0.038378000259399414,False,lambda_cold,1024,2048,invocation
116,0.03882026672363281,False,lambda_cold,1024,2048,invocation
117,0.037305355072021484,False,lambda_cold,1024,2048,invocation
118,0.03712749481201172,False,lambda_cold,1024,2048,invocation
119,0.03837776184082031,False,lambda_cold,1024,2048,invocation
120,0.14019012451171875,False,lambda_cold,1024,2048,invocation
121,0.08344197273254395,False,lambda_cold,1024,2048,invocation
122,0.04176759719848633,False,lambda_cold,1024,2048,invocation
123,0.03694462776184082,False,lambda_cold,1024,2048,invocation
124,0.03896689414978027,False,lambda_cold,1024,2048,invocation
125,0.038758277893066406,False,lambda_cold,1024,2048,invocation
126,0.03343987464904785,False,lambda_cold,1024,2048,invocation
127,0.055110931396484375,False,lambda_cold,1024,2048,invocation
128,0.03965282440185547,False,lambda_cold,1024,2048,invocation
129,0.036737918853759766,False,lambda_cold,1024,2048,invocation
130,0.050405263900756836,False,lambda_cold,1024,2048,invocation
131,0.040085792541503906,False,lambda_cold,1024,2048,invocation
132,0.0372014045715332,False,lambda_cold,1024,2048,invocation
133,0.04215264320373535,False,lambda_cold,1024,2048,invocation
134,0.0408322811126709,False,lambda_cold,1024,2048,invocation
135,0.03557395935058594,False,lambda_cold,1024,2048,invocation
136,0.04226255416870117,False,lambda_cold,1024,2048,invocation
137,0.03684735298156738,False,lambda_cold,1024,2048,invocation
138,0.03674030303955078,False,lambda_cold,1024,2048,invocation
139,0.03828716278076172,False,lambda_cold,1024,2048,invocation
140,0.03930068016052246,False,lambda_cold,1024,2048,invocation
141,0.04032492637634277,False,lambda_cold,1024,2048,invocation
142,0.0397183895111084,False,lambda_cold,1024,2048,invocation
143,0.03668975830078125,False,lambda_cold,1024,2048,invocation
144,0.05584716796875,False,lambda_cold,1024,2048,invocation
145,0.039263010025024414,False,lambda_cold,1024,2048,invocation
146,0.03709530830383301,False,lambda_cold,1024,2048,invocation
147,0.06081748008728027,False,lambda_cold,1024,2048,invocation
148,0.03681206703186035,False,lambda_cold,1024,2048,invocation
149,0.04151797294616699,False,lambda_cold,1024,2048,invocation
150,0.03764629364013672,False,lambda_cold,1024,2048,invocation
151,0.04209280014038086,False,lambda_cold,1024,2048,invocation
152,0.04163002967834473,False,lambda_cold,1024,2048,invocation
153,0.03851652145385742,False,lambda_cold,1024,2048,invocation
154,0.03571176528930664,False,lambda_cold,1024,2048,invocation
155,0.031334877014160156,False,lambda_cold,1024,2048,invocation
156,0.038912057876586914,False,lambda_cold,1024,2048,invocation
157,0.039220333099365234,False,lambda_cold,1024,2048,invocation
158,0.04118609428405762,False,lambda_cold,1024,2048,invocation
159,0.1470801830291748,False,lambda_cold,1024,2048,invocation
160,0.03954768180847168,False,lambda_cold,1024,2048,invocation
161,0.0650482177734375,False,lambda_cold,1024,2048,invocation
162,0.1150813102722168,False,lambda_cold,1024,2048,invocation
163,0.041970252990722656,False,lambda_cold,1024,2048,invocation
164,0.03812289237976074,False,lambda_cold,1024,2048,invocation
165,0.036604881286621094,False,lambda_cold,1024,2048,invocation
166,0.03777456283569336,False,lambda_cold,1024,2048,invocation
167,0.04099750518798828,False,lambda_cold,1024,2048,invocation
168,0.03878140449523926,False,lambda_cold,1024,2048,invocation
169,0.03887581825256348,False,lambda_cold,1024,2048,invocation
170,0.038190603256225586,False,lambda_cold,1024,2048,invocation
171,0.038413286209106445,False,lambda_cold,1024,2048,invocation
172,0.03913116455078125,False,lambda_cold,1024,2048,invocation
173,0.04107069969177246,False,lambda_cold,1024,2048,invocation
174,0.048726558685302734,False,lambda_cold,1024,2048,invocation
175,0.12179923057556152,False,lambda_cold,1024,2048,invocation
176,0.03772473335266113,False,lambda_cold,1024,2048,invocation
177,0.037827491760253906,False,lambda_cold,1024,2048,invocation
178,0.03869509696960449,False,lambda_cold,1024,2048,invocation
179,0.04026961326599121,False,lambda_cold,1024,2048,invocation
180,0.042340993881225586,False,lambda_cold,1024,2048,invocation
181,0.04056906700134277,False,lambda_cold,1024,2048,invocation
182,0.035459041595458984,False,lambda_cold,1024,2048,invocation
183,0.038631439208984375,False,lambda_cold,1024,2048,invocation
184,0.03966498374938965,False,lambda_cold,1024,2048,invocation
185,0.0415806770324707,False,lambda_cold,1024,2048,invocation
186,0.038117408752441406,False,lambda_cold,1024,2048,invocation
187,0.04554414749145508,False,lambda_cold,1024,2048,invocation
188,0.03806185722351074,False,lambda_cold,1024,2048,invocation
189,0.03911137580871582,False,lambda_cold,1024,2048,invocation
190,0.03835797309875488,False,lambda_cold,1024,2048,invocation
191,0.03805994987487793,False,lambda_cold,1024,2048,invocation
192,0.04292178153991699,False,lambda_cold,1024,2048,invocation
193,0.040401458740234375,False,lambda_cold,1024,2048,invocation
194,0.039881229400634766,False,lambda_cold,1024,2048,invocation
195,0.03828024864196777,False,lambda_cold,1024,2048,invocation
196,0.04082179069519043,False,lambda_cold,1024,2048,invocation
197,0.0401005744934082,False,lambda_cold,1024,2048,invocation
198,0.03474283218383789,False,lambda_cold,1024,2048,invocation
199,0.038034677505493164,False,lambda_cold,1024,2048,invocation
200,0.03667140007019043,False,lambda_cold,1024,2048,invocation
201,0.04062938690185547,False,lambda_cold,1024,2048,invocation
202,0.03674125671386719,False,lambda_cold,1024,2048,invocation
203,0.03961014747619629,False,lambda_cold,1024,2048,invocation
204,0.03962588310241699,False,lambda_cold,1024,2048,invocation
205,0.042276859283447266,False,lambda_cold,1024,2048,invocation
206,0.036664724349975586,False,lambda_cold,1024,2048,invocation
207,0.044309377670288086,False,lambda_cold,1024,2048,invocation
208,0.15177416801452637,False,lambda_cold,1024,2048,invocation
209,0.13141155242919922,False,lambda_cold,1024,2048,invocation
210,0.03836989402770996,False,lambda_cold,1024,2048,invocation
211,0.03557276725769043,False,lambda_cold,1024,2048,invocation
212,0.041878461837768555,False,lambda_cold,1024,2048,invocation
213,0.03697395324707031,False,lambda_cold,1024,2048,invocation
214,0.04660344123840332,False,lambda_cold,1024,2048,invocation
215,0.03855490684509277,False,lambda_cold,1024,2048,invocation
216,0.04337573051452637,False,lambda_cold,1024,2048,invocation
217,0.045191049575805664,False,lambda_cold,1024,2048,invocation
218,0.03900408744812012,False,lambda_cold,1024,2048,invocation
219,0.04312753677368164,False,lambda_cold,1024,2048,invocation
220,0.03876137733459473,False,lambda_cold,1024,2048,invocation
221,0.039748191833496094,False,lambda_cold,1024,2048,invocation
222,0.042517662048339844,False,lambda_cold,1024,2048,invocation
223,0.04885244369506836,False,lambda_cold,1024,2048,invocation
224,0.05427861213684082,False,lambda_cold,1024,2048,invocation
225,0.10974407196044922,False,lambda_cold,1024,2048,invocation
226,0.06045269966125488,False,lambda_cold,1024,2048,invocation
227,0.0415799617767334,False,lambda_cold,1024,2048,invocation
228,0.04672431945800781,False,lambda_cold,1024,2048,invocation
229,0.0384521484375,False,lambda_cold,1024,2048,invocation
230,0.12499380111694336,False,lambda_cold,1024,2048,invocation
231,0.03660893440246582,False,lambda_cold,1024,2048,invocation
232,0.04235672950744629,False,lambda_cold,1024,2048,invocation
233,0.03584408760070801,False,lambda_cold,1024,2048,invocation
234,0.03664684295654297,False,lambda_cold,1024,2048,invocation
235,0.03863239288330078,False,lambda_cold,1024,2048,invocation
236,0.04048442840576172,False,lambda_cold,1024,2048,invocation
237,0.04740333557128906,False,lambda_cold,1024,2048,invocation
238,0.03457975387573242,False,lambda_cold,1024,2048,invocation
239,0.04087972640991211,False,lambda_cold,1024,2048,invocation
240,0.039476633071899414,False,lambda_cold,1024,2048,invocation
241,0.0400240421295166,False,lambda_cold,1024,2048,invocation
242,0.035985469818115234,False,lambda_cold,1024,2048,invocation
243,0.04060792922973633,False,lambda_cold,1024,2048,invocation
244,0.08938193321228027,False,lambda_cold,1024,2048,invocation
245,0.11218380928039551,False,lambda_cold,1024,2048,invocation
246,0.04026055335998535,False,lambda_cold,1024,2048,invocation
247,0.03911709785461426,False,lambda_cold,1024,2048,invocation
248,0.04187655448913574,False,lambda_cold,1024,2048,invocation
249,0.04123854637145996,False,lambda_cold,1024,2048,invocation
250,0.040773868560791016,False,lambda_cold,1024,2048,invocation
251,0.03994178771972656,False,lambda_cold,1024,2048,invocation
252,0.036705970764160156,False,lambda_cold,1024,2048,invocation
253,0.03950858116149902,False,lambda_cold,1024,2048,invocation
254,0.04177069664001465,False,lambda_cold,1024,2048,invocation
255,0.03104257583618164,False,lambda_cold,1024,2048,invocation
256,0.039587974548339844,False,lambda_cold,1024,2048,invocation
257,0.03998732566833496,False,lambda_cold,1024,2048,invocation
258,0.046647071838378906,False,lambda_cold,1024,2048,invocation
259,0.042127370834350586,False,lambda_cold,1024,2048,invocation
260,0.03708839416503906,False,lambda_cold,1024,2048,invocation
261,0.03569793701171875,False,lambda_cold,1024,2048,invocation
262,0.039130449295043945,False,lambda_cold,1024,2048,invocation
263,0.03599977493286133,False,lambda_cold,1024,2048,invocation
264,0.11650419235229492,False,lambda_cold,1024,2048,invocation
265,0.03866767883300781,False,lambda_cold,1024,2048,invocation
266,0.03819727897644043,False,lambda_cold,1024,2048,invocation
267,0.03862428665161133,False,lambda_cold,1024,2048,invocation
268,0.042022705078125,False,lambda_cold,1024,2048,invocation
269,0.04178333282470703,False,lambda_cold,1024,2048,invocation
270,0.03834033012390137,False,lambda_cold,1024,2048,invocation
271,0.041800737380981445,False,lambda_cold,1024,2048,invocation
272,0.039380550384521484,False,lambda_cold,1024,2048,invocation
273,0.04542899131774902,False,lambda_cold,1024,2048,invocation
274,0.04080390930175781,False,lambda_cold,1024,2048,invocation
275,0.03993868827819824,False,lambda_cold,1024,2048,invocation
276,0.05595827102661133,False,lambda_cold,1024,2048,invocation
277,0.04168248176574707,False,lambda_cold,1024,2048,invocation
278,0.04180598258972168,False,lambda_cold,1024,2048,invocation
279,0.04083752632141113,False,lambda_cold,1024,2048,invocation
280,0.03929853439331055,False,lambda_cold,1024,2048,invocation
281,0.038451433181762695,False,lambda_cold,1024,2048,invocation
282,0.03636479377746582,False,lambda_cold,1024,2048,invocation
283,0.04467010498046875,False,lambda_cold,1024,2048,invocation
284,0.04833102226257324,False,lambda_cold,1024,2048,invocation
285,0.03894996643066406,False,lambda_cold,1024,2048,invocation
286,0.03944063186645508,False,lambda_cold,1024,2048,invocation
287,0.043256282806396484,False,lambda_cold,1024,2048,invocation
288,0.03782486915588379,False,lambda_cold,1024,2048,invocation
289,0.04365253448486328,False,lambda_cold,1024,2048,invocation
290,0.04380083084106445,False,lambda_cold,1024,2048,invocation
291,0.09900331497192383,False,lambda_cold,1024,2048,invocation
292,0.04637002944946289,False,lambda_cold,1024,2048,invocation
293,0.045622825622558594,False,lambda_cold,1024,2048,invocation
294,0.044576168060302734,False,lambda_cold,1024,2048,invocation
295,0.04202389717102051,False,lambda_cold,1024,2048,invocation
296,0.04113292694091797,False,lambda_cold,1024,2048,invocation
297,0.03927731513977051,False,lambda_cold,1024,2048,invocation
298,0.039191246032714844,False,lambda_cold,1024,2048,invocation
299,0.03832387924194336,False,lambda_cold,1024,2048,invocation
300,0.04635190963745117,False,lambda_cold,32768,2048,invocation
301,0.03848552703857422,False,lambda_cold,32768,2048,invocation
302,0.04657101631164551,False,lambda_cold,32768,2048,invocation
303,0.04026222229003906,False,lambda_cold,32768,2048,invocation
304,0.03722095489501953,False,lambda_cold,32768,2048,invocation
305,0.038532257080078125,False,lambda_cold,32768,2048,invocation
306,0.042337656021118164,False,lambda_cold,32768,2048,invocation
307,0.041776180267333984,False,lambda_cold,32768,2048,invocation
308,0.038733482360839844,False,lambda_cold,32768,2048,invocation
309,0.04142498970031738,False,lambda_cold,32768,2048,invocation
310,0.05678200721740723,False,lambda_cold,32768,2048,invocation
311,0.04085206985473633,False,lambda_cold,32768,2048,invocation
312,0.03513050079345703,False,lambda_cold,32768,2048,invocation
313,0.03978753089904785,False,lambda_cold,32768,2048,invocation
314,0.038613319396972656,False,lambda_cold,32768,2048,invocation
315,0.038378000259399414,False,lambda_cold,32768,2048,invocation
316,0.03882026672363281,False,lambda_cold,32768,2048,invocation
317,0.037305355072021484,False,lambda_cold,32768,2048,invocation
318,0.03712749481201172,False,lambda_cold,32768,2048,invocation
319,0.03837776184082031,False,lambda_cold,32768,2048,invocation
320,0.14019012451171875,False,lambda_cold,32768,2048,invocation
321,0.08344197273254395,False,lambda_cold,32768,2048,invocation
322,0.04176759719848633,False,lambda_cold,32768,2048,invocation
323,0.03694462776184082,False,lambda_cold,32768,2048,invocation
324,0.03896689414978027,False,lambda_cold,32768,2048,invocation
325,0.038758277893066406,False,lambda_cold,32768,2048,invocation
326,0.03343987464904785,False,lambda_cold,32768,2048,invocation
327,0.055110931396484375,False,lambda_cold,32768,2048,invocation
328,0.03965282440185547,False,lambda_cold,32768,2048,invocation
329,0.036737918853759766,False,lambda_cold,32768,2048,invocation
330,0.050405263900756836,False,lambda_cold,32768,2048,invocation
331,0.040085792541503906,False,lambda_cold,32768,2048,invocation
332,0.0372014045715332,False,lambda_cold,32768,2048,invocation
333,0.04215264320373535,False,lambda_cold,32768,2048,invocation
334,0.0408322811126709,False,lambda_cold,32768,2048,invocation
335,0.03557395935058594,False,lambda_cold,32768,2048,invocation
336,0.04226255416870117,False,lambda_cold,32768,2048,invocation
337,0.03684735298156738,False,lambda_cold,32768,2048,invocation
338,0.03674030303955078,False,lambda_cold,32768,2048,invocation
339,0.03828716278076172,False,lambda_cold,32768,2048,invocation
340,0.03930068016052246,False,lambda_cold,32768,2048,invocation
341,0.04032492637634277,False,lambda_cold,32768,2048,invocation
342,0.0397183895111084,False,lambda_cold,32768,2048,invocation
343,0.03668975830078125,False,lambda_cold,32768,2048,invocation
344,0.05584716796875,False,lambda_cold,32768,2048,invocation
345,0.039263010025024414,False,lambda_cold,32768,2048,invocation
346,0.03709530830383301,False,lambda_cold,32768,2048,invocation
347,0.06081748008728027,False,lambda_cold,32768,2048,invocation
348,0.03681206703186035,False,lambda_cold,32768,2048,invocation
349,0.04151797294616699,False,lambda_cold,32768,2048,invocation
350,0.03764629364013672,False,lambda_cold,32768,2048,invocation
351,0.04209280014038086,False,lambda_cold,32768,2048,invocation
352,0.04163002967834473,False,lambda_cold,32768,2048,invocation
353,0.03851652145385742,False,lambda_cold,32768,2048,invocation
354,0.03571176528930664,False,lambda_cold,32768,2048,invocation
355,0.031334877014160156,False,lambda_cold,32768,2048,invocation
356,0.038912057876586914,False,lambda_cold,32768,2048,invocation
357,0.039220333099365234,False,lambda_cold,32768,2048,invocation
358,0.04118609428405762,False,lambda_cold,32768,2048,invocation
359,0.1470801830291748,False,lambda_cold,32768,2048,invocation
360,0.03954768180847168,False,lambda_cold,32768,2048,invocation
361,0.0650482177734375,False,lambda_cold,32768,2048,invocation
362,0.1150813102722168,False,lambda_cold,32768,2048,invocation
363,0.041970252990722656,False,lambda_cold,32768,2048,invocation
364,0.03812289237976074,False,lambda_cold,32768,2048,invocation
365,0.036604881286621094,False,lambda_cold,32768,2048,invocation
366,0.03777456283569336,False,lambda_cold,32768,2048,invocation
367,0.04099750518798828,False,lambda_cold,32768,2048,invocation
368,0.03878140449523926,False,lambda_cold,32768,2048,invocation
369,0.03887581825256348,False,lambda_cold,32768,2048,invocation
370,0.038190603256225586,False,lambda_cold,32768,2048,invocation
371,0.038413286209106445,False,lambda_cold,32768,2048,invocation
372,0.03913116455078125,False,lambda_cold,32768,2048,invocation
373,0.04107069969177246,False,lambda_cold,32768,2048,invocation
374,0.048726558685302734,False,lambda_cold,32768,2048,invocation
375,0.12179923057556152,False,lambda_cold,32768,2048,invocation
376,0.03772473335266113,False,lambda_cold,32768,2048,invocation
377,0.037827491760253906,False,lambda_cold,32768,2048,invocation
378,0.03869509696960449,False,lambda_cold,32768,2048,invocation
379,0.04026961326599121,False,lambda_cold,32768,2048,invocation
380,0.042340993881225586,False,lambda_cold,32768,2048,invocation
381,0.04056906700134277,False,lambda_cold,32768,2048,invocation
382,0.035459041595458984,False,lambda_cold,32768,2048,invocation
383,0.038631439208984375,False,lambda_cold,32768,2048,invocation
384,0.03966498374938965,False,lambda_cold,32768,2048,invocation
385,0.0415806770324707,False,lambda_cold,32768,2048,invocation
386,0.038117408752441406,False,lambda_cold,32768,2048,invocation
387,0.04554414749145508,False,lambda_cold,32768,2048,invocation
388,0.03806185722351074,False,lambda_cold,32768,2048,invocation
389,0.03911137580871582,False,lambda_cold,32768,2048,invocation
390,0.03835797309875488,False,lambda_cold,32768,2048,invocation
391,0.03805994987487793,False,lambda_cold,32768,2048,invocation
392,0.04292178153991699,False,lambda_cold,32768,2048,invocation
393,0.040401458740234375,False,lambda_cold,32768,2048,invocation
394,0.039881229400634766,False,lambda_cold,32768,2048,invocation
395,0.03828024864196777,False,lambda_cold,32768,2048,invocation
396,0.04082179069519043,False,lambda_cold,32768,2048,invocation
397,0.0401005744934082,False,lambda_cold,32768,2048,invocation
398,0.03474283218383789,False,lambda_cold,32768,2048,invocation
399,0.038034677505493164,False,lambda_cold,32768,2048,invocation
400,0.03667140007019043,False,lambda_cold,32768,2048,invocation
401,0.04062938690185547,False,lambda_cold,32768,2048,invocation
402,0.03674125671386719,False,lambda_cold,32768,2048,invocation
403,0.03961014747619629,False,lambda_cold,32768,2048,invocation
404,0.03962588310241699,False,lambda_cold,32768,2048,invocation
405,0.042276859283447266,False,lambda_cold,32768,2048,invocation
406,0.036664724349975586,False,lambda_cold,32768,2048,invocation
407,0.044309377670288086,False,lambda_cold,32768,2048,invocation
408,0.15177416801452637,False,lambda_cold,32768,2048,invocation
409,0.13141155242919922,False,lambda_cold,32768,2048,invocation
410,0.03836989402770996,False,lambda_cold,32768,2048,invocation
411,0.03557276725769043,False,lambda_cold,32768,2048,invocation
412,0.041878461837768555,False,lambda_cold,32768,2048,invocation
413,0.03697395324707031,False,lambda_cold,32768,2048,invocation
414,0.04660344123840332,False,lambda_cold,32768,2048,invocation
415,0.03855490684509277,False,lambda_cold,32768,2048,invocation
416,0.04337573051452637,False,lambda_cold,32768,2048,invocation
417,0.045191049575805664,False,lambda_cold,32768,2048,invocation
418,0.03900408744812012,False,lambda_cold,32768,2048,invocation
419,0.04312753677368164,False,lambda_cold,32768,2048,invocation
420,0.03876137733459473,False,lambda_cold,32768,2048,invocation
421,0.039748191833496094,False,lambda_cold,32768,2048,invocation
422,0.042517662048339844,False,lambda_cold,32768,2048,invocation
423,0.04885244369506836,False,lambda_cold,32768,2048,invocation
424,0.05427861213684082,False,lambda_cold,32768,2048,invocation
425,0.10974407196044922,False,lambda_cold,32768,2048,invocation
426,0.06045269966125488,False,lambda_cold,32768,2048,invocation
427,0.0415799617767334,False,lambda_cold,32768,2048,invocation
428,0.04672431945800781,False,lambda_cold,32768,2048,invocation
429,0.0384521484375,False,lambda_cold,32768,2048,invocation
430,0.12499380111694336,False,lambda_cold,32768,2048,invocation
431,0.03660893440246582,False,lambda_cold,32768,2048,invocation
432,0.04235672950744629,False,lambda_cold,32768,2048,invocation
433,0.03584408760070801,False,lambda_cold,32768,2048,invocation
434,0.03664684295654297,False,lambda_cold,32768,2048,invocation
435,0.03863239288330078,False,lambda_cold,32768,2048,invocation
436,0.04048442840576172,False,lambda_cold,32768,2048,invocation
437,0.04740333557128906,False,lambda_cold,32768,2048,invocation
438,0.03457975387573242,False,lambda_cold,32768,2048,invocation
439,0.04087972640991211,False,lambda_cold,32768,2048,invocation
440,0.039476633071899414,False,lambda_cold,32768,2048,invocation
441,0.0400240421295166,False,lambda_cold,32768,2048,invocation
442,0.035985469818115234,False,lambda_cold,32768,2048,invocation
443,0.04060792922973633,False,lambda_cold,32768,2048,invocation
444,0.08938193321228027,False,lambda_cold,32768,2048,invocation
445,0.11218380928039551,False,lambda_cold,32768,2048,invocation
446,0.04026055335998535,False,lambda_cold,32768,2048,invocation
447,0.03911709785461426,False,lambda_cold,32768,2048,invocation
448,0.04187655448913574,False,lambda_cold,32768,2048,invocation
449,0.04123854637145996,False,lambda_cold,32768,2048,invocation
450,0.040773868560791016,False,lambda_cold,32768,2048,invocation
451,0.03994178771972656,False,lambda_cold,32768,2048,invocation
452,0.036705970764160156,False,lambda_cold,32768,2048,invocation
453,0.03950858116149902,False,lambda_cold,32768,2048,invocation
454,0.04177069664001465,False,lambda_cold,32768,2048,invocation
455,0.03104257583618164,False,lambda_cold,32768,2048,invocation
456,0.039587974548339844,False,lambda_cold,32768,2048,invocation
457,0.03998732566833496,False,lambda_cold,32768,2048,invocation
458,0.046647071838378906,False,lambda_cold,32768,2048,invocation
459,0.042127370834350586,False,lambda_cold,32768,2048,invocation
460,0.03708839416503906,False,lambda_cold,32768,2048,invocation
461,0.03569793701171875,False,lambda_cold,32768,2048,invocation
462,0.039130449295043945,False,lambda_cold,32768,2048,invocation
463,0.03599977493286133,False,lambda_cold,32768,2048,invocation
464,0.11650419235229492,False,lambda_cold,32768,2048,invocation
465,0.03866767883300781,False,lambda_cold,32768,2048,invocation
466,0.03819727897644043,False,lambda_cold,32768,2048,invocation
467,0.03862428665161133,False,lambda_cold,32768,2048,invocation
468,0.042022705078125,False,lambda_cold,32768,2048,invocation
469,0.04178333282470703,False,lambda_cold,32768,2048,invocation
470,0.03834033012390137,False,lambda_cold,32768,2048,invocation
471,0.041800737380981445,False,lambda_cold,32768,2048,invocation
472,0.039380550384521484,False,lambda_cold,32768,2048,invocation
473,0.04542899131774902,False,lambda_cold,32768,2048,invocation
474,0.04080390930175781,False,lambda_cold,32768,2048,invocation
475,0.03993868827819824,False,lambda_cold,32768,2048,invocation
476,0.05595827102661133,False,lambda_cold,32768,2048,invocation
477,0.04168248176574707,False,lambda_cold,32768,2048,invocation
478,0.04180598258972168,False,lambda_cold,32768,2048,invocation
479,0.04083752632141113,False,lambda_cold,32768,2048,invocation
480,0.03929853439331055,False,lambda_cold,32768,2048,invocation
481,0.038451433181762695,False,lambda_cold,32768,2048,invocation
482,0.03636479377746582,False,lambda_cold,32768,2048,invocation
483,0.04467010498046875,False,lambda_cold,32768,2048,invocation
484,0.04833102226257324,False,lambda_cold,32768,2048,invocation
485,0.03894996643066406,False,lambda_cold,32768,2048,invocation
486,0.03944063186645508,False,lambda_cold,32768,2048,invocation
487,0.043256282806396484,False,lambda_cold,32768,2048,invocation
488,0.03782486915588379,False,lambda_cold,32768,2048,invocation
489,0.04365253448486328,False,lambda_cold,32768,2048,invocation
490,0.04380083084106445,False,lambda_cold,32768,2048,invocation
491,0.09900331497192383,False,lambda_cold,32768,2048,invocation
492,0.04637002944946289,False,lambda_cold,32768,2048,invocation
493,0.045622825622558594,False,lambda_cold,32768,2048,invocation
494,0.044576168060302734,False,lambda_cold,32768,2048,invocation
495,0.04202389717102051,False,lambda_cold,32768,2048,invocation
496,0.04113292694091797,False,lambda_cold,32768,2048,invocation
497,0.03927731513977051,False,lambda_cold,32768,2048,invocation
498,0.039191246032714844,False,lambda_cold,32768,2048,invocation
499,0.03832387924194336,False,lambda_cold,32768,2048,invocation
500,0.04499030113220215,False,lambda_cold,32768,2048,invocation
501,0.0378727912902832,False,lambda_cold,32768,2048,invocation
502,0.04156303405761719,False,lambda_cold,32768,2048,invocation
503,0.03910326957702637,False,lambda_cold,32768,2048,invocation
504,0.043680429458618164,False,lambda_cold,32768,2048,invocation
505,0.04200911521911621,False,lambda_cold,32768,2048,invocation
506,0.10647010803222656,False,lambda_cold,32768,2048,invocation
507,0.04271554946899414,False,lambda_cold,32768,2048,invocation
508,0.0437617301940918,False,lambda_cold,32768,2048,invocation
509,0.04516315460205078,False,lambda_cold,32768,2048,invocation
510,0.0442204475402832,False,lambda_cold,32768,2048,invocation
511,0.04795122146606445,False,lambda_cold,32768,2048,invocation
512,0.04300689697265625,False,lambda_cold,32768,2048,invocation
513,0.04282259941101074,False,lambda_cold,32768,2048,invocation
514,0.05133962631225586,False,lambda_cold,32768,2048,invocation
515,0.042719125747680664,False,lambda_cold,32768,2048,invocation
516,0.042853355407714844,False,lambda_cold,32768,2048,invocation
517,0.04401993751525879,False,lambda_cold,32768,2048,invocation
518,0.043996572494506836,False,lambda_cold,32768,2048,invocation
519,0.04233813285827637,False,lambda_cold,32768,2048,invocation
520,0.04558968544006348,False,lambda_cold,32768,2048,invocation
521,0.05098271369934082,False,lambda_cold,32768,2048,invocation
522,0.04373931884765625,False,lambda_cold,32768,2048,invocation
523,0.040674686431884766,False,lambda_cold,32768,2048,invocation
524,0.048882246017456055,False,lambda_cold,32768,2048,invocation
525,0.05433988571166992,False,lambda_cold,32768,2048,invocation
526,0.043407440185546875,False,lambda_cold,32768,2048,invocation
527,0.048521995544433594,False,lambda_cold,32768,2048,invocation
528,0.04596567153930664,False,lambda_cold,32768,2048,invocation
529,0.042765140533447266,False,lambda_cold,32768,2048,invocation
530,0.05341219902038574,False,lambda_cold,32768,2048,invocation
531,0.0540623664855957,False,lambda_cold,32768,2048,invocation
532,0.044509172439575195,False,lambda_cold,32768,2048,invocation
533,0.0426785945892334,False,lambda_cold,32768,2048,invocation
534,0.04450559616088867,False,lambda_cold,32768,2048,invocation
535,0.04789900779724121,False,lambda_cold,32768,2048,invocation
536,0.04836630821228027,False,lambda_cold,32768,2048,invocation
537,0.04234623908996582,False,lambda_cold,32768,2048,invocation
538,0.04691600799560547,False,lambda_cold,32768,2048,invocation
539,0.045194387435913086,False,lambda_cold,32768,2048,invocation
540,0.04329204559326172,False,lambda_cold,32768,2048,invocation
541,0.04339432716369629,False,lambda_cold,32768,2048,invocation
542,0.04511308670043945,False,lambda_cold,32768,2048,invocation
543,0.04460549354553223,False,lambda_cold,32768,2048,invocation
544,0.04109454154968262,False,lambda_cold,32768,2048,invocation
545,1.1460118293762207,False,lambda_cold,32768,2048,invocation
546,0.05425405502319336,False,lambda_cold,32768,2048,invocation
547,0.06919312477111816,False,lambda_cold,32768,2048,invocation
548,0.04304242134094238,False,lambda_cold,32768,2048,invocation
549,0.04692554473876953,False,lambda_cold,32768,2048,invocation
550,0.04581093788146973,False,lambda_cold,32768,2048,invocation
551,0.048284292221069336,False,lambda_cold,32768,2048,invocation
552,0.04307079315185547,False,lambda_cold,32768,2048,invocation
553,0.12862658500671387,False,lambda_cold,32768,2048,invocation
554,0.05171632766723633,False,lambda_cold,32768,2048,invocation
555,0.03531360626220703,False,lambda_cold,32768,2048,invocation
556,0.0581817626953125,False,lambda_cold,32768,2048,invocation
557,0.04229283332824707,False,lambda_cold,32768,2048,invocation
558,0.044223785400390625,False,lambda_cold,32768,2048,invocation
559,0.04594135284423828,False,lambda_cold,32768,2048,invocation
560,0.25295591354370117,False,lambda_cold,32768,2048,invocation
561,0.04368901252746582,False,lambda_cold,32768,2048,invocation
562,0.1105031967163086,False,lambda_cold,32768,2048,invocation
563,0.04546785354614258,False,lambda_cold,32768,2048,invocation
564,0.04501676559448242,False,lambda_cold,32768,2048,invocation
565,0.0543367862701416,False,lambda_cold,32768,2048,invocation
566,0.042447805404663086,False,lambda_cold,32768,2048,invocation
567,0.04448509216308594,False,lambda_cold,32768,2048,invocation
568,0.0673835277557373,False,lambda_cold,32768,2048,invocation
569,0.1105642318725586,False,lambda_cold,32768,2048,invocation
570,0.04468131065368652,False,lambda_cold,32768,2048,invocation
571,0.045285701751708984,False,lambda_cold,32768,2048,invocation
572,0.03948521614074707,False,lambda_cold,32768,2048,invocation
573,0.04982566833496094,False,lambda_cold,32768,2048,invocation
574,0.045386314392089844,False,lambda_cold,32768,2048,invocation
575,0.04340052604675293,False,lambda_cold,32768,2048,invocation
576,0.044617414474487305,False,lambda_cold,32768,2048,invocation
577,0.04572725296020508,False,lambda_cold,32768,2048,invocation
578,0.042156219482421875,False,lambda_cold,32768,2048,invocation
579,0.042572021484375,False,lambda_cold,32768,2048,invocation
580,0.050102949142456055,False,lambda_cold,32768,2048,invocation
581,0.1280045509338379,False,lambda_cold,32768,2048,invocation
582,0.052185773849487305,False,lambda_cold,32768,2048,invocation
583,0.04071235656738281,False,lambda_cold,32768,2048,invocation
584,0.04546976089477539,False,lambda_cold,32768,2048,invocation
585,0.04629206657409668,False,lambda_cold,32768,2048,invocation
586,0.04433393478393555,False,lambda_cold,32768,2048,invocation
587,0.04512143135070801,False,lambda_cold,32768,2048,invocation
588,0.045368194580078125,False,lambda_cold,32768,2048,invocation
589,0.04303455352783203,False,lambda_cold,32768,2048,invocation
590,0.04390764236450195,False,lambda_cold,32768,2048,invocation
591,0.04654049873352051,False,lambda_cold,32768,2048,invocation
592,0.05390477180480957,False,lambda_cold,32768,2048,invocation
593,0.04469490051269531,False,lambda_cold,32768,2048,invocation
594,0.03835153579711914,False,lambda_cold,32768,2048,invocation
595,0.04773521423339844,False,lambda_cold,32768,2048,invocation
596,0.04331374168395996,False,lambda_cold,32768,2048,invocation
597,1.138657808303833,False,lambda_cold,32768,2048,invocation
598,0.045134782791137695,False,lambda_cold,32768,2048,invocation
599,0.0489048957824707,False,lambda_cold,32768,2048,invocation
600,0.04635190963745117,False,lambda_cold,65536,2048,invocation
601,0.03848552703857422,False,lambda_cold,65536,2048,invocation
602,0.04657101631164551,False,lambda_cold,65536,2048,invocation
603,0.04026222229003906,False,lambda_cold,65536,2048,invocation
604,0.03722095489501953,False,lambda_cold,65536,2048,invocation
605,0.038532257080078125,False,lambda_cold,65536,2048,invocation
606,0.042337656021118164,False,lambda_cold,65536,2048,invocation
607,0.041776180267333984,False,lambda_cold,65536,2048,invocation
608,0.038733482360839844,False,lambda_cold,65536,2048,invocation
609,0.04142498970031738,False,lambda_cold,65536,2048,invocation
610,0.05678200721740723,False,lambda_cold,65536,2048,invocation
611,0.04085206985473633,False,lambda_cold,65536,2048,invocation
612,0.03513050079345703,False,lambda_cold,65536,2048,invocation
613,0.03978753089904785,False,lambda_cold,65536,2048,invocation
614,0.038613319396972656,False,lambda_cold,65536,2048,invocation
615,0.038378000259399414,False,lambda_cold,65536,2048,invocation
616,0.03882026672363281,False,lambda_cold,65536,2048,invocation
617,0.037305355072021484,False,lambda_cold,65536,2048,invocation
618,0.03712749481201172,False,lambda_cold,65536,2048,invocation
619,0.03837776184082031,False,lambda_cold,65536,2048,invocation
620,0.14019012451171875,False,lambda_cold,65536,2048,invocation
621,0.08344197273254395,False,lambda_cold,65536,2048,invocation
622,0.04176759719848633,False,lambda_cold,65536,2048,invocation
623,0.03694462776184082,False,lambda_cold,65536,2048,invocation
624,0.03896689414978027,False,lambda_cold,65536,2048,invocation
625,0.038758277893066406,False,lambda_cold,65536,2048,invocation
626,0.03343987464904785,False,lambda_cold,65536,2048,invocation
627,0.055110931396484375,False,lambda_cold,65536,2048,invocation
628,0.03965282440185547,False,lambda_cold,65536,2048,invocation
629,0.036737918853759766,False,lambda_cold,65536,2048,invocation
630,0.050405263900756836,False,lambda_cold,65536,2048,invocation
631,0.040085792541503906,False,lambda_cold,65536,2048,invocation
632,0.0372014045715332,False,lambda_cold,65536,2048,invocation
633,0.04215264320373535,False,lambda_cold,65536,2048,invocation
634,0.0408322811126709,False,lambda_cold,65536,2048,invocation
635,0.03557395935058594,False,lambda_cold,65536,2048,invocation
636,0.04226255416870117,False,lambda_cold,65536,2048,invocation
637,0.03684735298156738,False,lambda_cold,65536,2048,invocation
638,0.03674030303955078,False,lambda_cold,65536,2048,invocation
639,0.03828716278076172,False,lambda_cold,65536,2048,invocation
640,0.03930068016052246,False,lambda_cold,65536,2048,invocation
641,0.04032492637634277,False,lambda_cold,65536,2048,invocation
642,0.0397183895111084,False,lambda_cold,65536,2048,invocation
643,0.03668975830078125,False,lambda_cold,65536,2048,invocation
644,0.05584716796875,False,lambda_cold,65536,2048,invocation
645,0.039263010025024414,False,lambda_cold,65536,2048,invocation
646,0.03709530830383301,False,lambda_cold,65536,2048,invocation
647,0.06081748008728027,False,lambda_cold,65536,2048,invocation
648,0.03681206703186035,False,lambda_cold,65536,2048,invocation
649,0.04151797294616699,False,lambda_cold,65536,2048,invocation
650,0.03764629364013672,False,lambda_cold,65536,2048,invocation
651,0.04209280014038086,False,lambda_cold,65536,2048,invocation
652,0.04163002967834473,False,lambda_cold,65536,2048,invocation
653,0.03851652145385742,False,lambda_cold,65536,2048,invocation
654,0.03571176528930664,False,lambda_cold,65536,2048,invocation
655,0.031334877014160156,False,lambda_cold,65536,2048,invocation
656,0.038912057876586914,False,lambda_cold,65536,2048,invocation
657,0.039220333099365234,False,lambda_cold,65536,2048,invocation
658,0.04118609428405762,False,lambda_cold,65536,2048,invocation
659,0.1470801830291748,False,lambda_cold,65536,2048,invocation
660,0.03954768180847168,False,lambda_cold,65536,2048,invocation
661,0.0650482177734375,False,lambda_cold,65536,2048,invocation
662,0.1150813102722168,False,lambda_cold,65536,2048,invocation
663,0.041970252990722656,False,lambda_cold,65536,2048,invocation
664,0.03812289237976074,False,lambda_cold,65536,2048,invocation
665,0.036604881286621094,False,lambda_cold,65536,2048,invocation
666,0.03777456283569336,False,lambda_cold,65536,2048,invocation
667,0.04099750518798828,False,lambda_cold,65536,2048,invocation
668,0.03878140449523926,False,lambda_cold,65536,2048,invocation
669,0.03887581825256348,False,lambda_cold,65536,2048,invocation
670,0.038190603256225586,False,lambda_cold,65536,2048,invocation
671,0.038413286209106445,False,lambda_cold,65536,2048,invocation
672,0.03913116455078125,False,lambda_cold,65536,2048,invocation
673,0.04107069969177246,False,lambda_cold,65536,2048,invocation
674,0.048726558685302734,False,lambda_cold,65536,2048,invocation
675,0.12179923057556152,False,lambda_cold,65536,2048,invocation
676,0.03772473335266113,False,lambda_cold,65536,2048,invocation
677,0.037827491760253906,False,lambda_cold,65536,2048,invocation
678,0.03869509696960449,False,lambda_cold,65536,2048,invocation
679,0.04026961326599121,False,lambda_cold,65536,2048,invocation
680,0.042340993881225586,False,lambda_cold,65536,2048,invocation
681,0.04056906700134277,False,lambda_cold,65536,2048,invocation
682,0.035459041595458984,False,lambda_cold,65536,2048,invocation
683,0.038631439208984375,False,lambda_cold,65536,2048,invocation
684,0.03966498374938965,False,lambda_cold,65536,2048,invocation
685,0.0415806770324707,False,lambda_cold,65536,2048,invocation
686,0.038117408752441406,False,lambda_cold,65536,2048,invocation
687,0.04554414749145508,False,lambda_cold,65536,2048,invocation
688,0.03806185722351074,False,lambda_cold,65536,2048,invocation
689,0.03911137580871582,False,lambda_cold,65536,2048,invocation
690,0.03835797309875488,False,lambda_cold,65536,2048,invocation
691,0.03805994987487793,False,lambda_cold,65536,2048,invocation
692,0.04292178153991699,False,lambda_cold,65536,2048,invocation
693,0.040401458740234375,False,lambda_cold,65536,2048,invocation
694,0.039881229400634766,False,lambda_cold,65536,2048,invocation
695,0.03828024864196777,False,lambda_cold,65536,2048,invocation
696,0.04082179069519043,False,lambda_cold,65536,2048,invocation
697,0.0401005744934082,False,lambda_cold,65536,2048,invocation
698,0.03474283218383789,False,lambda_cold,65536,2048,invocation
699,0.038034677505493164,False,lambda_cold,65536,2048,invocation
700,0.03667140007019043,False,lambda_cold,65536,2048,invocation
701,0.04062938690185547,False,lambda_cold,65536,2048,invocation
702,0.03674125671386719,False,lambda_cold,65536,2048,invocation
703,0.03961014747619629,False,lambda_cold,65536,2048,invocation
704,0.03962588310241699,False,lambda_cold,65536,2048,invocation
705,0.042276859283447266,False,lambda_cold,65536,2048,invocation
706,0.036664724349975586,False,lambda_cold,65536,2048,invocation
707,0.044309377670288086,False,lambda_cold,65536,2048,invocation
708,0.15177416801452637,False,lambda_cold,65536,2048,invocation
709,0.13141155242919922,False,lambda_cold,65536,2048,invocation
710,0.03836989402770996,False,lambda_cold,65536,2048,invocation
711,0.03557276725769043,False,lambda_cold,65536,2048,invocation
712,0.041878461837768555,False,lambda_cold,65536,2048,invocation
713,0.03697395324707031,False,lambda_cold,65536,2048,invocation
714,0.04660344123840332,False,lambda_cold,65536,2048,invocation
715,0.03855490684509277,False,lambda_cold,65536,2048,invocation
716,0.04337573051452637,False,lambda_cold,65536,2048,invocation
717,0.045191049575805664,False,lambda_cold,65536,2048,invocation
718,0.03900408744812012,False,lambda_cold,65536,2048,invocation
719,0.04312753677368164,False,lambda_cold,65536,2048,invocation
720,0.03876137733459473,False,lambda_cold,65536,2048,invocation
721,0.039748191833496094,False,lambda_cold,65536,2048,invocation
722,0.042517662048339844,False,lambda_cold,65536,2048,invocation
723,0.04885244369506836,False,lambda_cold,65536,2048,invocation
724,0.05427861213684082,False,lambda_cold,65536,2048,invocation
725,0.10974407196044922,False,lambda_cold,65536,2048,invocation
726,0.06045269966125488,False,lambda_cold,65536,2048,invocation
727,0.0415799617767334,False,lambda_cold,65536,2048,invocation
728,0.04672431945800781,False,lambda_cold,65536,2048,invocation
729,0.0384521484375,False,lambda_cold,65536,2048,invocation
730,0.12499380111694336,False,lambda_cold,65536,2048,invocation
731,0.03660893440246582,False,lambda_cold,65536,2048,invocation
732,0.04235672950744629,False,lambda_cold,65536,2048,invocation
733,0.03584408760070801,False,lambda_cold,65536,2048,invocation
734,0.03664684295654297,False,lambda_cold,65536,2048,invocation
735,0.03863239288330078,False,lambda_cold,65536,2048,invocation
736,0.04048442840576172,False,lambda_cold,65536,2048,invocation
737,0.04740333557128906,False,lambda_cold,65536,2048,invocation
738,0.03457975387573242,False,lambda_cold,65536,2048,invocation
739,0.04087972640991211,False,lambda_cold,65536,2048,invocation
740,0.039476633071899414,False,lambda_cold,65536,2048,invocation
741,0.0400240421295166,False,lambda_cold,65536,2048,invocation
742,0.035985469818115234,False,lambda_cold,65536,2048,invocation
743,0.04060792922973633,False,lambda_cold,65536,2048,invocation
744,0.08938193321228027,False,lambda_cold,65536,2048,invocation
745,0.11218380928039551,False,lambda_cold,65536,2048,invocation
746,0.04026055335998535,False,lambda_cold,65536,2048,invocation
747,0.03911709785461426,False,lambda_cold,65536,2048,invocation
748,0.04187655448913574,False,lambda_cold,65536,2048,invocation
749,0.04123854637145996,False,lambda_cold,65536,2048,invocation
750,0.040773868560791016,False,lambda_cold,65536,2048,invocation
751,0.03994178771972656,False,lambda_cold,65536,2048,invocation
752,0.036705970764160156,False,lambda_cold,65536,2048,invocation
753,0.03950858116149902,False,lambda_cold,65536,2048,invocation
754,0.04177069664001465,False,lambda_cold,65536,2048,invocation
755,0.03104257583618164,False,lambda_cold,65536,2048,invocation
756,0.039587974548339844,False,lambda_cold,65536,2048,invocation
757,0.03998732566833496,False,lambda_cold,65536,2048,invocation
758,0.046647071838378906,False,lambda_cold,65536,2048,invocation
759,0.042127370834350586,False,lambda_cold,65536,2048,invocation
760,0.03708839416503906,False,lambda_cold,65536,2048,invocation
761,0.03569793701171875,False,lambda_cold,65536,2048,invocation
762,0.039130449295043945,False,lambda_cold,65536,2048,invocation
763,0.03599977493286133,False,lambda_cold,65536,2048,invocation
764,0.11650419235229492,False,lambda_cold,65536,2048,invocation
765,0.03866767883300781,False,lambda_cold,65536,2048,invocation
766,0.03819727897644043,False,lambda_cold,65536,2048,invocation
767,0.03862428665161133,False,lambda_cold,65536,2048,invocation
768,0.042022705078125,False,lambda_cold,65536,2048,invocation
769,0.04178333282470703,False,lambda_cold,65536,2048,invocation
770,0.03834033012390137,False,lambda_cold,65536,2048,invocation
771,0.041800737380981445,False,lambda_cold,65536,2048,invocation
772,0.039380550384521484,False,lambda_cold,65536,2048,invocation
773,0.04542899131774902,False,lambda_cold,65536,2048,invocation
774,0.04080390930175781,False,lambda_cold,65536,2048,invocation
775,0.03993868827819824,False,lambda_cold,65536,2048,invocation
776,0.05595827102661133,False,lambda_cold,65536,2048,invocation
777,0.04168248176574707,False,lambda_cold,65536,2048,invocation
778,0.04180598258972168,False,lambda_cold,65536,2048,invocation
779,0.04083752632141113,False,lambda_cold,65536,2048,invocation
780,0.03929853439331055,False,lambda_cold,65536,2048,invocation
781,0.038451433181762695,False,lambda_cold,65536,2048,invocation
782,0.03636479377746582,False,lambda_cold,65536,2048,invocation
783,0.04467010498046875,False,lambda_cold,65536,2048,invocation
784,0.04833102226257324,False,lambda_cold,65536,2048,invocation
785,0.03894996643066406,False,lambda_cold,65536,2048,invocation
786,0.03944063186645508,False,lambda_cold,65536,2048,invocation
787,0.043256282806396484,False,lambda_cold,65536,2048,invocation
788,0.03782486915588379,False,lambda_cold,65536,2048,invocation
789,0.04365253448486328,False,lambda_cold,65536,2048,invocation
790,0.04380083084106445,False,lambda_cold,65536,2048,invocation
791,0.09900331497192383,False,lambda_cold,65536,2048,invocation
792,0.04637002944946289,False,lambda_cold,65536,2048,invocation
793,0.045622825622558594,False,lambda_cold,65536,2048,invocation
794,0.044576168060302734,False,lambda_cold,65536,2048,invocation
795,0.04202389717102051,False,lambda_cold,65536,2048,invocation
796,0.04113292694091797,False,lambda_cold,65536,2048,invocation
797,0.03927731513977051,False,lambda_cold,65536,2048,invocation
798,0.039191246032714844,False,lambda_cold,65536,2048,invocation
799,0.03832387924194336,False,lambda_cold,65536,2048,invocation
800,0.04499030113220215,False,lambda_cold,65536,2048,invocation
801,0.0378727912902832,False,lambda_cold,65536,2048,invocation
802,0.04156303405761719,False,lambda_cold,65536,2048,invocation
803,0.03910326957702637,False,lambda_cold,65536,2048,invocation
804,0.043680429458618164,False,lambda_cold,65536,2048,invocation
805,0.04200911521911621,False,lambda_cold,65536,2048,invocation
806,0.10647010803222656,False,lambda_cold,65536,2048,invocation
807,0.04271554946899414,False,lambda_cold,65536,2048,invocation
808,0.0437617301940918,False,lambda_cold,65536,2048,invocation
809,0.04516315460205078,False,lambda_cold,65536,2048,invocation
810,0.0442204475402832,False,lambda_cold,65536,2048,invocation
811,0.04795122146606445,False,lambda_cold,65536,2048,invocation
812,0.04300689697265625,False,lambda_cold,65536,2048,invocation
813,0.04282259941101074,False,lambda_cold,65536,2048,invocation
814,0.05133962631225586,False,lambda_cold,65536,2048,invocation
815,0.042719125747680664,False,lambda_cold,65536,2048,invocation
816,0.042853355407714844,False,lambda_cold,65536,2048,invocation
817,0.04401993751525879,False,lambda_cold,65536,2048,invocation
818,0.043996572494506836,False,lambda_cold,65536,2048,invocation
819,0.04233813285827637,False,lambda_cold,65536,2048,invocation
820,0.04558968544006348,False,lambda_cold,65536,2048,invocation
821,0.05098271369934082,False,lambda_cold,65536,2048,invocation
822,0.04373931884765625,False,lambda_cold,65536,2048,invocation
823,0.040674686431884766,False,lambda_cold,65536,2048,invocation
824,0.048882246017456055,False,lambda_cold,65536,2048,invocation
825,0.05433988571166992,False,lambda_cold,65536,2048,invocation
826,0.043407440185546875,False,lambda_cold,65536,2048,invocation
827,0.048521995544433594,False,lambda_cold,65536,2048,invocation
828,0.04596567153930664,False,lambda_cold,65536,2048,invocation
829,0.042765140533447266,False,lambda_cold,65536,2048,invocation
830,0.05341219902038574,False,lambda_cold,65536,2048,invocation
831,0.0540623664855957,False,lambda_cold,65536,2048,invocation
832,0.044509172439575195,False,lambda_cold,65536,2048,invocation
833,0.0426785945892334,False,lambda_cold,65536,2048,invocation
834,0.04450559616088867,False,lambda_cold,65536,2048,invocation
835,0.04789900779724121,False,lambda_cold,65536,2048,invocation
836,0.04836630821228027,False,lambda_cold,65536,2048,invocation
837,0.04234623908996582,False,lambda_cold,65536,2048,invocation
838,0.04691600799560547,False,lambda_cold,65536,2048,invocation
839,0.045194387435913086,False,lambda_cold,65536,2048,invocation
840,0.04329204559326172,False,lambda_cold,65536,2048,invocation
841,0.04339432716369629,False,lambda_cold,65536,2048,invocation
842,0.04511308670043945,False,lambda_cold,65536,2048,invocation
843,0.04460549354553223,False,lambda_cold,65536,2048,invocation
844,0.04109454154968262,False,lambda_cold,65536,2048,invocation
845,1.1460118293762207,False,lambda_cold,65536,2048,invocation
846,0.05425405502319336,False,lambda_cold,65536,2048,invocation
847,0.06919312477111816,False,lambda_cold,65536,2048,invocation
848,0.04304242134094238,False,lambda_cold,65536,2048,invocation
849,0.04692554473876953,False,lambda_cold,65536,2048,invocation
850,0.04581093788146973,False,lambda_cold,65536,2048,invocation
851,0.048284292221069336,False,lambda_cold,65536,2048,invocation
852,0.04307079315185547,False,lambda_cold,65536,2048,invocation
853,0.12862658500671387,False,lambda_cold,65536,2048,invocation
854,0.05171632766723633,False,lambda_cold,65536,2048,invocation
855,0.03531360626220703,False,lambda_cold,65536,2048,invocation
856,0.0581817626953125,False,lambda_cold,65536,2048,invocation
857,0.04229283332824707,False,lambda_cold,65536,2048,invocation
858,0.044223785400390625,False,lambda_cold,65536,2048,invocation
859,0.04594135284423828,False,lambda_cold,65536,2048,invocation
860,0.25295591354370117,False,lambda_cold,65536,2048,invocation
861,0.04368901252746582,False,lambda_cold,65536,2048,invocation
862,0.1105031967163086,False,lambda_cold,65536,2048,invocation
863,0.04546785354614258,False,lambda_cold,65536,2048,invocation
864,0.04501676559448242,False,lambda_cold,65536,2048,invocation
865,0.0543367862701416,False,lambda_cold,65536,2048,invocation
866,0.042447805404663086,False,lambda_cold,65536,2048,invocation
867,0.04448509216308594,False,lambda_cold,65536,2048,invocation
868,0.0673835277557373,False,lambda_cold,65536,2048,invocation
869,0.1105642318725586,False,lambda_cold,65536,2048,invocation
870,0.04468131065368652,False,lambda_cold,65536,2048,invocation
871,0.045285701751708984,False,lambda_cold,65536,2048,invocation
872,0.03948521614074707,False,lambda_cold,65536,2048,invocation
873,0.04982566833496094,False,lambda_cold,65536,2048,invocation
874,0.045386314392089844,False,lambda_cold,65536,2048,invocation
875,0.04340052604675293,False,lambda_cold,65536,2048,invocation
876,0.044617414474487305,False,lambda_cold,65536,2048,invocation
877,0.04572725296020508,False,lambda_cold,65536,2048,invocation
878,0.042156219482421875,False,lambda_cold,65536,2048,invocation
879,0.042572021484375,False,lambda_cold,65536,2048,invocation
880,0.050102949142456055,False,lambda_cold,65536,2048,invocation
881,0.1280045509338379,False,lambda_cold,65536,2048,invocation
882,0.052185773849487305,False,lambda_cold,65536,2048,invocation
883,0.04071235656738281,False,lambda_cold,65536,2048,invocation
884,0.04546976089477539,False,lambda_cold,65536,2048,invocation
885,0.04629206657409668,False,lambda_cold,65536,2048,invocation
886,0.04433393478393555,False,lambda_cold,65536,2048,invocation
887,0.04512143135070801,False,lambda_cold,65536,2048,invocation
888,0.045368194580078125,False,lambda_cold,65536,2048,invocation
889,0.04303455352783203,False,lambda_cold,65536,2048,invocation
890,0.04390764236450195,False,lambda_cold,65536,2048,invocation
891,0.04654049873352051,False,lambda_cold,65536,2048,invocation
892,0.05390477180480957,False,lambda_cold,65536,2048,invocation
893,0.04469490051269531,False,lambda_cold,65536,2048,invocation
894,0.03835153579711914,False,lambda_cold,65536,2048,invocation
895,0.04773521423339844,False,lambda_cold,65536,2048,invocation
896,0.04331374168395996,False,lambda_cold,65536,2048,invocation
897,1.138657808303833,False,lambda_cold,65536,2048,invocation
898,0.045134782791137695,False,lambda_cold,65536,2048,invocation
899,0.0489048957824707,False,lambda_cold,65536,2048,invocation
900,0.05595850944519043,False,lambda_cold,65536,2048,invocation
901,0.04444169998168945,False,lambda_cold,65536,2048,invocation
902,0.05664205551147461,False,lambda_cold,65536,2048,invocation
903,0.05193185806274414,False,lambda_cold,65536,2048,invocation
904,0.043320655822753906,False,lambda_cold,65536,2048,invocation
905,0.05108451843261719,False,lambda_cold,65536,2048,invocation
906,0.05398368835449219,False,lambda_cold,65536,2048,invocation
907,0.051427364349365234,False,lambda_cold,65536,2048,invocation
908,0.045806884765625,False,lambda_cold,65536,2048,invocation
909,0.04531526565551758,False,lambda_cold,65536,2048,invocation
910,0.048592329025268555,False,lambda_cold,65536,2048,invocation
911,0.04765582084655762,False,lambda_cold,65536,2048,invocation
912,0.04924941062927246,False,lambda_cold,65536,2048,invocation
913,0.050739288330078125,False,lambda_cold,65536,2048,invocation
914,0.12022924423217773,False,lambda_cold,65536,2048,invocation
915,0.05087542533874512,False,lambda_cold,65536,2048,invocation
916,0.04531383514404297,False,lambda_cold,65536,2048,invocation
917,0.058087825775146484,False,lambda_cold,65536,2048,invocation
918,0.04620242118835449,False,lambda_cold,65536,2048,invocation
919,0.04484891891479492,False,lambda_cold,65536,2048,invocation
920,0.05128169059753418,False,lambda_cold,65536,2048,invocation
921,0.04363560676574707,False,lambda_cold,65536,2048,invocation
922,0.0452883243560791,False,lambda_cold,65536,2048,invocation
923,0.05042004585266113,False,lambda_cold,65536,2048,invocation
924,0.04945802688598633,False,lambda_cold,65536,2048,invocation
925,0.046518802642822266,False,lambda_cold,65536,2048,invocation
926,0.04996180534362793,False,lambda_cold,65536,2048,invocation
927,0.05994701385498047,False,lambda_cold,65536,2048,invocation
928,0.04847383499145508,False,lambda_cold,65536,2048,invocation
929,0.04668378829956055,False,lambda_cold,65536,2048,invocation
930,0.053168535232543945,False,lambda_cold,65536,2048,invocation
931,0.05306816101074219,False,lambda_cold,65536,2048,invocation
932,0.04917764663696289,False,lambda_cold,65536,2048,invocation
933,0.044980764389038086,False,lambda_cold,65536,2048,invocation
934,0.13587427139282227,False,lambda_cold,65536,2048,invocation
935,0.0541224479675293,False,lambda_cold,65536,2048,invocation
936,0.042784929275512695,False,lambda_cold,65536,2048,invocation
937,0.048232078552246094,False,lambda_cold,65536,2048,invocation
938,0.04915475845336914,False,lambda_cold,65536,2048,invocation
939,0.04877948760986328,False,lambda_cold,65536,2048,invocation
940,0.05208015441894531,False,lambda_cold,65536,2048,invocation
941,0.05121946334838867,False,lambda_cold,65536,2048,invocation
942,0.04944562911987305,False,lambda_cold,65536,2048,invocation
943,0.04879498481750488,False,lambda_cold,65536,2048,invocation
944,0.04810500144958496,False,lambda_cold,65536,2048,invocation
945,0.0512852668762207,False,lambda_cold,65536,2048,invocation
946,0.04805421829223633,False,lambda_cold,65536,2048,invocation
947,0.0558772087097168,False,lambda_cold,65536,2048,invocation
948,0.04959702491760254,False,lambda_cold,65536,2048,invocation
949,0.05512118339538574,False,lambda_cold,65536,2048,invocation
950,0.04567718505859375,False,lambda_cold,65536,2048,invocation
951,0.050545692443847656,False,lambda_cold,65536,2048,invocation
952,0.04742574691772461,False,lambda_cold,65536,2048,invocation
953,0.04816913604736328,False,lambda_cold,65536,2048,invocation
954,0.04744124412536621,False,lambda_cold,65536,2048,invocation
955,0.06846356391906738,False,lambda_cold,65536,2048,invocation
956,0.05002403259277344,False,lambda_cold,65536,2048,invocation
957,0.05146431922912598,False,lambda_cold,65536,2048,invocation
958,0.04696393013000488,False,lambda_cold,65536,2048,invocation
959,0.04635286331176758,False,lambda_cold,65536,2048,invocation
960,0.04853630065917969,False,lambda_cold,65536,2048,invocation
961,0.06231427192687988,False,lambda_cold,65536,2048,invocation
962,0.04702877998352051,False,lambda_cold,65536,2048,invocation
963,0.10323429107666016,False,lambda_cold,65536,2048,invocation
964,0.05107569694519043,False,lambda_cold,65536,2048,invocation
965,0.04920029640197754,False,lambda_cold,65536,2048,invocation
966,0.04597043991088867,False,lambda_cold,65536,2048,invocation
967,0.04659581184387207,False,lambda_cold,65536,2048,invocation
968,0.04720592498779297,False,lambda_cold,65536,2048,invocation
969,0.04972982406616211,False,lambda_cold,65536,2048,invocation
970,0.07081723213195801,False,lambda_cold,65536,2048,invocation
971,0.04877328872680664,False,lambda_cold,65536,2048,invocation
972,0.056832313537597656,False,lambda_cold,65536,2048,invocation
973,0.045454978942871094,False,lambda_cold,65536,2048,invocation
974,0.05145096778869629,False,lambda_cold,65536,2048,invocation
975,0.049814462661743164,False,lambda_cold,65536,2048,invocation
976,0.049745798110961914,False,lambda_cold,65536,2048,invocation
977,0.050046443939208984,False,lambda_cold,65536,2048,invocation
978,0.0764000415802002,False,lambda_cold,65536,2048,invocation
979,0.044080257415771484,False,lambda_cold,65536,2048,invocation
980,0.04958319664001465,False,lambda_cold,65536,2048,invocation
981,0.044983863830566406,False,lambda_cold,65536,2048,invocation
982,0.050202131271362305,False,lambda_cold,65536,2048,invocation
983,0.05138659477233887,False,lambda_cold,65536,2048,invocation
984,0.046068668365478516,False,lambda_cold,65536,2048,invocation
985,0.052854061126708984,False,lambda_cold,65536,2048,invocation
986,0.04920315742492676,False,lambda_cold,65536,2048,invocation
987,0.049483537673950195,False,lambda_cold,65536,2048,invocation
988,0.04675555229187012,False,lambda_cold,65536,2048,invocation
989,0.04964160919189453,False,lambda_cold,65536,2048,invocation
990,0.05343961715698242,False,lambda_cold,65536,2048,invocation
991,0.05226778984069824,False,lambda_cold,65536,2048,invocation
992,0.04959225654602051,False,lambda_cold,65536,2048,invocation
993,0.04996514320373535,False,lambda_cold,65536,2048,invocation
994,0.05200362205505371,False,lambda_cold,65536,2048,invocation
995,0.049527883529663086,False,lambda_cold,65536,2048,invocation
996,0.05499434471130371,False,lambda_cold,65536,2048,invocation
997,0.05124306678771973,False,lambda_cold,65536,2048,invocation
998,0.0493166446685791,False,lambda_cold,65536,2048,invocation
999,0.04937911033630371,False,lambda_cold,65536,2048,invocation
1000,0.04635190963745117,False,lambda_cold,131072,2048,invocation
1001,0.03848552703857422,False,lambda_cold,131072,2048,invocation
1002,0.04657101631164551,False,lambda_cold,131072,2048,invocation
1003,0.04026222229003906,False,lambda_cold,131072,2048,invocation
1004,0.03722095489501953,False,lambda_cold,131072,2048,invocation
1005,0.038532257080078125,False,lambda_cold,131072,2048,invocation
1006,0.042337656021118164,False,lambda_cold,131072,2048,invocation
1007,0.041776180267333984,False,lambda_cold,131072,2048,invocation
1008,0.038733482360839844,False,lambda_cold,131072,2048,invocation
1009,0.04142498970031738,False,lambda_cold,131072,2048,invocation
1010,0.05678200721740723,False,lambda_cold,131072,2048,invocation
1011,0.04085206985473633,False,lambda_cold,131072,2048,invocation
1012,0.03513050079345703,False,lambda_cold,131072,2048,invocation
1013,0.03978753089904785,False,lambda_cold,131072,2048,invocation
1014,0.038613319396972656,False,lambda_cold,131072,2048,invocation
1015,0.038378000259399414,False,lambda_cold,131072,2048,invocation
1016,0.03882026672363281,False,lambda_cold,131072,2048,invocation
1017,0.037305355072021484,False,lambda_cold,131072,2048,invocation
1018,0.03712749481201172,False,lambda_cold,131072,2048,invocation
1019,0.03837776184082031,False,lambda_cold,131072,2048,invocation
1020,0.14019012451171875,False,lambda_cold,131072,2048,invocation
1021,0.08344197273254395,False,lambda_cold,131072,2048,invocation
1022,0.04176759719848633,False,lambda_cold,131072,2048,invocation
1023,0.03694462776184082,False,lambda_cold,131072,2048,invocation
1024,0.03896689414978027,False,lambda_cold,131072,2048,invocation
1025,0.038758277893066406,False,lambda_cold,131072,2048,invocation
1026,0.03343987464904785,False,lambda_cold,131072,2048,invocation
1027,0.055110931396484375,False,lambda_cold,131072,2048,invocation
1028,0.03965282440185547,False,lambda_cold,131072,2048,invocation
1029,0.036737918853759766,False,lambda_cold,131072,2048,invocation
1030,0.050405263900756836,False,lambda_cold,131072,2048,invocation
1031,0.040085792541503906,False,lambda_cold,131072,2048,invocation
1032,0.0372014045715332,False,lambda_cold,131072,2048,invocation
1033,0.04215264320373535,False,lambda_cold,131072,2048,invocation
1034,0.0408322811126709,False,lambda_cold,131072,2048,invocation
1035,0.03557395935058594,False,lambda_cold,131072,2048,invocation
1036,0.04226255416870117,False,lambda_cold,131072,2048,invocation
1037,0.03684735298156738,False,lambda_cold,131072,2048,invocation
1038,0.03674030303955078,False,lambda_cold,131072,2048,invocation
1039,0.03828716278076172,False,lambda_cold,131072,2048,invocation
1040,0.03930068016052246,False,lambda_cold,131072,2048,invocation
1041,0.04032492637634277,False,lambda_cold,131072,2048,invocation
1042,0.0397183895111084,False,lambda_cold,131072,2048,invocation
1043,0.03668975830078125,False,lambda_cold,131072,2048,invocation
1044,0.05584716796875,False,lambda_cold,131072,2048,invocation
1045,0.039263010025024414,False,lambda_cold,131072,2048,invocation
1046,0.03709530830383301,False,lambda_cold,131072,2048,invocation
1047,0.06081748008728027,False,lambda_cold,131072,2048,invocation
1048,0.03681206703186035,False,lambda_cold,131072,2048,invocation
1049,0.04151797294616699,False,lambda_cold,131072,2048,invocation
1050,0.03764629364013672,False,lambda_cold,131072,2048,invocation
1051,0.04209280014038086,False,lambda_cold,131072,2048,invocation
1052,0.04163002967834473,False,lambda_cold,131072,2048,invocation
1053,0.03851652145385742,False,lambda_cold,131072,2048,invocation
1054,0.03571176528930664,False,lambda_cold,131072,2048,invocation
1055,0.031334877014160156,False,lambda_cold,131072,2048,invocation
1056,0.038912057876586914,False,lambda_cold,131072,2048,invocation
1057,0.039220333099365234,False,lambda_cold,131072,2048,invocation
1058,0.04118609428405762,False,lambda_cold,131072,2048,invocation
1059,0.1470801830291748,False,lambda_cold,131072,2048,invocation
1060,0.03954768180847168,False,lambda_cold,131072,2048,invocation
1061,0.0650482177734375,False,lambda_cold,131072,2048,invocation
1062,0.1150813102722168,False,lambda_cold,131072,2048,invocation
1063,0.041970252990722656,False,lambda_cold,131072,2048,invocation
1064,0.03812289237976074,False,lambda_cold,131072,2048,invocation
1065,0.036604881286621094,False,lambda_cold,131072,2048,invocation
1066,0.03777456283569336,False,lambda_cold,131072,2048,invocation
1067,0.04099750518798828,False,lambda_cold,131072,2048,invocation
1068,0.03878140449523926,False,lambda_cold,131072,2048,invocation
1069,0.03887581825256348,False,lambda_cold,131072,2048,invocation
1070,0.038190603256225586,False,lambda_cold,131072,2048,invocation
1071,0.038413286209106445,False,lambda_cold,131072,2048,invocation
1072,0.03913116455078125,False,lambda_cold,131072,2048,invocation
1073,0.04107069969177246,False,lambda_cold,131072,2048,invocation
1074,0.048726558685302734,False,lambda_cold,131072,2048,invocation
1075,0.12179923057556152,False,lambda_cold,131072,2048,invocation
1076,0.03772473335266113,False,lambda_cold,131072,2048,invocation
1077,0.037827491760253906,False,lambda_cold,131072,2048,invocation
1078,0.03869509696960449,False,lambda_cold,131072,2048,invocation
1079,0.04026961326599121,False,lambda_cold,131072,2048,invocation
1080,0.042340993881225586,False,lambda_cold,131072,2048,invocation
1081,0.04056906700134277,False,lambda_cold,131072,2048,invocation
1082,0.035459041595458984,False,lambda_cold,131072,2048,invocation
1083,0.038631439208984375,False,lambda_cold,131072,2048,invocation
1084,0.03966498374938965,False,lambda_cold,131072,2048,invocation
1085,0.0415806770324707,False,lambda_cold,131072,2048,invocation
1086,0.038117408752441406,False,lambda_cold,131072,2048,invocation
1087,0.04554414749145508,False,lambda_cold,131072,2048,invocation
1088,0.03806185722351074,False,lambda_cold,131072,2048,invocation
1089,0.03911137580871582,False,lambda_cold,131072,2048,invocation
1090,0.03835797309875488,False,lambda_cold,131072,2048,invocation
1091,0.03805994987487793,False,lambda_cold,131072,2048,invocation
1092,0.04292178153991699,False,lambda_cold,131072,2048,invocation
1093,0.040401458740234375,False,lambda_cold,131072,2048,invocation
1094,0.039881229400634766,False,lambda_cold,131072,2048,invocation
1095,0.03828024864196777,False,lambda_cold,131072,2048,invocation
1096,0.04082179069519043,False,lambda_cold,131072,2048,invocation
1097,0.0401005744934082,False,lambda_cold,131072,2048,invocation
1098,0.03474283218383789,False,lambda_cold,131072,2048,invocation
1099,0.038034677505493164,False,lambda_cold,131072,2048,invocation
1100,0.03667140007019043,False,lambda_cold,131072,2048,invocation
1101,0.04062938690185547,False,lambda_cold,131072,2048,invocation
1102,0.03674125671386719,False,lambda_cold,131072,2048,invocation
1103,0.03961014747619629,False,lambda_cold,131072,2048,invocation
1104,0.03962588310241699,False,lambda_cold,131072,2048,invocation
1105,0.042276859283447266,False,lambda_cold,131072,2048,invocation
1106,0.036664724349975586,False,lambda_cold,131072,2048,invocation
1107,0.044309377670288086,False,lambda_cold,131072,2048,invocation
1108,0.15177416801452637,False,lambda_cold,131072,2048,invocation
1109,0.13141155242919922,False,lambda_cold,131072,2048,invocation
1110,0.03836989402770996,False,lambda_cold,131072,2048,invocation
1111,0.03557276725769043,False,lambda_cold,131072,2048,invocation
1112,0.041878461837768555,False,lambda_cold,131072,2048,invocation
1113,0.03697395324707031,False,lambda_cold,131072,2048,invocation
1114,0.04660344123840332,False,lambda_cold,131072,2048,invocation
1115,0.03855490684509277,False,lambda_cold,131072,2048,invocation
1116,0.04337573051452637,False,lambda_cold,131072,2048,invocation
1117,0.045191049575805664,False,lambda_cold,131072,2048,invocation
1118,0.03900408744812012,False,lambda_cold,131072,2048,invocation
1119,0.04312753677368164,False,lambda_cold,131072,2048,invocation
1120,0.03876137733459473,False,lambda_cold,131072,2048,invocation
1121,0.039748191833496094,False,lambda_cold,131072,2048,invocation
1122,0.042517662048339844,False,lambda_cold,131072,2048,invocation
1123,0.04885244369506836,False,lambda_cold,131072,2048,invocation
1124,0.05427861213684082,False,lambda_cold,131072,2048,invocation
1125,0.10974407196044922,False,lambda_cold,131072,2048,invocation
1126,0.06045269966125488,False,lambda_cold,131072,2048,invocation
1127,0.0415799617767334,False,lambda_cold,131072,2048,invocation
1128,0.04672431945800781,False,lambda_cold,131072,2048,invocation
1129,0.0384521484375,False,lambda_cold,131072,2048,invocation
1130,0.12499380111694336,False,lambda_cold,131072,2048,invocation
1131,0.03660893440246582,False,lambda_cold,131072,2048,invocation
1132,0.04235672950744629,False,lambda_cold,131072,2048,invocation
1133,0.03584408760070801,False,lambda_cold,131072,2048,invocation
1134,0.03664684295654297,False,lambda_cold,131072,2048,invocation
1135,0.03863239288330078,False,lambda_cold,131072,2048,invocation
1136,0.04048442840576172,False,lambda_cold,131072,2048,invocation
1137,0.04740333557128906,False,lambda_cold,131072,2048,invocation
1138,0.03457975387573242,False,lambda_cold,131072,2048,invocation
1139,0.04087972640991211,False,lambda_cold,131072,2048,invocation
1140,0.039476633071899414,False,lambda_cold,131072,2048,invocation
1141,0.0400240421295166,False,lambda_cold,131072,2048,invocation
1142,0.035985469818115234,False,lambda_cold,131072,2048,invocation
1143,0.04060792922973633,False,lambda_cold,131072,2048,invocation
1144,0.08938193321228027,False,lambda_cold,131072,2048,invocation
1145,0.11218380928039551,False,lambda_cold,131072,2048,invocation
1146,0.04026055335998535,False,lambda_cold,131072,2048,invocation
1147,0.03911709785461426,False,lambda_cold,131072,2048,invocation
1148,0.04187655448913574,False,lambda_cold,131072,2048,invocation
1149,0.04123854637145996,False,lambda_cold,131072,2048,invocation
1150,0.040773868560791016,False,lambda_cold,131072,2048,invocation
1151,0.03994178771972656,False,lambda_cold,131072,2048,invocation
1152,0.036705970764160156,False,lambda_cold,131072,2048,invocation
1153,0.03950858116149902,False,lambda_cold,131072,2048,invocation
1154,0.04177069664001465,False,lambda_cold,131072,2048,invocation
1155,0.03104257583618164,False,lambda_cold,131072,2048,invocation
1156,0.039587974548339844,False,lambda_cold,131072,2048,invocation
1157,0.03998732566833496,False,lambda_cold,131072,2048,invocation
1158,0.046647071838378906,False,lambda_cold,131072,2048,invocation
1159,0.042127370834350586,False,lambda_cold,131072,2048,invocation
1160,0.03708839416503906,False,lambda_cold,131072,2048,invocation
1161,0.03569793701171875,False,lambda_cold,131072,2048,invocation
1162,0.039130449295043945,False,lambda_cold,131072,2048,invocation
1163,0.03599977493286133,False,lambda_cold,131072,2048,invocation
1164,0.11650419235229492,False,lambda_cold,131072,2048,invocation
1165,0.03866767883300781,False,lambda_cold,131072,2048,invocation
1166,0.03819727897644043,False,lambda_cold,131072,2048,invocation
1167,0.03862428665161133,False,lambda_cold,131072,2048,invocation
1168,0.042022705078125,False,lambda_cold,131072,2048,invocation
1169,0.04178333282470703,False,lambda_cold,131072,2048,invocation
1170,0.03834033012390137,False,lambda_cold,131072,2048,invocation
1171,0.041800737380981445,False,lambda_cold,131072,2048,invocation
1172,0.039380550384521484,False,lambda_cold,131072,2048,invocation
1173,0.04542899131774902,False,lambda_cold,131072,2048,invocation
1174,0.04080390930175781,False,lambda_cold,131072,2048,invocation
1175,0.03993868827819824,False,lambda_cold,131072,2048,invocation
1176,0.05595827102661133,False,lambda_cold,131072,2048,invocation
1177,0.04168248176574707,False,lambda_cold,131072,2048,invocation
1178,0.04180598258972168,False,lambda_cold,131072,2048,invocation
1179,0.04083752632141113,False,lambda_cold,131072,2048,invocation
1180,0.03929853439331055,False,lambda_cold,131072,2048,invocation
1181,0.038451433181762695,False,lambda_cold,131072,2048,invocation
1182,0.03636479377746582,False,lambda_cold,131072,2048,invocation
1183,0.04467010498046875,False,lambda_cold,131072,2048,invocation
1184,0.04833102226257324,False,lambda_cold,131072,2048,invocation
1185,0.03894996643066406,False,lambda_cold,131072,2048,invocation
1186,0.03944063186645508,False,lambda_cold,131072,2048,invocation
1187,0.043256282806396484,False,lambda_cold,131072,2048,invocation
1188,0.03782486915588379,False,lambda_cold,131072,2048,invocation
1189,0.04365253448486328,False,lambda_cold,131072,2048,invocation
1190,0.04380083084106445,False,lambda_cold,131072,2048,invocation
1191,0.09900331497192383,False,lambda_cold,131072,2048,invocation
1192,0.04637002944946289,False,lambda_cold,131072,2048,invocation
1193,0.045622825622558594,False,lambda_cold,131072,2048,invocation
1194,0.044576168060302734,False,lambda_cold,131072,2048,invocation
1195,0.04202389717102051,False,lambda_cold,131072,2048,invocation
1196,0.04113292694091797,False,lambda_cold,131072,2048,invocation
1197,0.03927731513977051,False,lambda_cold,131072,2048,invocation
1198,0.039191246032714844,False,lambda_cold,131072,2048,invocation
1199,0.03832387924194336,False,lambda_cold,131072,2048,invocation
1200,0.04499030113220215,False,lambda_cold,131072,2048,invocation
1201,0.0378727912902832,False,lambda_cold,131072,2048,invocation
1202,0.04156303405761719,False,lambda_cold,131072,2048,invocation
1203,0.03910326957702637,False,lambda_cold,131072,2048,invocation
1204,0.043680429458618164,False,lambda_cold,131072,2048,invocation
1205,0.04200911521911621,False,lambda_cold,131072,2048,invocation
1206,0.10647010803222656,False,lambda_cold,131072,2048,invocation
1207,0.04271554946899414,False,lambda_cold,131072,2048,invocation
1208,0.0437617301940918,False,lambda_cold,131072,2048,invocation
1209,0.04516315460205078,False,lambda_cold,131072,2048,invocation
1210,0.0442204475402832,False,lambda_cold,131072,2048,invocation
1211,0.04795122146606445,False,lambda_cold,131072,2048,invocation
1212,0.04300689697265625,False,lambda_cold,131072,2048,invocation
1213,0.04282259941101074,False,lambda_cold,131072,2048,invocation
1214,0.05133962631225586,False,lambda_cold,131072,2048,invocation
1215,0.042719125747680664,False,lambda_cold,131072,2048,invocation
1216,0.042853355407714844,False,lambda_cold,131072,2048,invocation
1217,0.04401993751525879,False,lambda_cold,131072,2048,invocation
1218,0.043996572494506836,False,lambda_cold,131072,2048,invocation
1219,0.04233813285827637,False,lambda_cold,131072,2048,invocation
1220,0.04558968544006348,False,lambda_cold,131072,2048,invocation
1221,0.05098271369934082,False,lambda_cold,131072,2048,invocation
1222,0.04373931884765625,False,lambda_cold,131072,2048,invocation
1223,0.040674686431884766,False,lambda_cold,131072,2048,invocation
1224,0.048882246017456055,False,lambda_cold,131072,2048,invocation
1225,0.05433988571166992,False,lambda_cold,131072,2048,invocation
1226,0.043407440185546875,False,lambda_cold,131072,2048,invocation
1227,0.048521995544433594,False,lambda_cold,131072,2048,invocation
1228,0.04596567153930664,False,lambda_cold,131072,2048,invocation
1229,0.042765140533447266,False,lambda_cold,131072,2048,invocation
1230,0.05341219902038574,False,lambda_cold,131072,2048,invocation
1231,0.0540623664855957,False,lambda_cold,131072,2048,invocation
1232,0.044509172439575195,False,lambda_cold,131072,2048,invocation
1233,0.0426785945892334,False,lambda_cold,131072,2048,invocation
1234,0.04450559616088867,False,lambda_cold,131072,2048,invocation
1235,0.04789900779724121,False,lambda_cold,131072,2048,invocation
1236,0.04836630821228027,False,lambda_cold,131072,2048,invocation
1237,0.04234623908996582,False,lambda_cold,131072,2048,invocation
1238,0.04691600799560547,False,lambda_cold,131072,2048,invocation
1239,0.045194387435913086,False,lambda_cold,131072,2048,invocation
1240,0.04329204559326172,False,lambda_cold,131072,2048,invocation
1241,0.04339432716369629,False,lambda_cold,131072,2048,invocation
1242,0.04511308670043945,False,lambda_cold,131072,2048,invocation
1243,0.04460549354553223,False,lambda_cold,131072,2048,invocation
1244,0.04109454154968262,False,lambda_cold,131072,2048,invocation
1245,1.1460118293762207,False,lambda_cold,131072,2048,invocation
1246,0.05425405502319336,False,lambda_cold,131072,2048,invocation
1247,0.06919312477111816,False,lambda_cold,131072,2048,invocation
1248,0.04304242134094238,False,lambda_cold,131072,2048,invocation
1249,0.04692554473876953,False,lambda_cold,131072,2048,invocation
1250,0.04581093788146973,False,lambda_cold,131072,2048,invocation
1251,0.048284292221069336,False,lambda_cold,131072,2048,invocation
1252,0.04307079315185547,False,lambda_cold,131072,2048,invocation
1253,0.12862658500671387,False,lambda_cold,131072,2048,invocation
1254,0.05171632766723633,False,lambda_cold,131072,2048,invocation
1255,0.03531360626220703,False,lambda_cold,131072,2048,invocation
1256,0.0581817626953125,False,lambda_cold,131072,2048,invocation
1257,0.04229283332824707,False,lambda_cold,131072,2048,invocation
1258,0.044223785400390625,False,lambda_cold,131072,2048,invocation
1259,0.04594135284423828,False,lambda_cold,131072,2048,invocation
1260,0.25295591354370117,False,lambda_cold,131072,2048,invocation
1261,0.04368901252746582,False,lambda_cold,131072,2048,invocation
1262,0.1105031967163086,False,lambda_cold,131072,2048,invocation
1263,0.04546785354614258,False,lambda_cold,131072,2048,invocation
1264,0.04501676559448242,False,lambda_cold,131072,2048,invocation
1265,0.0543367862701416,False,lambda_cold,131072,2048,invocation
1266,0.042447805404663086,False,lambda_cold,131072,2048,invocation
1267,0.04448509216308594,False,lambda_cold,131072,2048,invocation
1268,0.0673835277557373,False,lambda_cold,131072,2048,invocation
1269,0.1105642318725586,False,lambda_cold,131072,2048,invocation
1270,0.04468131065368652,False,lambda_cold,131072,2048,invocation
1271,0.045285701751708984,False,lambda_cold,131072,2048,invocation
1272,0.03948521614074707,False,lambda_cold,131072,2048,invocation
1273,0.04982566833496094,False,lambda_cold,131072,2048,invocation
1274,0.045386314392089844,False,lambda_cold,131072,2048,invocation
1275,0.04340052604675293,False,lambda_cold,131072,2048,invocation
1276,0.044617414474487305,False,lambda_cold,131072,2048,invocation
1277,0.04572725296020508,False,lambda_cold,131072,2048,invocation
1278,0.042156219482421875,False,lambda_cold,131072,2048,invocation
1279,0.042572021484375,False,lambda_cold,131072,2048,invocation
1280,0.050102949142456055,False,lambda_cold,131072,2048,invocation
1281,0.1280045509338379,False,lambda_cold,131072,2048,invocation
1282,0.052185773849487305,False,lambda_cold,131072,2048,invocation
1283,0.04071235656738281,False,lambda_cold,131072,2048,invocation
1284,0.04546976089477539,False,lambda_cold,131072,2048,invocation
1285,0.04629206657409668,False,lambda_cold,131072,2048,invocation
1286,0.04433393478393555,False,lambda_cold,131072,2048,invocation
1287,0.04512143135070801,False,lambda_cold,131072,2048,invocation
1288,0.045368194580078125,False,lambda_cold,131072,2048,invocation
1289,0.04303455352783203,False,lambda_cold,131072,2048,invocation
1290,0.04390764236450195,False,lambda_cold,131072,2048,invocation
1291,0.04654049873352051,False,lambda_cold,131072,2048,invocation
1292,0.05390477180480957,False,lambda_cold,131072,2048,invocation
1293,0.04469490051269531,False,lambda_cold,131072,2048,invocation
1294,0.03835153579711914,False,lambda_cold,131072,2048,invocation
1295,0.04773521423339844,False,lambda_cold,131072,2048,invocation
1296,0.04331374168395996,False,lambda_cold,131072,2048,invocation
1297,1.138657808303833,False,lambda_cold,131072,2048,invocation
1298,0.045134782791137695,False,lambda_cold,131072,2048,invocation
1299,0.0489048957824707,False,lambda_cold,131072,2048,invocation
1300,0.05595850944519043,False,lambda_cold,131072,2048,invocation
1301,0.04444169998168945,False,lambda_cold,131072,2048,invocation
1302,0.05664205551147461,False,lambda_cold,131072,2048,invocation
1303,0.05193185806274414,False,lambda_cold,131072,2048,invocation
1304,0.043320655822753906,False,lambda_cold,131072,2048,invocation
1305,0.05108451843261719,False,lambda_cold,131072,2048,invocation
1306,0.05398368835449219,False,lambda_cold,131072,2048,invocation
1307,0.051427364349365234,False,lambda_cold,131072,2048,invocation
1308,0.045806884765625,False,lambda_cold,131072,2048,invocation
1309,0.04531526565551758,False,lambda_cold,131072,2048,invocation
1310,0.048592329025268555,False,lambda_cold,131072,2048,invocation
1311,0.04765582084655762,False,lambda_cold,131072,2048,invocation
1312,0.04924941062927246,False,lambda_cold,131072,2048,invocation
1313,0.050739288330078125,False,lambda_cold,131072,2048,invocation
1314,0.12022924423217773,False,lambda_cold,131072,2048,invocation
1315,0.05087542533874512,False,lambda_cold,131072,2048,invocation
1316,0.04531383514404297,False,lambda_cold,131072,2048,invocation
1317,0.058087825775146484,False,lambda_cold,131072,2048,invocation
1318,0.04620242118835449,False,lambda_cold,131072,2048,invocation
1319,0.04484891891479492,False,lambda_cold,131072,2048,invocation
1320,0.05128169059753418,False,lambda_cold,131072,2048,invocation
1321,0.04363560676574707,False,lambda_cold,131072,2048,invocation
1322,0.0452883243560791,False,lambda_cold,131072,2048,invocation
1323,0.05042004585266113,False,lambda_cold,131072,2048,invocation
1324,0.04945802688598633,False,lambda_cold,131072,2048,invocation
1325,0.046518802642822266,False,lambda_cold,131072,2048,invocation
1326,0.04996180534362793,False,lambda_cold,131072,2048,invocation
1327,0.05994701385498047,False,lambda_cold,131072,2048,invocation
1328,0.04847383499145508,False,lambda_cold,131072,2048,invocation
1329,0.04668378829956055,False,lambda_cold,131072,2048,invocation
1330,0.053168535232543945,False,lambda_cold,131072,2048,invocation
1331,0.05306816101074219,False,lambda_cold,131072,2048,invocation
1332,0.04917764663696289,False,lambda_cold,131072,2048,invocation
1333,0.044980764389038086,False,lambda_cold,131072,2048,invocation
1334,0.13587427139282227,False,lambda_cold,131072,2048,invocation
1335,0.0541224479675293,False,lambda_cold,131072,2048,invocation
1336,0.042784929275512695,False,lambda_cold,131072,2048,invocation
1337,0.048232078552246094,False,lambda_cold,131072,2048,invocation
1338,0.04915475845336914,False,lambda_cold,131072,2048,invocation
1339,0.04877948760986328,False,lambda_cold,131072,2048,invocation
1340,0.05208015441894531,False,lambda_cold,131072,2048,invocation
1341,0.05121946334838867,False,lambda_cold,131072,2048,invocation
1342,0.04944562911987305,False,lambda_cold,131072,2048,invocation
1343,0.04879498481750488,False,lambda_cold,131072,2048,invocation
1344,0.04810500144958496,False,lambda_cold,131072,2048,invocation
1345,0.0512852668762207,False,lambda_cold,131072,2048,invocation
1346,0.04805421829223633,False,lambda_cold,131072,2048,invocation
1347,0.0558772087097168,False,lambda_cold,131072,2048,invocation
1348,0.04959702491760254,False,lambda_cold,131072,2048,invocation
1349,0.05512118339538574,False,lambda_cold,131072,2048,invocation
1350,0.04567718505859375,False,lambda_cold,131072,2048,invocation
1351,0.050545692443847656,False,lambda_cold,131072,2048,invocation
1352,0.04742574691772461,False,lambda_cold,131072,2048,invocation
1353,0.04816913604736328,False,lambda_cold,131072,2048,invocation
1354,0.04744124412536621,False,lambda_cold,131072,2048,invocation
1355,0.06846356391906738,False,lambda_cold,131072,2048,invocation
1356,0.05002403259277344,False,lambda_cold,131072,2048,invocation
1357,0.05146431922912598,False,lambda_cold,131072,2048,invocation
1358,0.04696393013000488,False,lambda_cold,131072,2048,invocation
1359,0.04635286331176758,False,lambda_cold,131072,2048,invocation
1360,0.04853630065917969,False,lambda_cold,131072,2048,invocation
1361,0.06231427192687988,False,lambda_cold,131072,2048,invocation
1362,0.04702877998352051,False,lambda_cold,131072,2048,invocation
1363,0.10323429107666016,False,lambda_cold,131072,2048,invocation
1364,0.05107569694519043,False,lambda_cold,131072,2048,invocation
1365,0.04920029640197754,False,lambda_cold,131072,2048,invocation
1366,0.04597043991088867,False,lambda_cold,131072,2048,invocation
1367,0.04659581184387207,False,lambda_cold,131072,2048,invocation
1368,0.04720592498779297,False,lambda_cold,131072,2048,invocation
1369,0.04972982406616211,False,lambda_cold,131072,2048,invocation
1370,0.07081723213195801,False,lambda_cold,131072,2048,invocation
1371,0.04877328872680664,False,lambda_cold,131072,2048,invocation
1372,0.056832313537597656,False,lambda_cold,131072,2048,invocation
1373,0.045454978942871094,False,lambda_cold,131072,2048,invocation
1374,0.05145096778869629,False,lambda_cold,131072,2048,invocation
1375,0.049814462661743164,False,lambda_cold,131072,2048,invocation
1376,0.049745798110961914,False,lambda_cold,131072,2048,invocation
1377,0.050046443939208984,False,lambda_cold,131072,2048,invocation
1378,0.0764000415802002,False,lambda_cold,131072,2048,invocation
1379,0.044080257415771484,False,lambda_cold,131072,2048,invocation
1380,0.04958319664001465,False,lambda_cold,131072,2048,invocation
1381,0.044983863830566406,False,lambda_cold,131072,2048,invocation
1382,0.050202131271362305,False,lambda_cold,131072,2048,invocation
1383,0.05138659477233887,False,lambda_cold,131072,2048,invocation
1384,0.046068668365478516,False,lambda_cold,131072,2048,invocation
1385,0.052854061126708984,False,lambda_cold,131072,2048,invocation
1386,0.04920315742492676,False,lambda_cold,131072,2048,invocation
1387,0.049483537673950195,False,lambda_cold,131072,2048,invocation
1388,0.04675555229187012,False,lambda_cold,131072,2048,invocation
1389,0.04964160919189453,False,lambda_cold,131072,2048,invocation
1390,0.05343961715698242,False,lambda_cold,131072,2048,invocation
1391,0.05226778984069824,False,lambda_cold,131072,2048,invocation
1392,0.04959225654602051,False,lambda_cold,131072,2048,invocation
1393,0.04996514320373535,False,lambda_cold,131072,2048,invocation
1394,0.05200362205505371,False,lambda_cold,131072,2048,invocation
1395,0.049527883529663086,False,lambda_cold,131072,2048,invocation
1396,0.05499434471130371,False,lambda_cold,131072,2048,invocation
1397,0.05124306678771973,False,lambda_cold,131072,2048,invocation
1398,0.0493166446685791,False,lambda_cold,131072,2048,invocation
1399,0.04937911033630371,False,lambda_cold,131072,2048,invocation
1400,0.05922508239746094,False,lambda_cold,131072,2048,invocation
1401,0.05573415756225586,False,lambda_cold,131072,2048,invocation
1402,0.05517840385437012,False,lambda_cold,131072,2048,invocation
1403,0.060216665267944336,False,lambda_cold,131072,2048,invocation
1404,0.05717182159423828,False,lambda_cold,131072,2048,invocation
1405,0.05439567565917969,False,lambda_cold,131072,2048,invocation
1406,0.058083534240722656,False,lambda_cold,131072,2048,invocation
1407,0.05213308334350586,False,lambda_cold,131072,2048,invocation
1408,0.06199359893798828,False,lambda_cold,131072,2048,invocation
1409,0.05634355545043945,False,lambda_cold,131072,2048,invocation
1410,0.05265545845031738,False,lambda_cold,131072,2048,invocation
1411,0.11910104751586914,False,lambda_cold,131072,2048,invocation
1412,0.05588936805725098,False,lambda_cold,131072,2048,invocation
1413,0.053029775619506836,False,lambda_cold,131072,2048,invocation
1414,0.07056641578674316,False,lambda_cold,131072,2048,invocation
1415,0.05731534957885742,False,lambda_cold,131072,2048,invocation
1416,0.06412768363952637,False,lambda_cold,131072,2048,invocation
1417,0.057419776916503906,False,lambda_cold,131072,2048,invocation
1418,0.05330324172973633,False,lambda_cold,131072,2048,invocation
1419,0.05267190933227539,False,lambda_cold,131072,2048,invocation
1420,0.055339813232421875,False,lambda_cold,131072,2048,invocation
1421,0.08943390846252441,False,lambda_cold,131072,2048,invocation
1422,0.10186767578125,False,lambda_cold,131072,2048,invocation
1423,0.051668643951416016,False,lambda_cold,131072,2048,invocation
1424,0.11312723159790039,False,lambda_cold,131072,2048,invocation
1425,0.05524444580078125,False,lambda_cold,131072,2048,invocation
1426,0.06338381767272949,False,lambda_cold,131072,2048,invocation
1427,0.0679159164428711,False,lambda_cold,131072,2048,invocation
1428,0.05564284324645996,False,lambda_cold,131072,2048,invocation
1429,0.05631446838378906,False,lambda_cold,131072,2048,invocation
1430,0.05816841125488281,False,lambda_cold,131072,2048,invocation
1431,0.06246805191040039,False,lambda_cold,131072,2048,invocation
1432,0.054901838302612305,False,lambda_cold,131072,2048,invocation
1433,0.057889699935913086,False,lambda_cold,131072,2048,invocation
1434,0.06163167953491211,False,lambda_cold,131072,2048,invocation
1435,0.05809736251831055,False,lambda_cold,131072,2048,invocation
1436,0.05810880661010742,False,lambda_cold,131072,2048,invocation
1437,0.055237531661987305,False,lambda_cold,131072,2048,invocation
1438,0.06487488746643066,False,lambda_cold,131072,2048,invocation
1439,0.05449724197387695,False,lambda_cold,131072,2048,invocation
1440,0.05661725997924805,False,lambda_cold,131072,2048,invocation
1441,0.06195378303527832,False,lambda_cold,131072,2048,invocation
1442,0.06266379356384277,False,lambda_cold,131072,2048,invocation
1443,0.0535128116607666,False,lambda_cold,131072,2048,invocation
1444,0.05884909629821777,False,lambda_cold,131072,2048,invocation
1445,0.052786827087402344,False,lambda_cold,131072,2048,invocation
1446,0.054262638092041016,False,lambda_cold,131072,2048,invocation
1447,0.05367851257324219,False,lambda_cold,131072,2048,invocation
1448,0.05459785461425781,False,lambda_cold,131072,2048,invocation
1449,0.05764913558959961,False,lambda_cold,131072,2048,invocation
1450,0.05041360855102539,False,lambda_cold,131072,2048,invocation
1451,0.05773210525512695,False,lambda_cold,131072,2048,invocation
1452,0.05137014389038086,False,lambda_cold,131072,2048,invocation
1453,0.05178213119506836,False,lambda_cold,131072,2048,invocation
1454,0.06364154815673828,False,lambda_cold,131072,2048,invocation
1455,0.07164525985717773,False,lambda_cold,131072,2048,invocation
1456,0.05413532257080078,False,lambda_cold,131072,2048,invocation
1457,0.05809831619262695,False,lambda_cold,131072,2048,invocation
1458,0.05390739440917969,False,lambda_cold,131072,2048,invocation
1459,0.05428647994995117,False,lambda_cold,131072,2048,invocation
1460,0.05852007865905762,False,lambda_cold,131072,2048,invocation
1461,0.10985469818115234,False,lambda_cold,131072,2048,invocation
1462,0.05471372604370117,False,lambda_cold,131072,2048,invocation
1463,0.05616259574890137,False,lambda_cold,131072,2048,invocation
1464,0.05896925926208496,False,lambda_cold,131072,2048,invocation
1465,0.05379676818847656,False,lambda_cold,131072,2048,invocation
1466,0.054372549057006836,False,lambda_cold,131072,2048,invocation
1467,0.14274930953979492,False,lambda_cold,131072,2048,invocation
1468,0.05511021614074707,False,lambda_cold,131072,2048,invocation
1469,0.055169105529785156,False,lambda_cold,131072,2048,invocation
1470,0.057190656661987305,False,lambda_cold,131072,2048,invocation
1471,0.06020092964172363,False,lambda_cold,131072,2048,invocation
1472,0.07454204559326172,False,lambda_cold,131072,2048,invocation
1473,0.05137443542480469,False,lambda_cold,131072,2048,invocation
1474,0.05206704139709473,False,lambda_cold,131072,2048,invocation
1475,0.05837607383728027,False,lambda_cold,131072,2048,invocation
1476,0.055824995040893555,False,lambda_cold,131072,2048,invocation
1477,0.051431894302368164,False,lambda_cold,131072,2048,invocation
1478,0.05404019355773926,False,lambda_cold,131072,2048,invocation
1479,0.05619525909423828,False,lambda_cold,131072,2048,invocation
1480,0.051151275634765625,False,lambda_cold,131072,2048,invocation
1481,0.05195021629333496,False,lambda_cold,131072,2048,invocation
1482,0.06017494201660156,False,lambda_cold,131072,2048,invocation
1483,0.06679582595825195,False,lambda_cold,131072,2048,invocation
1484,0.059630632400512695,False,lambda_cold,131072,2048,invocation
1485,0.06526064872741699,False,lambda_cold,131072,2048,invocation
1486,0.05620884895324707,False,lambda_cold,131072,2048,invocation
1487,0.05545544624328613,False,lambda_cold,131072,2048,invocation
1488,0.05104327201843262,False,lambda_cold,131072,2048,invocation
1489,0.05229759216308594,False,lambda_cold,131072,2048,invocation
1490,0.06020212173461914,False,lambda_cold,131072,2048,invocation
1491,0.06606626510620117,False,lambda_cold,131072,2048,invocation
1492,0.06028127670288086,False,lambda_cold,131072,2048,invocation
1493,0.05247092247009277,False,lambda_cold,131072,2048,invocation
1494,0.05690503120422363,False,lambda_cold,131072,2048,invocation
1495,0.06362748146057129,False,lambda_cold,131072,2048,invocation
1496,0.04801011085510254,False,lambda_cold,131072,2048,invocation
1497,0.05526280403137207,False,lambda_cold,131072,2048,invocation
1498,0.05894923210144043,False,lambda_cold,131072,2048,invocation
1499,0.05866599082946777,False,lambda_cold,131072,2048,invocation
