,begin,end,benchmatk,size,rps,worker,workers,repetitions
0,1644189001.8488715,1644189001.8609536,lock,64,120,6,9,600
1,1644189001.8609574,1644189001.872205,lock,64,120,6,9,600
2,1644189001.8722084,1644189001.881364,lock,64,120,6,9,600
3,1644189001.881368,1644189001.8920586,lock,64,120,6,9,600
4,1644189001.8920622,1644189001.9020088,lock,64,120,6,9,600
5,1644189001.9020123,1644189001.9129727,lock,64,120,6,9,600
6,1644189001.912976,1644189001.925263,lock,64,120,6,9,600
7,1644189001.9252665,1644189001.9404163,lock,64,120,6,9,600
8,1644189001.94042,1644189001.9533434,lock,64,120,6,9,600
9,1644189001.9533474,1644189001.972496,lock,64,120,6,9,600
10,1644189001.972501,1644189001.9827294,lock,64,120,6,9,600
11,1644189001.9827328,1644189001.9932368,lock,64,120,6,9,600
12,1644189001.9932404,1644189002.003738,lock,64,120,6,9,600
13,1644189002.0037413,1644189002.013742,lock,64,120,6,9,600
14,1644189002.0137453,1644189002.023469,lock,64,120,6,9,600
15,1644189002.0234725,1644189002.0333493,lock,64,120,6,9,600
16,1644189002.0333538,1644189002.0432003,lock,64,120,6,9,600
17,1644189002.0432038,1644189002.0538473,lock,64,120,6,9,600
18,1644189002.053851,1644189002.0635073,lock,64,120,6,9,600
19,1644189002.063511,1644189002.0730596,lock,64,120,6,9,600
20,1644189002.073063,1644189002.0853395,lock,64,120,6,9,600
21,1644189002.085343,1644189002.0979528,lock,64,120,6,9,600
22,1644189002.0979562,1644189002.1087096,lock,64,120,6,9,600
23,1644189002.1087139,1644189002.1196463,lock,64,120,6,9,600
24,1644189002.11965,1644189002.1320512,lock,64,120,6,9,600
25,1644189002.1320546,1644189002.1421442,lock,64,120,6,9,600
26,1644189002.142148,1644189002.1513493,lock,64,120,6,9,600
27,1644189002.1513526,1644189002.1626232,lock,64,120,6,9,600
28,1644189002.1626265,1644189002.173774,lock,64,120,6,9,600
29,1644189002.1737773,1644189002.1836767,lock,64,120,6,9,600
30,1644189002.18368,1644189002.193449,lock,64,120,6,9,600
31,1644189002.1934524,1644189002.203847,lock,64,120,6,9,600
32,1644189002.2038503,1644189002.2132156,lock,64,120,6,9,600
33,1644189002.2132201,1644189002.2226796,lock,64,120,6,9,600
34,1644189002.222683,1644189002.2317312,lock,64,120,6,9,600
35,1644189002.2317348,1644189002.2409246,lock,64,120,6,9,600
36,1644189002.2409294,1644189002.2507563,lock,64,120,6,9,600
37,1644189002.2507608,1644189002.26048,lock,64,120,6,9,600
38,1644189002.2604833,1644189002.2697158,lock,64,120,6,9,600
39,1644189002.2697194,1644189002.2798839,lock,64,120,6,9,600
40,1644189002.2798874,1644189002.2909956,lock,64,120,6,9,600
41,1644189002.290999,1644189002.300237,lock,64,120,6,9,600
42,1644189002.3002415,1644189002.3100731,lock,64,120,6,9,600
43,1644189002.3100765,1644189002.3211856,lock,64,120,6,9,600
44,1644189002.321189,1644189002.330776,lock,64,120,6,9,600
45,1644189002.3307793,1644189002.340276,lock,64,120,6,9,600
46,1644189002.3402796,1644189002.3492491,lock,64,120,6,9,600
47,1644189002.3492527,1644189002.3593838,lock,64,120,6,9,600
48,1644189002.3593872,1644189002.3688755,lock,64,120,6,9,600
49,1644189002.3688788,1644189002.3782868,lock,64,120,6,9,600
50,1644189002.3782902,1644189002.3875582,lock,64,120,6,9,600
51,1644189002.3875616,1644189002.39629,lock,64,120,6,9,600
52,1644189002.3962936,1644189002.4054503,lock,64,120,6,9,600
53,1644189002.4054537,1644189002.415136,lock,64,120,6,9,600
54,1644189002.4151394,1644189002.4245515,lock,64,120,6,9,600
55,1644189002.424555,1644189002.4340687,lock,64,120,6,9,600
56,1644189002.4340723,1644189002.4435008,lock,64,120,6,9,600
57,1644189002.443504,1644189002.4532201,lock,64,120,6,9,600
58,1644189002.4532235,1644189002.4627607,lock,64,120,6,9,600
59,1644189002.4627645,1644189002.4718215,lock,64,120,6,9,600
60,1644189002.4718258,1644189002.481627,lock,64,120,6,9,600
61,1644189002.4816303,1644189002.491785,lock,64,120,6,9,600
62,1644189002.4917881,1644189002.5019197,lock,64,120,6,9,600
63,1644189002.501923,1644189002.511063,lock,64,120,6,9,600
64,1644189002.5110667,1644189002.5209517,lock,64,120,6,9,600
65,1644189002.5209558,1644189002.5304115,lock,64,120,6,9,600
66,1644189002.5304148,1644189002.5417302,lock,64,120,6,9,600
67,1644189002.5417337,1644189002.553179,lock,64,120,6,9,600
68,1644189002.5531826,1644189002.5637732,lock,64,120,6,9,600
69,1644189002.5637772,1644189002.5740902,lock,64,120,6,9,600
70,1644189002.574094,1644189002.5833464,lock,64,120,6,9,600
71,1644189002.5833497,1644189002.5926874,lock,64,120,6,9,600
72,1644189002.5926907,1644189002.6038578,lock,64,120,6,9,600
73,1644189002.603862,1644189002.6140766,lock,64,120,6,9,600
74,1644189002.61408,1644189002.6231577,lock,64,120,6,9,600
75,1644189002.6231613,1644189002.6335626,lock,64,120,6,9,600
76,1644189002.6335661,1644189002.6429207,lock,64,120,6,9,600
77,1644189002.6429243,1644189002.6609297,lock,64,120,6,9,600
78,1644189002.660934,1644189002.6724143,lock,64,120,6,9,600
79,1644189002.6724184,1644189002.682939,lock,64,120,6,9,600
80,1644189002.6829424,1644189002.693731,lock,64,120,6,9,600
81,1644189002.6937344,1644189002.7031012,lock,64,120,6,9,600
82,1644189002.7031047,1644189002.7122164,lock,64,120,6,9,600
83,1644189002.7122197,1644189002.7214227,lock,64,120,6,9,600
84,1644189002.7214258,1644189002.7307935,lock,64,120,6,9,600
85,1644189002.730797,1644189002.7395768,lock,64,120,6,9,600
86,1644189002.7395804,1644189002.748468,lock,64,120,6,9,600
87,1644189002.7484713,1644189002.7575364,lock,64,120,6,9,600
88,1644189002.757541,1644189002.7669094,lock,64,120,6,9,600
89,1644189002.7669137,1644189002.775724,lock,64,120,6,9,600
90,1644189002.7757273,1644189002.7842026,lock,64,120,6,9,600
91,1644189002.7842062,1644189002.793095,lock,64,120,6,9,600
92,1644189002.7930984,1644189002.8016338,lock,64,120,6,9,600
93,1644189002.8016372,1644189002.812399,lock,64,120,6,9,600
94,1644189002.8124022,1644189002.822339,lock,64,120,6,9,600
95,1644189002.8223424,1644189002.8325303,lock,64,120,6,9,600
96,1644189002.8325336,1644189002.8414946,lock,64,120,6,9,600
97,1644189002.8414981,1644189002.8501916,lock,64,120,6,9,600
98,1644189002.8501956,1644189002.859373,lock,64,120,6,9,600
99,1644189002.8593764,1644189002.867997,lock,64,120,6,9,600
100,1644189002.8680005,1644189002.8765807,lock,64,120,6,9,600
101,1644189002.8765843,1644189002.8854854,lock,64,120,6,9,600
102,1644189002.885489,1644189002.8947823,lock,64,120,6,9,600
103,1644189002.894786,1644189002.9034348,lock,64,120,6,9,600
104,1644189002.903438,1644189002.912196,lock,64,120,6,9,600
105,1644189002.9122002,1644189002.921118,lock,64,120,6,9,600
106,1644189002.9211214,1644189002.9298291,lock,64,120,6,9,600
107,1644189002.9298337,1644189002.941097,lock,64,120,6,9,600
108,1644189002.9411004,1644189002.9498932,lock,64,120,6,9,600
109,1644189002.9498963,1644189002.9587512,lock,64,120,6,9,600
110,1644189002.9587555,1644189002.9677167,lock,64,120,6,9,600
111,1644189002.9677203,1644189002.9788728,lock,64,120,6,9,600
112,1644189002.9788764,1644189002.987928,lock,64,120,6,9,600
113,1644189002.9879317,1644189002.9972763,lock,64,120,6,9,600
114,1644189002.99728,1644189003.0061922,lock,64,120,6,9,600
115,1644189003.0061955,1644189003.0161254,lock,64,120,6,9,600
116,1644189003.0161288,1644189003.0250974,lock,64,120,6,9,600
117,1644189003.0251007,1644189003.0340338,lock,64,120,6,9,600
118,1644189003.0340369,1644189003.043045,lock,64,120,6,9,600
119,1644189003.0430484,1644189003.0517979,lock,64,120,6,9,600
120,1644189003.0518014,1644189003.0603635,lock,64,120,6,9,600
121,1644189003.0603669,1644189003.0693505,lock,64,120,6,9,600
122,1644189003.0693538,1644189003.0786633,lock,64,120,6,9,600
123,1644189003.078667,1644189003.0876665,lock,64,120,6,9,600
124,1644189003.0876698,1644189003.0965662,lock,64,120,6,9,600
125,1644189003.0965695,1644189003.1050417,lock,64,120,6,9,600
126,1644189003.105045,1644189003.1137629,lock,64,120,6,9,600
127,1644189003.1137671,1644189003.1225986,lock,64,120,6,9,600
128,1644189003.1226017,1644189003.132185,lock,64,120,6,9,600
129,1644189003.1321883,1644189003.1420612,lock,64,120,6,9,600
130,1644189003.1420655,1644189003.1522813,lock,64,120,6,9,600
131,1644189003.1522853,1644189003.162041,lock,64,120,6,9,600
132,1644189003.1620445,1644189003.1714745,lock,64,120,6,9,600
133,1644189003.1714785,1644189003.1810932,lock,64,120,6,9,600
134,1644189003.1810966,1644189003.1914914,lock,64,120,6,9,600
135,1644189003.1914954,1644189003.2012131,lock,64,120,6,9,600
136,1644189003.2012165,1644189003.209862,lock,64,120,6,9,600
137,1644189003.2098649,1644189003.219106,lock,64,120,6,9,600
138,1644189003.2191093,1644189003.2284055,lock,64,120,6,9,600
139,1644189003.2284095,1644189003.2384572,lock,64,120,6,9,600
140,1644189003.2384603,1644189003.248098,lock,64,120,6,9,600
141,1644189003.248102,1644189003.258742,lock,64,120,6,9,600
142,1644189003.2587454,1644189003.2677436,lock,64,120,6,9,600
143,1644189003.267747,1644189003.2767467,lock,64,120,6,9,600
144,1644189003.27675,1644189003.2858038,lock,64,120,6,9,600
145,1644189003.2858074,1644189003.2951796,lock,64,120,6,9,600
146,1644189003.2951837,1644189003.304887,lock,64,120,6,9,600
147,1644189003.3048904,1644189003.313648,lock,64,120,6,9,600
148,1644189003.313651,1644189003.3233705,lock,64,120,6,9,600
149,1644189003.3233747,1644189003.332666,lock,64,120,6,9,600
150,1644189003.3326693,1644189003.3419936,lock,64,120,6,9,600
151,1644189003.341997,1644189003.3511817,lock,64,120,6,9,600
152,1644189003.3511853,1644189003.3604667,lock,64,120,6,9,600
153,1644189003.36047,1644189003.3701491,lock,64,120,6,9,600
154,1644189003.3701525,1644189003.3793714,lock,64,120,6,9,600
155,1644189003.379376,1644189003.3882577,lock,64,120,6,9,600
156,1644189003.3882613,1644189003.3980634,lock,64,120,6,9,600
157,1644189003.3980668,1644189003.4076216,lock,64,120,6,9,600
158,1644189003.407625,1644189003.4171221,lock,64,120,6,9,600
159,1644189003.4171257,1644189003.4259257,lock,64,120,6,9,600
160,1644189003.425929,1644189003.4351234,lock,64,120,6,9,600
161,1644189003.4351268,1644189003.444472,lock,64,120,6,9,600
162,1644189003.4444754,1644189003.455039,lock,64,120,6,9,600
163,1644189003.4550424,1644189003.4644523,lock,64,120,6,9,600
164,1644189003.4644573,1644189003.47395,lock,64,120,6,9,600
165,1644189003.4739535,1644189003.4830482,lock,64,120,6,9,600
166,1644189003.4830518,1644189003.492348,lock,64,120,6,9,600
167,1644189003.4923515,1644189003.5011706,lock,64,120,6,9,600
168,1644189003.501175,1644189003.5104258,lock,64,120,6,9,600
169,1644189003.5104294,1644189003.5213087,lock,64,120,6,9,600
170,1644189003.5213122,1644189003.530265,lock,64,120,6,9,600
171,1644189003.5302687,1644189003.5412824,lock,64,120,6,9,600
172,1644189003.5412867,1644189003.550817,lock,64,120,6,9,600
173,1644189003.5508204,1644189003.560154,lock,64,120,6,9,600
174,1644189003.560158,1644189003.5689685,lock,64,120,6,9,600
175,1644189003.5689719,1644189003.577785,lock,64,120,6,9,600
176,1644189003.577789,1644189003.5871642,lock,64,120,6,9,600
177,1644189003.5871677,1644189003.595903,lock,64,120,6,9,600
178,1644189003.5959065,1644189003.6047344,lock,64,120,6,9,600
179,1644189003.6047385,1644189003.6133785,lock,64,120,6,9,600
180,1644189003.6133819,1644189003.622535,lock,64,120,6,9,600
181,1644189003.6225383,1644189003.6313891,lock,64,120,6,9,600
182,1644189003.6313927,1644189003.640046,lock,64,120,6,9,600
183,1644189003.6400492,1644189003.6486871,lock,64,120,6,9,600
184,1644189003.6486905,1644189003.660208,lock,64,120,6,9,600
185,1644189003.6602116,1644189003.7421434,lock,64,120,6,9,600
186,1644189003.742147,1644189003.7539053,lock,64,120,6,9,600
187,1644189003.753909,1644189003.770383,lock,64,120,6,9,600
188,1644189003.7703862,1644189003.781259,lock,64,120,6,9,600
189,1644189003.7812624,1644189003.7906942,lock,64,120,6,9,600
190,1644189003.7906988,1644189003.7996848,lock,64,120,6,9,600
191,1644189003.799688,1644189003.8087587,lock,64,120,6,9,600
192,1644189003.808762,1644189003.8178217,lock,64,120,6,9,600
193,1644189003.8178253,1644189003.8269303,lock,64,120,6,9,600
194,1644189003.8269339,1644189003.8388844,lock,64,120,6,9,600
195,1644189003.838888,1644189003.847856,lock,64,120,6,9,600
196,1644189003.8478596,1644189003.8569584,lock,64,120,6,9,600
197,1644189003.856962,1644189003.8663645,lock,64,120,6,9,600
198,1644189003.8663678,1644189003.8759081,lock,64,120,6,9,600
199,1644189003.8759117,1644189003.8843935,lock,64,120,6,9,600
200,1644189003.884397,1644189003.89319,lock,64,120,6,9,600
201,1644189003.8931944,1644189003.90197,lock,64,120,6,9,600
202,1644189003.901974,1644189003.9111311,lock,64,120,6,9,600
203,1644189003.9111354,1644189003.9198756,lock,64,120,6,9,600
204,1644189003.919879,1644189003.929048,lock,64,120,6,9,600
205,1644189003.9290514,1644189003.937813,lock,64,120,6,9,600
206,1644189003.9378166,1644189003.9471428,lock,64,120,6,9,600
207,1644189003.9471467,1644189003.9562664,lock,64,120,6,9,600
208,1644189003.95627,1644189003.9648507,lock,64,120,6,9,600
209,1644189003.964854,1644189003.973816,lock,64,120,6,9,600
210,1644189003.973819,1644189003.982836,lock,64,120,6,9,600
211,1644189003.9828396,1644189003.9914196,lock,64,120,6,9,600
212,1644189003.991423,1644189004.0003235,lock,64,120,6,9,600
213,1644189004.000327,1644189004.0087817,lock,64,120,6,9,600
214,1644189004.008785,1644189004.0173137,lock,64,120,6,9,600
215,1644189004.017317,1644189004.026303,lock,64,120,6,9,600
216,1644189004.0263064,1644189004.0354862,lock,64,120,6,9,600
217,1644189004.0354905,1644189004.0448596,lock,64,120,6,9,600
218,1644189004.044863,1644189004.0533144,lock,64,120,6,9,600
219,1644189004.0533183,1644189004.0625305,lock,64,120,6,9,600
220,1644189004.0625339,1644189004.0737498,lock,64,120,6,9,600
221,1644189004.073753,1644189004.0819664,lock,64,120,6,9,600
222,1644189004.0819697,1644189004.0907948,lock,64,120,6,9,600
223,1644189004.0907984,1644189004.0999284,lock,64,120,6,9,600
224,1644189004.099932,1644189004.108803,lock,64,120,6,9,600
225,1644189004.1088064,1644189004.1180377,lock,64,120,6,9,600
226,1644189004.118041,1644189004.126625,lock,64,120,6,9,600
227,1644189004.1266286,1644189004.1360176,lock,64,120,6,9,600
228,1644189004.1360211,1644189004.1456473,lock,64,120,6,9,600
229,1644189004.1456509,1644189004.15444,lock,64,120,6,9,600
230,1644189004.1544433,1644189004.1634984,lock,64,120,6,9,600
231,1644189004.163503,1644189004.1728761,lock,64,120,6,9,600
232,1644189004.1728795,1644189004.1819701,lock,64,120,6,9,600
233,1644189004.1819735,1644189004.190905,lock,64,120,6,9,600
234,1644189004.1909106,1644189004.2003157,lock,64,120,6,9,600
235,1644189004.200319,1644189004.2089074,lock,64,120,6,9,600
236,1644189004.2089107,1644189004.2182462,lock,64,120,6,9,600
237,1644189004.2182496,1644189004.2276146,lock,64,120,6,9,600
238,1644189004.227618,1644189004.2359762,lock,64,120,6,9,600
239,1644189004.2359798,1644189004.2450783,lock,64,120,6,9,600
240,1644189004.2450826,1644189004.2542708,lock,64,120,6,9,600
241,1644189004.254274,1644189004.2635725,lock,64,120,6,9,600
242,1644189004.263576,1644189004.2724192,lock,64,120,6,9,600
243,1644189004.272424,1644189004.2812762,lock,64,120,6,9,600
244,1644189004.2812796,1644189004.2898633,lock,64,120,6,9,600
245,1644189004.2898674,1644189004.2986205,lock,64,120,6,9,600
246,1644189004.298624,1644189004.3069074,lock,64,120,6,9,600
247,1644189004.3069108,1644189004.3157127,lock,64,120,6,9,600
248,1644189004.315716,1644189004.3253825,lock,64,120,6,9,600
249,1644189004.3253865,1644189004.3341045,lock,64,120,6,9,600
250,1644189004.3341079,1644189004.3428082,lock,64,120,6,9,600
251,1644189004.3428128,1644189004.3516643,lock,64,120,6,9,600
252,1644189004.3516676,1644189004.3601596,lock,64,120,6,9,600
253,1644189004.3601642,1644189004.3695118,lock,64,120,6,9,600
254,1644189004.3695154,1644189004.3784583,lock,64,120,6,9,600
255,1644189004.3784616,1644189004.387484,lock,64,120,6,9,600
256,1644189004.3874874,1644189004.3960955,lock,64,120,6,9,600
257,1644189004.3960989,1644189004.4046772,lock,64,120,6,9,600
258,1644189004.4046805,1644189004.4142854,lock,64,120,6,9,600
259,1644189004.4142892,1644189004.4232364,lock,64,120,6,9,600
260,1644189004.42324,1644189004.4319239,lock,64,120,6,9,600
261,1644189004.4319282,1644189004.4412825,lock,64,120,6,9,600
262,1644189004.441286,1644189004.4500313,lock,64,120,6,9,600
263,1644189004.4500346,1644189004.4596107,lock,64,120,6,9,600
264,1644189004.4596148,1644189004.4686308,lock,64,120,6,9,600
265,1644189004.4686344,1644189004.4772053,lock,64,120,6,9,600
266,1644189004.4772089,1644189004.4861789,lock,64,120,6,9,600
267,1644189004.4861825,1644189004.495833,lock,64,120,6,9,600
268,1644189004.4958375,1644189004.5051181,lock,64,120,6,9,600
269,1644189004.5051215,1644189004.5138974,lock,64,120,6,9,600
270,1644189004.5139015,1644189004.522863,lock,64,120,6,9,600
271,1644189004.5228662,1644189004.53182,lock,64,120,6,9,600
272,1644189004.5318236,1644189004.540306,lock,64,120,6,9,600
273,1644189004.5403097,1644189004.5490878,lock,64,120,6,9,600
274,1644189004.5490916,1644189004.5576293,lock,64,120,6,9,600
275,1644189004.5576327,1644189004.566547,lock,64,120,6,9,600
276,1644189004.5665505,1644189004.5764456,lock,64,120,6,9,600
277,1644189004.5764494,1644189004.585006,lock,64,120,6,9,600
278,1644189004.5850096,1644189004.5932686,lock,64,120,6,9,600
279,1644189004.593272,1644189004.602147,lock,64,120,6,9,600
280,1644189004.6021504,1644189004.6107664,lock,64,120,6,9,600
281,1644189004.61077,1644189004.619806,lock,64,120,6,9,600
282,1644189004.6198094,1644189004.6278899,lock,64,120,6,9,600
283,1644189004.6278932,1644189004.636305,lock,64,120,6,9,600
284,1644189004.6363084,1644189004.6445863,lock,64,120,6,9,600
285,1644189004.6445897,1644189004.653048,lock,64,120,6,9,600
286,1644189004.6530514,1644189004.6650336,lock,64,120,6,9,600
287,1644189004.6650383,1644189004.6751223,lock,64,120,6,9,600
288,1644189004.6751258,1644189004.6846075,lock,64,120,6,9,600
289,1644189004.684611,1644189004.6941626,lock,64,120,6,9,600
290,1644189004.6941676,1644189004.7033327,lock,64,120,6,9,600
291,1644189004.7033365,1644189004.7120404,lock,64,120,6,9,600
292,1644189004.712044,1644189004.720913,lock,64,120,6,9,600
293,1644189004.7209163,1644189004.7295587,lock,64,120,6,9,600
294,1644189004.7295623,1644189004.7383254,lock,64,120,6,9,600
295,1644189004.738329,1644189004.7481792,lock,64,120,6,9,600
296,1644189004.7481828,1644189004.7568054,lock,64,120,6,9,600
297,1644189004.7568088,1644189004.7666087,lock,64,120,6,9,600
298,1644189004.766613,1644189004.7763202,lock,64,120,6,9,600
299,1644189004.7763247,1644189004.7859054,lock,64,120,6,9,600
300,1644189004.7859097,1644189004.7956247,lock,64,120,6,9,600
301,1644189004.795628,1644189004.8046827,lock,64,120,6,9,600
302,1644189004.8046868,1644189004.8135498,lock,64,120,6,9,600
303,1644189004.8135543,1644189004.8226092,lock,64,120,6,9,600
304,1644189004.8226128,1644189004.8319037,lock,64,120,6,9,600
305,1644189004.8319085,1644189004.8410127,lock,64,120,6,9,600
306,1644189004.8410163,1644189004.849654,lock,64,120,6,9,600
307,1644189004.8496583,1644189004.858615,lock,64,120,6,9,600
308,1644189004.8586183,1644189004.8680594,lock,64,120,6,9,600
309,1644189004.8680627,1644189004.8768961,lock,64,120,6,9,600
310,1644189004.8769004,1644189004.8856375,lock,64,120,6,9,600
311,1644189004.8856409,1644189004.8952246,lock,64,120,6,9,600
312,1644189004.8952289,1644189004.9049864,lock,64,120,6,9,600
313,1644189004.9049904,1644189004.9143887,lock,64,120,6,9,600
314,1644189004.9143932,1644189004.9237518,lock,64,120,6,9,600
315,1644189004.9237554,1644189004.932617,lock,64,120,6,9,600
316,1644189004.9326205,1644189004.941272,lock,64,120,6,9,600
317,1644189004.9412758,1644189004.9508278,lock,64,120,6,9,600
318,1644189004.9508317,1644189004.960631,lock,64,120,6,9,600
319,1644189004.9606345,1644189004.9697323,lock,64,120,6,9,600
320,1644189004.969737,1644189004.9794016,lock,64,120,6,9,600
321,1644189004.9794059,1644189004.9888396,lock,64,120,6,9,600
322,1644189004.9888432,1644189004.99903,lock,64,120,6,9,600
323,1644189004.9990337,1644189005.0078115,lock,64,120,6,9,600
324,1644189005.007815,1644189005.015986,lock,64,120,6,9,600
325,1644189005.0159895,1644189005.024313,lock,64,120,6,9,600
326,1644189005.0243163,1644189005.0328565,lock,64,120,6,9,600
327,1644189005.0328608,1644189005.041497,lock,64,120,6,9,600
328,1644189005.0415003,1644189005.0498598,lock,64,120,6,9,600
329,1644189005.0498633,1644189005.0584013,lock,64,120,6,9,600
330,1644189005.0584047,1644189005.0670834,lock,64,120,6,9,600
331,1644189005.067087,1644189005.075409,lock,64,120,6,9,600
332,1644189005.0754123,1644189005.0838108,lock,64,120,6,9,600
333,1644189005.0838144,1644189005.0921905,lock,64,120,6,9,600
334,1644189005.0921938,1644189005.101217,lock,64,120,6,9,600
335,1644189005.1012206,1644189005.1127129,lock,64,120,6,9,600
336,1644189005.1127164,1644189005.121496,lock,64,120,6,9,600
337,1644189005.1215,1644189005.1308603,lock,64,120,6,9,600
338,1644189005.1308637,1644189005.1407018,lock,64,120,6,9,600
339,1644189005.140706,1644189005.1511292,lock,64,120,6,9,600
340,1644189005.1511328,1644189005.1602693,lock,64,120,6,9,600
341,1644189005.1602728,1644189005.168564,lock,64,120,6,9,600
342,1644189005.1685672,1644189005.1779027,lock,64,120,6,9,600
343,1644189005.1779063,1644189005.1872816,lock,64,120,6,9,600
344,1644189005.1872852,1644189005.1957583,lock,64,120,6,9,600
345,1644189005.195762,1644189005.2152,lock,64,120,6,9,600
346,1644189005.2152042,1644189005.225353,lock,64,120,6,9,600
347,1644189005.2253573,1644189005.2343593,lock,64,120,6,9,600
348,1644189005.2343628,1644189005.243613,lock,64,120,6,9,600
349,1644189005.2436166,1644189005.2549179,lock,64,120,6,9,600
350,1644189005.2549214,1644189005.2649999,lock,64,120,6,9,600
351,1644189005.2650037,1644189005.2736156,lock,64,120,6,9,600
352,1644189005.2736197,1644189005.2828083,lock,64,120,6,9,600
353,1644189005.2828124,1644189005.2929652,lock,64,120,6,9,600
354,1644189005.2929695,1644189005.3019848,lock,64,120,6,9,600
355,1644189005.3019888,1644189005.310955,lock,64,120,6,9,600
356,1644189005.3109593,1644189005.3201334,lock,64,120,6,9,600
357,1644189005.3201368,1644189005.3285449,lock,64,120,6,9,600
358,1644189005.3285484,1644189005.3370109,lock,64,120,6,9,600
359,1644189005.3370154,1644189005.3460767,lock,64,120,6,9,600
360,1644189005.34608,1644189005.3546534,lock,64,120,6,9,600
361,1644189005.354657,1644189005.3635063,lock,64,120,6,9,600
362,1644189005.3635097,1644189005.3727946,lock,64,120,6,9,600
363,1644189005.3727982,1644189005.3820584,lock,64,120,6,9,600
364,1644189005.3820632,1644189005.3916547,lock,64,120,6,9,600
365,1644189005.3916593,1644189005.4012315,lock,64,120,6,9,600
366,1644189005.401236,1644189005.412937,lock,64,120,6,9,600
367,1644189005.4129407,1644189005.4214983,lock,64,120,6,9,600
368,1644189005.4215019,1644189005.4301722,lock,64,120,6,9,600
369,1644189005.4301758,1644189005.439212,lock,64,120,6,9,600
370,1644189005.4392157,1644189005.4476311,lock,64,120,6,9,600
371,1644189005.4476347,1644189005.456113,lock,64,120,6,9,600
372,1644189005.4561167,1644189005.4648545,lock,64,120,6,9,600
373,1644189005.4648578,1644189005.4739592,lock,64,120,6,9,600
374,1644189005.4739625,1644189005.4823442,lock,64,120,6,9,600
375,1644189005.4823484,1644189005.491399,lock,64,120,6,9,600
376,1644189005.4914024,1644189005.5000844,lock,64,120,6,9,600
377,1644189005.500089,1644189005.509325,lock,64,120,6,9,600
378,1644189005.5093284,1644189005.5179932,lock,64,120,6,9,600
379,1644189005.5179975,1644189005.5271478,lock,64,120,6,9,600
380,1644189005.5271523,1644189005.536604,lock,64,120,6,9,600
381,1644189005.5366075,1644189005.5458324,lock,64,120,6,9,600
382,1644189005.545836,1644189005.556208,lock,64,120,6,9,600
383,1644189005.5562122,1644189005.5654604,lock,64,120,6,9,600
384,1644189005.5654638,1644189005.5743048,lock,64,120,6,9,600
385,1644189005.5743082,1644189005.5832126,lock,64,120,6,9,600
386,1644189005.5832162,1644189005.5920732,lock,64,120,6,9,600
387,1644189005.5920775,1644189005.6009889,lock,64,120,6,9,600
388,1644189005.6009936,1644189005.6113899,lock,64,120,6,9,600
389,1644189005.6113942,1644189005.62038,lock,64,120,6,9,600
390,1644189005.6203835,1644189005.630175,lock,64,120,6,9,600
391,1644189005.6301796,1644189005.639335,lock,64,120,6,9,600
392,1644189005.6393385,1644189005.647813,lock,64,120,6,9,600
393,1644189005.6478167,1644189005.656756,lock,64,120,6,9,600
394,1644189005.6567595,1644189005.669882,lock,64,120,6,9,600
395,1644189005.669887,1644189005.6799,lock,64,120,6,9,600
396,1644189005.6799035,1644189005.6903813,lock,64,120,6,9,600
397,1644189005.6903849,1644189005.6994705,lock,64,120,6,9,600
398,1644189005.6994753,1644189005.709654,lock,64,120,6,9,600
399,1644189005.7096574,1644189005.7181234,lock,64,120,6,9,600
400,1644189005.7181277,1644189005.7277732,lock,64,120,6,9,600
401,1644189005.7277765,1644189005.736612,lock,64,120,6,9,600
402,1644189005.7366154,1644189005.7457345,lock,64,120,6,9,600
403,1644189005.7457378,1644189005.7550375,lock,64,120,6,9,600
404,1644189005.755041,1644189005.7636654,lock,64,120,6,9,600
405,1644189005.7636688,1644189005.7720473,lock,64,120,6,9,600
406,1644189005.7720523,1644189005.7811706,lock,64,120,6,9,600
407,1644189005.7811742,1644189005.789702,lock,64,120,6,9,600
408,1644189005.7897065,1644189005.798826,lock,64,120,6,9,600
409,1644189005.7988296,1644189005.8075085,lock,64,120,6,9,600
410,1644189005.8075118,1644189005.8165627,lock,64,120,6,9,600
411,1644189005.8165662,1644189005.8250215,lock,64,120,6,9,600
412,1644189005.8250253,1644189005.834347,lock,64,120,6,9,600
413,1644189005.8343508,1644189005.84254,lock,64,120,6,9,600
414,1644189005.8425434,1644189005.8516366,lock,64,120,6,9,600
415,1644189005.85164,1644189005.8603885,lock,64,120,6,9,600
416,1644189005.8603919,1644189005.871154,lock,64,120,6,9,600
417,1644189005.8711576,1644189005.880228,lock,64,120,6,9,600
418,1644189005.8802316,1644189005.8887196,lock,64,120,6,9,600
419,1644189005.8887231,1644189005.8979633,lock,64,120,6,9,600
420,1644189005.8979669,1644189005.9067473,lock,64,120,6,9,600
421,1644189005.9067512,1644189005.9152064,lock,64,120,6,9,600
422,1644189005.91521,1644189005.92346,lock,64,120,6,9,600
423,1644189005.9234633,1644189005.9317327,lock,64,120,6,9,600
424,1644189005.931736,1644189005.9401045,lock,64,120,6,9,600
425,1644189005.9401078,1644189005.9486763,lock,64,120,6,9,600
426,1644189005.94868,1644189005.956995,lock,64,120,6,9,600
427,1644189005.9569986,1644189005.9663355,lock,64,120,6,9,600
428,1644189005.96634,1644189005.9749293,lock,64,120,6,9,600
429,1644189005.974933,1644189005.9835885,lock,64,120,6,9,600
430,1644189005.983593,1644189005.9936717,lock,64,120,6,9,600
431,1644189005.993675,1644189006.0022883,lock,64,120,6,9,600
432,1644189006.0022922,1644189006.0112355,lock,64,120,6,9,600
433,1644189006.011239,1644189006.0207033,lock,64,120,6,9,600
434,1644189006.020707,1644189006.0291722,lock,64,120,6,9,600
435,1644189006.0291758,1644189006.038385,lock,64,120,6,9,600
436,1644189006.0383885,1644189006.0470643,lock,64,120,6,9,600
437,1644189006.0470679,1644189006.0561354,lock,64,120,6,9,600
438,1644189006.056139,1644189006.0651982,lock,64,120,6,9,600
439,1644189006.0652015,1644189006.0759435,lock,64,120,6,9,600
440,1644189006.0759478,1644189006.0846288,lock,64,120,6,9,600
441,1644189006.0846324,1644189006.0937772,lock,64,120,6,9,600
442,1644189006.0937817,1644189006.1031542,lock,64,120,6,9,600
443,1644189006.1031578,1644189006.1120574,lock,64,120,6,9,600
444,1644189006.112062,1644189006.121172,lock,64,120,6,9,600
445,1644189006.1211758,1644189006.130225,lock,64,120,6,9,600
446,1644189006.1302295,1644189006.1396818,lock,64,120,6,9,600
447,1644189006.1396854,1644189006.1486874,lock,64,120,6,9,600
448,1644189006.1487155,1644189006.1578183,lock,64,120,6,9,600
449,1644189006.157822,1644189006.1669352,lock,64,120,6,9,600
450,1644189006.1669388,1644189006.1764066,lock,64,120,6,9,600
451,1644189006.1764112,1644189006.186199,lock,64,120,6,9,600
452,1644189006.1862025,1644189006.196376,lock,64,120,6,9,600
453,1644189006.19638,1644189006.2055993,lock,64,120,6,9,600
454,1644189006.2056026,1644189006.2145813,lock,64,120,6,9,600
455,1644189006.2145848,1644189006.2258563,lock,64,120,6,9,600
456,1644189006.2258599,1644189006.2349248,lock,64,120,6,9,600
457,1644189006.2349284,1644189006.2437031,lock,64,120,6,9,600
458,1644189006.2437065,1644189006.2602034,lock,64,120,6,9,600
459,1644189006.2602067,1644189006.2706738,lock,64,120,6,9,600
460,1644189006.270678,1644189006.2803128,lock,64,120,6,9,600
461,1644189006.2803175,1644189006.2898915,lock,64,120,6,9,600
462,1644189006.289896,1644189006.2992058,lock,64,120,6,9,600
463,1644189006.2992113,1644189006.3079226,lock,64,120,6,9,600
464,1644189006.3079262,1644189006.3165627,lock,64,120,6,9,600
465,1644189006.316566,1644189006.3257453,lock,64,120,6,9,600
466,1644189006.325749,1644189006.3343723,lock,64,120,6,9,600
467,1644189006.3343759,1644189006.3427625,lock,64,120,6,9,600
468,1644189006.342766,1644189006.3515615,lock,64,120,6,9,600
469,1644189006.351566,1644189006.361665,lock,64,120,6,9,600
470,1644189006.3616693,1644189006.3708823,lock,64,120,6,9,600
471,1644189006.3708868,1644189006.3803017,lock,64,120,6,9,600
472,1644189006.3803053,1644189006.389274,lock,64,120,6,9,600
473,1644189006.3892772,1644189006.3979278,lock,64,120,6,9,600
474,1644189006.397931,1644189006.406701,lock,64,120,6,9,600
475,1644189006.4067054,1644189006.4156513,lock,64,120,6,9,600
476,1644189006.415655,1644189006.424118,lock,64,120,6,9,600
477,1644189006.4241214,1644189006.4329567,lock,64,120,6,9,600
478,1644189006.4329605,1644189006.44138,lock,64,120,6,9,600
479,1644189006.4413846,1644189006.4508605,lock,64,120,6,9,600
480,1644189006.4508638,1644189006.45952,lock,64,120,6,9,600
481,1644189006.4595237,1644189006.4679773,lock,64,120,6,9,600
482,1644189006.4679806,1644189006.4771109,lock,64,120,6,9,600
483,1644189006.4771144,1644189006.485891,lock,64,120,6,9,600
484,1644189006.4858947,1644189006.4943113,lock,64,120,6,9,600
485,1644189006.4943156,1644189006.5032182,lock,64,120,6,9,600
486,1644189006.5032215,1644189006.5124528,lock,64,120,6,9,600
487,1644189006.5124562,1644189006.520954,lock,64,120,6,9,600
488,1644189006.5209572,1644189006.5299993,lock,64,120,6,9,600
489,1644189006.530004,1644189006.5400805,lock,64,120,6,9,600
490,1644189006.540084,1644189006.54862,lock,64,120,6,9,600
491,1644189006.5486236,1644189006.5570946,lock,64,120,6,9,600
492,1644189006.5570982,1644189006.5660489,lock,64,120,6,9,600
493,1644189006.5660524,1644189006.5750387,lock,64,120,6,9,600
494,1644189006.575043,1644189006.5835652,lock,64,120,6,9,600
495,1644189006.5835688,1644189006.5925066,lock,64,120,6,9,600
496,1644189006.59251,1644189006.601562,lock,64,120,6,9,600
497,1644189006.6015654,1644189006.6106722,lock,64,120,6,9,600
498,1644189006.6106756,1644189006.619083,lock,64,120,6,9,600
499,1644189006.6190863,1644189006.628036,lock,64,120,6,9,600
500,1644189006.6280394,1644189006.6369298,lock,64,120,6,9,600
501,1644189006.636933,1644189006.6456609,lock,64,120,6,9,600
502,1644189006.645666,1644189006.6546571,lock,64,120,6,9,600
503,1644189006.6546605,1644189006.6671188,lock,64,120,6,9,600
504,1644189006.6671228,1644189006.6763248,lock,64,120,6,9,600
505,1644189006.676329,1644189006.6855726,lock,64,120,6,9,600
506,1644189006.6855762,1644189006.6939275,lock,64,120,6,9,600
507,1644189006.6939309,1644189006.702923,lock,64,120,6,9,600
508,1644189006.7029266,1644189006.7115242,lock,64,120,6,9,600
509,1644189006.7115278,1644189006.720145,lock,64,120,6,9,600
510,1644189006.7201486,1644189006.7288523,lock,64,120,6,9,600
511,1644189006.7288556,1644189006.7377884,lock,64,120,6,9,600
512,1644189006.7377918,1644189006.746593,lock,64,120,6,9,600
513,1644189006.7465966,1644189006.7551675,lock,64,120,6,9,600
514,1644189006.7551718,1644189006.764398,lock,64,120,6,9,600
515,1644189006.7644017,1644189006.773667,lock,64,120,6,9,600
516,1644189006.7736704,1644189006.782889,lock,64,120,6,9,600
517,1644189006.7828922,1644189006.7912045,lock,64,120,6,9,600
518,1644189006.791208,1644189006.8003151,lock,64,120,6,9,600
519,1644189006.8003197,1644189006.8095865,lock,64,120,6,9,600
520,1644189006.80959,1644189006.8187478,lock,64,120,6,9,600
521,1644189006.8187513,1644189006.8273933,lock,64,120,6,9,600
522,1644189006.8273978,1644189006.8367102,lock,64,120,6,9,600
523,1644189006.836714,1644189006.8458526,lock,64,120,6,9,600
524,1644189006.845856,1644189006.854562,lock,64,120,6,9,600
525,1644189006.8545656,1644189006.8635259,lock,64,120,6,9,600
526,1644189006.8635302,1644189006.8720345,lock,64,120,6,9,600
527,1644189006.8720386,1644189006.8805766,lock,64,120,6,9,600
528,1644189006.88058,1644189006.8891509,lock,64,120,6,9,600
529,1644189006.8891551,1644189006.8982139,lock,64,120,6,9,600
530,1644189006.8982174,1644189006.9065652,lock,64,120,6,9,600
531,1644189006.9065688,1644189006.9152873,lock,64,120,6,9,600
532,1644189006.9152908,1644189006.9239895,lock,64,120,6,9,600
533,1644189006.923993,1644189006.9339542,lock,64,120,6,9,600
534,1644189006.9339578,1644189006.9427614,lock,64,120,6,9,600
535,1644189006.942765,1644189006.9527204,lock,64,120,6,9,600
536,1644189006.952725,1644189006.961923,lock,64,120,6,9,600
537,1644189006.9619265,1644189006.9701955,lock,64,120,6,9,600
538,1644189006.9701989,1644189006.9792323,lock,64,120,6,9,600
539,1644189006.9792364,1644189006.9876795,lock,64,120,6,9,600
540,1644189006.9876828,1644189006.9967198,lock,64,120,6,9,600
541,1644189006.9967237,1644189007.0054011,lock,64,120,6,9,600
542,1644189007.0054045,1644189007.0137992,lock,64,120,6,9,600
543,1644189007.0138028,1644189007.022581,lock,64,120,6,9,600
544,1644189007.0225854,1644189007.0322373,lock,64,120,6,9,600
545,1644189007.0322406,1644189007.0408273,lock,64,120,6,9,600
546,1644189007.0408306,1644189007.0491617,lock,64,120,6,9,600
547,1644189007.0491652,1644189007.0581825,lock,64,120,6,9,600
548,1644189007.0581868,1644189007.0674002,lock,64,120,6,9,600
549,1644189007.0674036,1644189007.0761032,lock,64,120,6,9,600
550,1644189007.0761077,1644189007.0856423,lock,64,120,6,9,600
551,1644189007.0856457,1644189007.0943112,lock,64,120,6,9,600
552,1644189007.0943146,1644189007.1029842,lock,64,120,6,9,600
553,1644189007.1029875,1644189007.1113539,lock,64,120,6,9,600
554,1644189007.1113575,1644189007.1201525,lock,64,120,6,9,600
555,1644189007.120156,1644189007.12917,lock,64,120,6,9,600
556,1644189007.1291733,1644189007.1387346,lock,64,120,6,9,600
557,1644189007.138738,1644189007.1480997,lock,64,120,6,9,600
558,1644189007.148104,1644189007.158665,lock,64,120,6,9,600
559,1644189007.1586692,1644189007.167685,lock,64,120,6,9,600
560,1644189007.1676896,1644189007.177039,lock,64,120,6,9,600
561,1644189007.1770425,1644189007.1861937,lock,64,120,6,9,600
562,1644189007.1861973,1644189007.1963456,lock,64,120,6,9,600
563,1644189007.19635,1644189007.2062118,lock,64,120,6,9,600
564,1644189007.206216,1644189007.2167122,lock,64,120,6,9,600
565,1644189007.2167158,1644189007.2254553,lock,64,120,6,9,600
566,1644189007.2254586,1644189007.234058,lock,64,120,6,9,600
567,1644189007.2340612,1644189007.2426932,lock,64,120,6,9,600
568,1644189007.2426965,1644189007.2518907,lock,64,120,6,9,600
569,1644189007.2518942,1644189007.2608051,lock,64,120,6,9,600
570,1644189007.2608094,1644189007.2701516,lock,64,120,6,9,600
571,1644189007.2701552,1644189007.278701,lock,64,120,6,9,600
572,1644189007.2787046,1644189007.2888393,lock,64,120,6,9,600
573,1644189007.288843,1644189007.298011,lock,64,120,6,9,600
574,1644189007.2980146,1644189007.3081853,lock,64,120,6,9,600
575,1644189007.30819,1644189007.317371,lock,64,120,6,9,600
576,1644189007.3173754,1644189007.3263552,lock,64,120,6,9,600
577,1644189007.3263586,1644189007.3354788,lock,64,120,6,9,600
578,1644189007.3354824,1644189007.3442159,lock,64,120,6,9,600
579,1644189007.3442202,1644189007.3542,lock,64,120,6,9,600
580,1644189007.3542032,1644189007.3646014,lock,64,120,6,9,600
581,1644189007.3646047,1644189007.3738785,lock,64,120,6,9,600
582,1644189007.373882,1644189007.3830025,lock,64,120,6,9,600
583,1644189007.3830059,1644189007.3921869,lock,64,120,6,9,600
584,1644189007.3921905,1644189007.4010775,lock,64,120,6,9,600
585,1644189007.4010808,1644189007.4103127,lock,64,120,6,9,600
586,1644189007.4103162,1644189007.419433,lock,64,120,6,9,600
587,1644189007.4194365,1644189007.4293509,lock,64,120,6,9,600
588,1644189007.4293556,1644189007.4404402,lock,64,120,6,9,600
589,1644189007.4404442,1644189007.4496074,lock,64,120,6,9,600
590,1644189007.449611,1644189007.458658,lock,64,120,6,9,600
591,1644189007.4586616,1644189007.467898,lock,64,120,6,9,600
592,1644189007.4679012,1644189007.4774177,lock,64,120,6,9,600
593,1644189007.477421,1644189007.486769,lock,64,120,6,9,600
594,1644189007.4867725,1644189007.495352,lock,64,120,6,9,600
595,1644189007.4953563,1644189007.5047114,lock,64,120,6,9,600
596,1644189007.504715,1644189007.5140655,lock,64,120,6,9,600
597,1644189007.514069,1644189007.52312,lock,64,120,6,9,600
598,1644189007.5231245,1644189007.5324292,lock,64,120,6,9,600
599,1644189007.532433,1644189007.5410936,lock,64,120,6,9,600
600,1644189001.804418,-1.0,lock,64,120,6,9,600
601,1644189007.5410972,-2.0,lock,64,120,6,9,600
